{"features.0": {"sample_kurtosis": 4.758183167227809, "quant_sqnr": 19.996383228687186, "quant_mse": 0.00013698537077289075, "quant_sparsity": 0.2363550364971161, "pruning_sqnr": 10.894695829236362, "pruning_mse": 0.0011138916015625, "pruning_sqnr_corrected": 8.839111536362791, "pruning_mse_corrected": 0.0017881393432617188}, "features.3": {"sample_kurtosis": 40.952534310245184, "quant_sqnr": 14.707521336049616, "quant_mse": 7.529199501732364e-05, "quant_sparsity": 0.268938809633255, "pruning_sqnr": 10.606048137961386, "pruning_mse": 0.00019359588623046875, "pruning_sqnr_corrected": 8.582265667046322, "pruning_mse_corrected": 0.0003085136413574219}, "features.6": {"sample_kurtosis": 5.941930209995478, "quant_sqnr": 17.88211843975049, "quant_mse": 2.0127657990087755e-05, "quant_sparsity": 0.1587667614221573, "pruning_sqnr": 8.307197978282572, "pruning_mse": 0.0001825094223022461, "pruning_sqnr_corrected": 7.201278885640391, "pruning_mse_corrected": 0.00023543834686279297}, "features.8": {"sample_kurtosis": 1.8188216447036742, "quant_sqnr": 20.215971717401032, "quant_mse": 7.345473022724036e-06, "quant_sparsity": 0.11826013773679733, "pruning_sqnr": 7.461007120270242, "pruning_mse": 0.0001385211944580078, "pruning_sqnr_corrected": 6.661104339671542, "pruning_mse_corrected": 0.0001665353775024414}, "features.10": {"sample_kurtosis": 1.0639024823353056, "quant_sqnr": 21.781156558689375, "quant_mse": 4.730375621875282e-06, "quant_sparsity": 0.0985734760761261, "pruning_sqnr": 7.286480108728018, "pruning_mse": 0.00013315677642822266, "pruning_sqnr_corrected": 6.617567682758262, "pruning_mse_corrected": 0.00015532970428466797}, "classifier.1": {"sample_kurtosis": -3.0, "quant_sqnr": 23.96301489099169, "quant_mse": 3.5227873240728513e-07, "quant_sparsity": 0.08288415521383286, "pruning_sqnr": 7.025249585530617, "pruning_mse": 1.7404556274414062e-05, "pruning_sqnr_corrected": 6.467697262974438, "pruning_mse_corrected": 1.9788742065429688e-05}, "classifier.4": {"sample_kurtosis": 0.2217261024625139, "quant_sqnr": 23.731219965840765, "quant_mse": 5.876802333659725e-07, "quant_sparsity": 0.09806603193283081, "pruning_sqnr": 7.5208575994471625, "pruning_mse": 2.4557113647460938e-05, "pruning_sqnr_corrected": 6.812412373755872, "pruning_mse_corrected": 2.8908252716064453e-05}, "classifier.6": {"sample_kurtosis": 1.85249664491647, "quant_sqnr": 20.814087551698876, "quant_mse": 2.905685960286064e-06, "quant_sparsity": 0.15512427687644958, "pruning_sqnr": 8.333665303609289, "pruning_mse": 5.143880844116211e-05, "pruning_sqnr_corrected": 7.17838935560811, "pruning_mse_corrected": 6.711483001708984e-05}}