{"features.0": {"sample_kurtosis": 4.758183167227809, "quant_sqnr": 35.304514922242596, "quant_mse": 4.035162419313565e-06, "quant_sparsity": 0.046315427869558334, "pruning_sqnr": 16.463674154934047, "pruning_mse": 0.000308990478515625, "pruning_sqnr_corrected": 15.72864037214774, "pruning_mse_corrected": 0.00036597251892089844}, "features.3": {"sample_kurtosis": 40.952534310245184, "quant_sqnr": 22.33617998080316, "quant_mse": 1.2998191778024193e-05, "quant_sparsity": 0.1306445300579071, "pruning_sqnr": 15.506181183370341, "pruning_mse": 6.264448165893555e-05, "pruning_sqnr_corrected": 13.689159182267932, "pruning_mse_corrected": 9.518861770629883e-05}, "features.6": {"sample_kurtosis": 5.941930209995478, "quant_sqnr": 29.00687204454559, "quant_mse": 1.553523702568782e-06, "quant_sparsity": 0.049563560634851456, "pruning_sqnr": 12.976086937434264, "pruning_mse": 6.22868537902832e-05, "pruning_sqnr_corrected": 12.29653778283964, "pruning_mse_corrected": 7.283687591552734e-05}, "features.8": {"sample_kurtosis": 1.8188216447036742, "quant_sqnr": 33.110167920017155, "quant_mse": 3.772247225697356e-07, "quant_sparsity": 0.02945963479578495, "pruning_sqnr": 12.049254749707313, "pruning_mse": 4.8160552978515625e-05, "pruning_sqnr_corrected": 11.644132159135909, "pruning_mse_corrected": 5.2869319915771484e-05}, "features.10": {"sample_kurtosis": 1.0639024823353056, "quant_sqnr": 36.30621750086104, "quant_mse": 1.6687432946582703e-07, "quant_sparsity": 0.02091301791369915, "pruning_sqnr": 11.86751582662703, "pruning_mse": 4.6372413635253906e-05, "pruning_sqnr_corrected": 11.57607853361668, "pruning_mse_corrected": 4.9591064453125e-05}, "classifier.1": {"sample_kurtosis": -3.0, "quant_sqnr": 39.234994587617365, "quant_mse": 1.0463776511926426e-08, "quant_sparsity": 0.013751639053225517, "pruning_sqnr": 11.593076382395626, "pruning_mse": 6.079673767089844e-06, "pruning_sqnr_corrected": 11.426019447367096, "pruning_mse_corrected": 6.318092346191406e-06}, "classifier.4": {"sample_kurtosis": 0.2217261024625139, "quant_sqnr": 38.24138775347781, "quant_mse": 2.080292027528685e-08, "quant_sparsity": 0.015514731407165527, "pruning_sqnr": 12.464090447720011, "pruning_mse": 7.867813110351562e-06, "pruning_sqnr_corrected": 12.20854940299613, "pruning_mse_corrected": 8.344650268554688e-06}, "classifier.6": {"sample_kurtosis": 1.85249664491647, "quant_sqnr": 35.06750972503536, "quant_mse": 1.0912052772482639e-07, "quant_sparsity": 0.030793946236371994, "pruning_sqnr": 13.364080352017327, "pruning_mse": 1.615285873413086e-05, "pruning_sqnr_corrected": 12.908108304822951, "pruning_mse_corrected": 1.7940998077392578e-05}}