{"features.0": {"sample_kurtosis": 4.758183167227809, "quant_sqnr": 15.193298391898232, "quant_mse": 0.00041398315806873143, "quant_sparsity": 0.36682161688804626, "pruning_sqnr": 9.153659451034684, "pruning_mse": 0.0016632080078125, "pruning_sqnr_corrected": 6.558531634822654, "pruning_mse_corrected": 0.0030231475830078125}, "features.3": {"sample_kurtosis": 40.952534310245184, "quant_sqnr": 11.65005545978758, "quant_mse": 0.00015222829824779183, "quant_sparsity": 0.40049153566360474, "pruning_sqnr": 9.10218954975359, "pruning_mse": 0.00027370452880859375, "pruning_sqnr_corrected": 6.628787960039677, "pruning_mse_corrected": 0.0004837512969970703}, "features.6": {"sample_kurtosis": 5.941930209995478, "quant_sqnr": 14.341722723594623, "quant_mse": 4.54812943644356e-05, "quant_sparsity": 0.23331253230571747, "pruning_sqnr": 6.91824381986009, "pruning_mse": 0.0002512931823730469, "pruning_sqnr_corrected": 5.645228310139783, "pruning_mse_corrected": 0.0003368854522705078}, "features.8": {"sample_kurtosis": 1.8188216447036742, "quant_sqnr": 16.250391007488428, "quant_mse": 1.8305341654922813e-05, "quant_sparsity": 0.17472556233406067, "pruning_sqnr": 6.118259252189802, "pruning_mse": 0.00018870830535888672, "pruning_sqnr_corrected": 5.201600783494504, "pruning_mse_corrected": 0.00023305416107177734}, "features.10": {"sample_kurtosis": 1.0639024823353056, "quant_sqnr": 17.26979402023522, "quant_mse": 1.3366936400416307e-05, "quant_sparsity": 0.1613854318857193, "pruning_sqnr": 5.942865315538568, "pruning_mse": 0.00018143653869628906, "pruning_sqnr_corrected": 5.102342885481694, "pruning_mse_corrected": 0.00022017955780029297}, "classifier.1": {"sample_kurtosis": -3.0, "quant_sqnr": 18.9119114136594, "quant_mse": 1.127189079852542e-06, "quant_sparsity": 0.14149703085422516, "pruning_sqnr": 5.69117303238365, "pruning_mse": 2.3663043975830078e-05, "pruning_sqnr_corrected": 4.958099520657626, "pruning_mse_corrected": 2.8014183044433594e-05}, "classifier.4": {"sample_kurtosis": 0.2217261024625139, "quant_sqnr": 18.60313047877414, "quant_mse": 1.9140356926072855e-06, "quant_sparsity": 0.17311829328536987, "pruning_sqnr": 6.08828354010461, "pruning_mse": 3.415346145629883e-05, "pruning_sqnr_corrected": 5.120699536699953, "pruning_mse_corrected": 4.267692565917969e-05}, "classifier.6": {"sample_kurtosis": 1.85249664491647, "quant_sqnr": 16.151261022679705, "quant_mse": 8.502200216753408e-06, "quant_sparsity": 0.2308965027332306, "pruning_sqnr": 6.848010481418076, "pruning_mse": 7.241964340209961e-05, "pruning_sqnr_corrected": 5.51104472504691, "pruning_mse_corrected": 9.85264778137207e-05}}