{"features.0": {"sample_kurtosis": 4.758183167227809, "quant_sqnr": 30.05384385135754, "quant_mse": 1.3518488231056836e-05, "quant_sparsity": 0.08397899568080902, "pruning_sqnr": 14.521186683349704, "pruning_mse": 0.0004832744598388672, "pruning_sqnr_corrected": 13.429980056514134, "pruning_mse_corrected": 0.0006213188171386719}, "features.3": {"sample_kurtosis": 40.952534310245184, "quant_sqnr": 19.79212844180457, "quant_mse": 2.335006502107717e-05, "quant_sparsity": 0.13760091364383698, "pruning_sqnr": 13.763211819560423, "pruning_mse": 9.357929229736328e-05, "pruning_sqnr_corrected": 12.204245274682528, "pruning_mse_corrected": 0.00013399124145507812}, "features.6": {"sample_kurtosis": 5.941930209995478, "quant_sqnr": 25.051168762216797, "quant_mse": 3.862675384880276e-06, "quant_sparsity": 0.07324671000242233, "pruning_sqnr": 11.303337684950062, "pruning_mse": 9.1552734375e-05, "pruning_sqnr_corrected": 10.497880730313263, "pruning_mse_corrected": 0.00011020898818969727}, "features.8": {"sample_kurtosis": 1.8188216447036742, "quant_sqnr": 28.587156082626887, "quant_mse": 1.0688120255508693e-06, "quant_sparsity": 0.0481160469353199, "pruning_sqnr": 10.39352091117387, "pruning_mse": 7.051229476928711e-05, "pruning_sqnr_corrected": 9.868555700447232, "pruning_mse_corrected": 7.957220077514648e-05}, "features.10": {"sample_kurtosis": 1.0639024823353056, "quant_sqnr": 31.25402228746786, "quant_mse": 5.340833695299807e-07, "quant_sparsity": 0.0365142822265625, "pruning_sqnr": 10.212074555732917, "pruning_mse": 6.788969039916992e-05, "pruning_sqnr_corrected": 9.815165943059869, "pruning_mse_corrected": 7.43865966796875e-05}, "classifier.1": {"sample_kurtosis": -3.0, "quant_sqnr": 33.922513791459565, "quant_mse": 3.555793526288653e-08, "quant_sparsity": 0.02770884893834591, "pruning_sqnr": 9.94721541589206, "pruning_mse": 8.881092071533203e-06, "pruning_sqnr_corrected": 9.637878273455552, "pruning_mse_corrected": 9.5367431640625e-06}, "classifier.4": {"sample_kurtosis": 0.2217261024625139, "quant_sqnr": 33.82617565681919, "quant_mse": 5.749704357072005e-08, "quant_sparsity": 0.03128021955490112, "pruning_sqnr": 10.681298995681443, "pruning_mse": 1.1861324310302734e-05, "pruning_sqnr_corrected": 10.305232421293214, "pruning_mse_corrected": 1.2934207916259766e-05}, "classifier.6": {"sample_kurtosis": 1.85249664491647, "quant_sqnr": 30.3224362469529, "quant_mse": 3.253971954109147e-07, "quant_sparsity": 0.05157763883471489, "pruning_sqnr": 11.555355042000691, "pruning_mse": 2.4497509002685547e-05, "pruning_sqnr_corrected": 10.935989844020535, "pruning_mse_corrected": 2.8252601623535156e-05}}