{"features.0": {"sample_kurtosis": 4.758183167227809, "quant_sqnr": 25.045612934141754, "quant_mse": 4.283031012164429e-05, "quant_sparsity": 0.14157196879386902, "pruning_sqnr": 12.67891003604792, "pruning_mse": 0.0007386207580566406, "pruning_sqnr_corrected": 11.159147332765261, "pruning_mse_corrected": 0.0010480880737304688}, "features.3": {"sample_kurtosis": 40.952534310245184, "quant_sqnr": 17.445349705394612, "quant_mse": 4.008353062090464e-05, "quant_sparsity": 0.19232748448848724, "pruning_sqnr": 12.146671146221946, "pruning_mse": 0.00013577938079833984, "pruning_sqnr_corrected": 10.374334757357847, "pruning_mse_corrected": 0.00020420551300048828}, "features.6": {"sample_kurtosis": 5.941930209995478, "quant_sqnr": 21.424893908040055, "quant_mse": 8.902576155378483e-06, "quant_sparsity": 0.10687030106782913, "pruning_sqnr": 9.758844343781679, "pruning_mse": 0.00013065338134765625, "pruning_sqnr_corrected": 8.818368633231835, "pruning_mse_corrected": 0.00016224384307861328}, "features.8": {"sample_kurtosis": 1.8188216447036742, "quant_sqnr": 24.29809797540042, "quant_mse": 2.8695060336758615e-06, "quant_sparsity": 0.0754937082529068, "pruning_sqnr": 8.878037731392316, "pruning_mse": 9.995698928833008e-05, "pruning_sqnr_corrected": 8.225249966276959, "pruning_mse_corrected": 0.00011616945266723633}, "features.10": {"sample_kurtosis": 1.0639024823353056, "quant_sqnr": 26.378937562248687, "quant_mse": 1.6410338048444828e-06, "quant_sparsity": 0.0588361956179142, "pruning_sqnr": 8.698276492663403, "pruning_mse": 9.620189666748047e-05, "pruning_sqnr_corrected": 8.188545502802606, "pruning_mse_corrected": 0.00010818243026733398}, "classifier.1": {"sample_kurtosis": -3.0, "quant_sqnr": 28.944906564255042, "quant_mse": 1.1186578063870911e-07, "quant_sparsity": 0.04817758873105049, "pruning_sqnr": 8.436253547037873, "pruning_mse": 1.2576580047607422e-05, "pruning_sqnr_corrected": 8.024198251105805, "pruning_mse_corrected": 1.3828277587890625e-05}, "classifier.4": {"sample_kurtosis": 0.2217261024625139, "quant_sqnr": 28.79788794275903, "quant_mse": 1.8300977444596356e-07, "quant_sparsity": 0.055508315563201904, "pruning_sqnr": 9.045849780788947, "pruning_mse": 1.728534698486328e-05, "pruning_sqnr_corrected": 8.524352233175648, "pruning_mse_corrected": 1.9490718841552734e-05}, "classifier.6": {"sample_kurtosis": 1.85249664491647, "quant_sqnr": 25.593242985932637, "quant_mse": 9.667921858635964e-07, "quant_sparsity": 0.09011474996805191, "pruning_sqnr": 9.89060013935987, "pruning_mse": 3.594160079956055e-05, "pruning_sqnr_corrected": 9.03681266160068, "pruning_mse_corrected": 4.374980926513672e-05}}