{"features.0": {"sample_kurtosis": 4.758183167227809, "quant_sqnr": 6.348616963360463, "quant_mse": 0.0031728593166917562, "quant_sparsity": 0.6625775098800659, "pruning_sqnr": 5.555043651653331, "pruning_mse": 0.0038089752197265625, "pruning_sqnr_corrected": 2.632616087140533, "pruning_mse_corrected": 0.007465362548828125}, "features.3": {"sample_kurtosis": 40.952534310245184, "quant_sqnr": 5.418935330700167, "quant_mse": 0.0006391567876562476, "quant_sparsity": 0.6139550805091858, "pruning_sqnr": 5.965133708280961, "pruning_mse": 0.0005636215209960938, "pruning_sqnr_corrected": 3.544211544181588, "pruning_mse_corrected": 0.00098419189453125}, "features.6": {"sample_kurtosis": 5.941930209995478, "quant_sqnr": 6.811224128776362, "quant_mse": 0.00025756252580322325, "quant_sparsity": 0.5053379535675049, "pruning_sqnr": 4.160302097381013, "pruning_mse": 0.0004742145538330078, "pruning_sqnr_corrected": 2.61958766351508, "pruning_mse_corrected": 0.0006761550903320312}, "features.8": {"sample_kurtosis": 1.8188216447036742, "quant_sqnr": 7.549030783735525, "quant_mse": 0.00013574188051279634, "quant_sparsity": 0.3920389711856842, "pruning_sqnr": 3.498083132983175, "pruning_mse": 0.00034499168395996094, "pruning_sqnr_corrected": 2.4169887253451168, "pruning_mse_corrected": 0.0004425048828125}, "features.10": {"sample_kurtosis": 1.0639024823353056, "quant_sqnr": 7.880014676757732, "quant_mse": 0.00011614748655119911, "quant_sparsity": 0.4308370053768158, "pruning_sqnr": 3.3422141492396227, "pruning_mse": 0.00033020973205566406, "pruning_sqnr_corrected": 2.1655534413936333, "pruning_mse_corrected": 0.0004329681396484375}, "classifier.1": {"sample_kurtosis": -3.0, "quant_sqnr": 8.029923929622857, "quant_mse": 1.381005859002471e-05, "quant_sparsity": 0.46334564685821533, "pruning_sqnr": 3.1178336575917975, "pruning_mse": 4.279613494873047e-05, "pruning_sqnr_corrected": 1.8744991772538, "pruning_mse_corrected": 5.698204040527344e-05}, "classifier.4": {"sample_kurtosis": 0.2217261024625139, "quant_sqnr": 8.21709617896711, "quant_mse": 2.091960413963534e-05, "quant_sparsity": 0.42815864086151123, "pruning_sqnr": 3.319536937754828, "pruning_mse": 6.461143493652344e-05, "pruning_sqnr_corrected": 2.098285360715693, "pruning_mse_corrected": 8.559226989746094e-05}, "classifier.6": {"sample_kurtosis": 1.85249664491647, "quant_sqnr": 6.541706432475502, "quant_mse": 7.771176751703024e-05, "quant_sparsity": 0.5056892037391663, "pruning_sqnr": 3.9426264138391347, "pruning_mse": 0.00014138221740722656, "pruning_sqnr_corrected": 2.3560526769142047, "pruning_mse_corrected": 0.00020372867584228516}}