{"features.0": {"sample_kurtosis": 4.758183167227809, "quant_sqnr": 10.694936846557713, "quant_mse": 0.0011663229670375586, "quant_sparsity": 0.5164428353309631, "pruning_sqnr": 7.402719183617359, "pruning_mse": 0.0024890899658203125, "pruning_sqnr_corrected": 4.445995170186514, "pruning_mse_corrected": 0.004917144775390625}, "features.3": {"sample_kurtosis": 40.952534310245184, "quant_sqnr": 8.502859798760324, "quant_mse": 0.000314206350594759, "quant_sparsity": 0.540794312953949, "pruning_sqnr": 7.57973238633356, "pruning_mse": 0.0003886222839355469, "pruning_sqnr_corrected": 4.844394165557338, "pruning_mse_corrected": 0.0007295608520507812}, "features.6": {"sample_kurtosis": 5.941930209995478, "quant_sqnr": 10.698360630291468, "quant_mse": 0.00010523713717702776, "quant_sparsity": 0.3542872369289398, "pruning_sqnr": 5.553986617690427, "pruning_mse": 0.0003440380096435547, "pruning_sqnr_corrected": 4.0716895494932395, "pruning_mse_corrected": 0.0004839897155761719}, "features.8": {"sample_kurtosis": 1.8188216447036742, "quant_sqnr": 12.122107397017833, "quant_mse": 4.7359400923596695e-05, "quant_sparsity": 0.26776236295700073, "pruning_sqnr": 4.8089306673214525, "pruning_mse": 0.0002551078796386719, "pruning_sqnr_corrected": 3.760997368405886, "pruning_mse_corrected": 0.0003247261047363281}, "features.10": {"sample_kurtosis": 1.0639024823353056, "quant_sqnr": 12.718267611891276, "quant_mse": 3.812277645920403e-05, "quant_sparsity": 0.2607523500919342, "pruning_sqnr": 4.641007447271514, "pruning_mse": 0.0002448558807373047, "pruning_sqnr_corrected": 3.627312122403496, "pruning_mse_corrected": 0.00030922889709472656}, "classifier.1": {"sample_kurtosis": -3.0, "quant_sqnr": 13.753210208726625, "quant_mse": 3.6971484860259807e-06, "quant_sparsity": 0.24402578175067902, "pruning_sqnr": 4.403665529729237, "pruning_mse": 3.1828880310058594e-05, "pruning_sqnr_corrected": 3.4639428159670693, "pruning_mse_corrected": 3.9517879486083984e-05}, "classifier.4": {"sample_kurtosis": 0.2217261024625139, "quant_sqnr": 13.350968429605192, "quant_mse": 6.414550625777338e-06, "quant_sparsity": 0.3059879541397095, "pruning_sqnr": 4.699059727684306, "pruning_mse": 4.70280647277832e-05, "pruning_sqnr_corrected": 3.4331905778005742, "pruning_mse_corrected": 6.29425048828125e-05}, "classifier.6": {"sample_kurtosis": 1.85249664491647, "quant_sqnr": 11.427553088832665, "quant_mse": 2.522912109270692e-05, "quant_sparsity": 0.36881789565086365, "pruning_sqnr": 5.402076235370376, "pruning_mse": 0.00010102987289428711, "pruning_sqnr_corrected": 3.784422189727593, "pruning_mse_corrected": 0.00014662742614746094}}