{"conv1.conv": {"sample_kurtosis": 4.72084163374309, "quant_sqnr": 26.176667852366172, "quant_mse": 9.619641059543937e-05, "quant_sparsity": 0.14540815353393555, "pruning_sqnr": 13.537845835545347, "pruning_mse": 0.001766204833984375, "pruning_sqnr_corrected": 11.955654208226099, "pruning_mse_corrected": 0.0025424957275390625}, "conv2.conv": {"sample_kurtosis": 12.126517483611151, "quant_sqnr": 22.203358853380188, "quant_mse": 0.0002555885002948344, "quant_sparsity": 0.23779296875, "pruning_sqnr": 14.553525099574909, "pruning_mse": 0.00148773193359375, "pruning_sqnr_corrected": 11.88180781554477, "pruning_mse_corrected": 0.0027523040771484375}, "conv3.conv": {"sample_kurtosis": 10.929143811097005, "quant_sqnr": 20.2761183816088, "quant_mse": 4.2741776269394904e-05, "quant_sparsity": 0.1625705361366272, "pruning_sqnr": 11.469472018725087, "pruning_mse": 0.0003247261047363281, "pruning_sqnr_corrected": 9.964680266607592, "pruning_mse_corrected": 0.0004591941833496094}, "inception3a.branch1.conv": {"sample_kurtosis": 8.471995817329928, "quant_sqnr": 22.23284448359334, "quant_mse": 5.087219687993638e-05, "quant_sparsity": 0.1552734375, "pruning_sqnr": 11.689685491793325, "pruning_mse": 0.0005764961242675781, "pruning_sqnr_corrected": 10.209459286618303, "pruning_mse_corrected": 0.0008106231689453125}, "inception3a.branch2.0.conv": {"sample_kurtosis": 11.153846153846153, "quant_sqnr": 20.887812498048824, "quant_mse": 5.192724711378105e-05, "quant_sparsity": 0.1552191823720932, "pruning_sqnr": 10.943979938879027, "pruning_mse": 0.0005125999450683594, "pruning_sqnr_corrected": 9.537876487149704, "pruning_mse_corrected": 0.0007085800170898438}, "inception3a.branch2.1.conv": {"sample_kurtosis": 8.926897120503975, "quant_sqnr": 20.82467470233372, "quant_mse": 1.6910536942305043e-05, "quant_sparsity": 0.1280653178691864, "pruning_sqnr": 10.431433122841174, "pruning_mse": 0.00018513202667236328, "pruning_sqnr_corrected": 9.293936061117844, "pruning_mse_corrected": 0.00024056434631347656}, "inception3a.branch3.0.conv": {"sample_kurtosis": 5.337396357027995, "quant_sqnr": 26.339478929881093, "quant_mse": 1.4524163816531654e-05, "quant_sparsity": 0.1070963591337204, "pruning_sqnr": 11.81909836817131, "pruning_mse": 0.0004112720489501953, "pruning_sqnr_corrected": 10.818391153096146, "pruning_mse_corrected": 0.0005178451538085938}, "inception3a.branch3.1.conv": {"sample_kurtosis": 19.224489795918366, "quant_sqnr": 21.123332133949585, "quant_mse": 5.280890400172211e-05, "quant_sparsity": 0.2712673544883728, "pruning_sqnr": 15.224449904340602, "pruning_mse": 0.0002053976058959961, "pruning_sqnr_corrected": 12.506047317988894, "pruning_mse_corrected": 0.0003840923309326172}, "inception3a.branch4.1.conv": {"sample_kurtosis": 30.271512951021123, "quant_sqnr": 19.479277506147223, "quant_mse": 8.945315494202077e-05, "quant_sparsity": 0.2615559995174408, "pruning_sqnr": 13.414841163226516, "pruning_mse": 0.00036144256591796875, "pruning_sqnr_corrected": 10.92108262066747, "pruning_mse_corrected": 0.0006418228149414062}, "inception3b.branch1.conv": {"sample_kurtosis": 14.091789032574308, "quant_sqnr": 19.854288785634527, "quant_mse": 4.6352062781807035e-05, "quant_sparsity": 0.179718017578125, "pruning_sqnr": 11.333356691543692, "pruning_mse": 0.00032973289489746094, "pruning_sqnr_corrected": 9.670898986023815, "pruning_mse_corrected": 0.00048351287841796875}, "inception3b.branch2.0.conv": {"sample_kurtosis": 5.92140511870374, "quant_sqnr": 22.619469248799916, "quant_mse": 2.439650779706426e-05, "quant_sparsity": 0.117828369140625, "pruning_sqnr": 10.861091342048027, "pruning_mse": 0.0003657341003417969, "pruning_sqnr_corrected": 9.779093997224422, "pruning_mse_corrected": 0.000469207763671875}, "inception3b.branch2.1.conv": {"sample_kurtosis": 2.2942914059952617, "quant_sqnr": 24.62251632615247, "quant_mse": 4.329167040850734e-06, "quant_sparsity": 0.07722529768943787, "pruning_sqnr": 9.475294356247055, "pruning_mse": 0.00014162063598632812, "pruning_sqnr_corrected": 8.793310760157851, "pruning_mse_corrected": 0.00016570091247558594}, "inception3b.branch3.0.conv": {"sample_kurtosis": 3.6948892310606816, "quant_sqnr": 24.30457272218699, "quant_mse": 1.6536578186787665e-05, "quant_sparsity": 0.1024169921875, "pruning_sqnr": 10.452207382686748, "pruning_mse": 0.00040149688720703125, "pruning_sqnr_corrected": 9.518323311020808, "pruning_mse_corrected": 0.0004978179931640625}, "inception3b.branch3.1.conv": {"sample_kurtosis": 2.101814593529343, "quant_sqnr": 25.408163502054002, "quant_mse": 6.533722626045346e-06, "quant_sparsity": 0.0779079869389534, "pruning_sqnr": 9.696112062975642, "pruning_mse": 0.0002434253692626953, "pruning_sqnr_corrected": 9.001801303311819, "pruning_mse_corrected": 0.0002856254577636719}, "inception3b.branch4.1.conv": {"sample_kurtosis": 17.386096935458863, "quant_sqnr": 18.563394685470044, "quant_mse": 5.419180524768308e-05, "quant_sparsity": 0.18743896484375, "pruning_sqnr": 11.373860303154832, "pruning_mse": 0.0002837181091308594, "pruning_sqnr_corrected": 9.664344109122132, "pruning_mse_corrected": 0.00042057037353515625}, "inception4a.branch1.conv": {"sample_kurtosis": 7.538219686138881, "quant_sqnr": 21.169853312330833, "quant_mse": 1.8896645997301675e-05, "quant_sparsity": 0.13076172769069672, "pruning_sqnr": 10.501230475808319, "pruning_mse": 0.00022041797637939453, "pruning_sqnr_corrected": 9.332445927595735, "pruning_mse_corrected": 0.0002884864807128906}, "inception4a.branch2.0.conv": {"sample_kurtosis": 7.00233287046221, "quant_sqnr": 22.291679475469127, "quant_mse": 1.597903246874921e-05, "quant_sparsity": 0.1304253488779068, "pruning_sqnr": 11.021019947076958, "pruning_mse": 0.00021409988403320312, "pruning_sqnr_corrected": 9.83864526279911, "pruning_mse_corrected": 0.0002810955047607422}, "inception4a.branch2.1.conv": {"sample_kurtosis": 4.479554458161865, "quant_sqnr": 22.741540947821225, "quant_mse": 6.868543550808681e-06, "quant_sparsity": 0.09891938418149948, "pruning_sqnr": 9.804787414776719, "pruning_mse": 0.00013506412506103516, "pruning_sqnr_corrected": 8.932588779406018, "pruning_mse_corrected": 0.00016510486602783203}, "inception4a.branch3.0.conv": {"sample_kurtosis": 55.488300928896955, "quant_sqnr": 16.947807197154965, "quant_mse": 7.422173075610772e-05, "quant_sparsity": 0.3285156488418579, "pruning_sqnr": 13.472384670355899, "pruning_mse": 0.0001652240753173828, "pruning_sqnr_corrected": 10.421539871555689, "pruning_mse_corrected": 0.00033354759216308594}, "inception4a.branch3.1.conv": {"sample_kurtosis": 14.814375414592256, "quant_sqnr": 20.688158273487783, "quant_mse": 6.416982796508819e-05, "quant_sparsity": 0.1966145783662796, "pruning_sqnr": 12.987773403815977, "pruning_mse": 0.00037789344787597656, "pruning_sqnr_corrected": 11.06461451574164, "pruning_mse_corrected": 0.0005884170532226562}, "inception4a.branch4.1.conv": {"sample_kurtosis": 13.951774246311185, "quant_sqnr": 19.4560527596064, "quant_mse": 4.16803959524259e-05, "quant_sparsity": 0.1621093899011612, "pruning_sqnr": 10.833686129051001, "pruning_mse": 0.00030350685119628906, "pruning_sqnr_corrected": 9.37045673383401, "pruning_mse_corrected": 0.00042510032653808594}, "inception4b.branch1.conv": {"sample_kurtosis": 7.30282196944245, "quant_sqnr": 21.01585013999791, "quant_mse": 2.2175165213411674e-05, "quant_sparsity": 0.12879638373851776, "pruning_sqnr": 10.338822386959055, "pruning_mse": 0.00025916099548339844, "pruning_sqnr_corrected": 9.184355519351524, "pruning_mse_corrected": 0.0003380775451660156}, "inception4b.branch2.0.conv": {"sample_kurtosis": 8.685290275467565, "quant_sqnr": 22.44454380533819, "quant_mse": 1.709938260319177e-05, "quant_sparsity": 0.1304234117269516, "pruning_sqnr": 10.889473542391919, "pruning_mse": 0.0002446174621582031, "pruning_sqnr_corrected": 9.72018702346274, "pruning_mse_corrected": 0.00032019615173339844}, "inception4b.branch2.1.conv": {"sample_kurtosis": 4.015523664283056, "quant_sqnr": 23.03734028434382,