{"conv1.conv": {"sample_kurtosis": 4.72084163374309, "quant_sqnr": 31.695805760557118, "quant_mse": 2.699262222449761e-05, "quant_sparsity": 0.07748724520206451, "pruning_sqnr": 15.404385189895631, "pruning_mse": 0.0011491775512695312, "pruning_sqnr_corrected": 14.381557222176456, "pruning_mse_corrected": 0.0014543533325195312}, "conv2.conv": {"sample_kurtosis": 12.126517483611151, "quant_sqnr": 27.746883757523, "quant_mse": 7.13163026375696e-05, "quant_sparsity": 0.13427734375, "pruning_sqnr": 16.454476377583344, "pruning_mse": 0.0009603500366210938, "pruning_sqnr_corrected": 14.672053367524908, "pruning_mse_corrected": 0.0014476776123046875}, "conv3.conv": {"sample_kurtosis": 10.929143811097005, "quant_sqnr": 24.454120199835184, "quant_mse": 1.6332489394699223e-05, "quant_sparsity": 0.10591182112693787, "pruning_sqnr": 13.093847185614969, "pruning_mse": 0.00022339820861816406, "pruning_sqnr_corrected": 11.880530030732114, "pruning_mse_corrected": 0.00029540061950683594}, "inception3a.branch1.conv": {"sample_kurtosis": 8.471995817329928, "quant_sqnr": 27.574444606809795, "quant_mse": 1.4870325685478747e-05, "quant_sparsity": 0.0845540389418602, "pruning_sqnr": 13.354676383429885, "pruning_mse": 0.000392913818359375, "pruning_sqnr_corrected": 12.3603509463089, "pruning_mse_corrected": 0.0004940032958984375}, "inception3a.branch2.0.conv": {"sample_kurtosis": 11.153846153846153, "quant_sqnr": 25.85662640488343, "quant_mse": 1.6539177522645332e-05, "quant_sparsity": 0.0951605886220932, "pruning_sqnr": 12.53941756051332, "pruning_mse": 0.00035500526428222656, "pruning_sqnr_corrected": 11.464857607575025, "pruning_mse_corrected": 0.0004546642303466797}, "inception3a.branch2.1.conv": {"sample_kurtosis": 8.926897120503975, "quant_sqnr": 24.640829178037187, "quant_mse": 7.0233118094620295e-06, "quant_sparsity": 0.08092809468507767, "pruning_sqnr": 11.988850298281278, "pruning_mse": 0.00012934207916259766, "pruning_sqnr_corrected": 11.091589384321459, "pruning_mse_corrected": 0.0001590251922607422}, "inception3a.branch3.0.conv": {"sample_kurtosis": 5.337396357027995, "quant_sqnr": 32.03944761379304, "quant_mse": 3.909257429768331e-06, "quant_sparsity": 0.0546875, "pruning_sqnr": 13.413310309422673, "pruning_mse": 0.0002849102020263672, "pruning_sqnr_corrected": 12.797649959695, "pruning_mse_corrected": 0.00032830238342285156}, "inception3a.branch3.1.conv": {"sample_kurtosis": 19.224489795918366, "quant_sqnr": 26.41149494242417, "quant_mse": 1.5627549146302044e-05, "quant_sparsity": 0.1547309011220932, "pruning_sqnr": 16.931505531536402, "pruning_mse": 0.0001386404037475586, "pruning_sqnr_corrected": 15.092873064395064, "pruning_mse_corrected": 0.0002117156982421875}, "inception3a.branch4.1.conv": {"sample_kurtosis": 30.271512951021123, "quant_sqnr": 24.92674206065525, "quant_mse": 2.551815123297274e-05, "quant_sparsity": 0.1490885466337204, "pruning_sqnr": 15.072429678257498, "pruning_mse": 0.0002467632293701172, "pruning_sqnr_corrected": 13.346625967822233, "pruning_mse_corrected": 0.00036716461181640625}, "inception3b.branch1.conv": {"sample_kurtosis": 14.091789032574308, "quant_sqnr": 24.639808420258326, "quant_mse": 1.539987169962842e-05, "quant_sparsity": 0.11212158203125, "pruning_sqnr": 12.971205140389985, "pruning_mse": 0.00022614002227783203, "pruning_sqnr_corrected": 11.676269954412986, "pruning_mse_corrected": 0.0003046989440917969}, "inception3b.branch2.0.conv": {"sample_kurtosis": 5.92140511870374, "quant_sqnr": 26.969434885361263, "quant_mse": 8.960476407082751e-06, "quant_sparsity": 0.075286865234375, "pruning_sqnr": 12.474488261185979, "pruning_mse": 0.0002522468566894531, "pruning_sqnr_corrected": 11.610082515513444, "pruning_mse_corrected": 0.0003077983856201172}, "inception3b.branch2.1.conv": {"sample_kurtosis": 2.2942914059952617, "quant_sqnr": 28.753154914960348, "quant_mse": 1.6724012539270916e-06, "quant_sparsity": 0.04807309806346893, "pruning_sqnr": 11.017008748630928, "pruning_mse": 9.930133819580078e-05, "pruning_sqnr_corrected": 10.485255519171968, "pruning_mse_corrected": 0.00011223554611206055}, "inception3b.branch3.0.conv": {"sample_kurtosis": 3.6948892310606816, "quant_sqnr": 29.2775021438438, "quant_mse": 5.262022568786051e-06, "quant_sparsity": 0.0623779296875, "pruning_sqnr": 12.052369000702676, "pruning_mse": 0.0002777576446533203, "pruning_sqnr_corrected": 11.345253706427929, "pruning_mse_corrected": 0.0003268718719482422}, "inception3b.branch3.1.conv": {"sample_kurtosis": 2.101814593529343, "quant_sqnr": 30.23791128380399, "quant_mse": 2.1487501271622023e-06, "quant_sparsity": 0.044126156717538834, "pruning_sqnr": 11.264620439641712, "pruning_mse": 0.00016963481903076172, "pruning_sqnr_corrected": 10.769062566552556, "pruning_mse_corrected": 0.0001901388168334961}, "inception3b.branch4.1.conv": {"sample_kurtosis": 17.386096935458863, "quant_sqnr": 23.004109425581454, "quant_mse": 1.9492257706588134e-05, "quant_sparsity": 0.13720703125, "pruning_sqnr": 12.985898345885733, "pruning_mse": 0.0001957416534423828, "pruning_sqnr_corrected": 11.436349795924848, "pruning_mse_corrected": 0.0002796649932861328}, "inception4a.branch1.conv": {"sample_kurtosis": 7.538219686138881, "quant_sqnr": 25.40054364125175, "quant_mse": 7.133714007068193e-06, "quant_sparsity": 0.08353950083255768, "pruning_sqnr": 12.074814118356183, "pruning_mse": 0.00015342235565185547, "pruning_sqnr_corrected": 11.14299271346805, "pruning_mse_corrected": 0.0001901388168334961}, "inception4a.branch2.0.conv": {"sample_kurtosis": 7.00233287046221, "quant_sqnr": 27.064769602767097, "quant_mse": 5.324041921994649e-06, "quant_sparsity": 0.08088108152151108, "pruning_sqnr": 12.608902847158305, "pruning_mse": 0.00014853477478027344, "pruning_sqnr_corrected": 11.69734459539236, "pruning_mse_corrected": 0.00018322467803955078}, "inception4a.branch2.1.conv": {"sample_kurtosis": 4.479554458161865, "quant_sqnr": 26.75286716594021, "quant_mse": 2.7272944862488657e-06, "quant_sparsity": 0.06074719503521919, "pruning_sqnr": 11.354354640234652, "pruning_mse": 9.453296661376953e-05, "pruning_sqnr_corrected": 10.68332228252146, "pruning_mse_corrected": 0.00011032819747924805}, "inception4a.branch3.0.conv": {"sample_kurtosis": 55.488300928896955, "quant_sqnr": 21.901955439003657, "quant_mse": 2.3720085664535873e-05, "quant_sparsity": 0.19934897124767303, "pruning_sqnr": 15.124224786712677, "pruning_mse": 0.00011295080184936523, "pruning_sqnr_corrected": 12.84881714655453, "pruning_mse_corrected": 0.00019073486328125}, "inception4a.branch3.1.conv": {"sample_kurtosis": 14.814375414592256, "quant_sqnr": 25.69482844811606, "quant_mse": 2.0261139070498757e-05, "quant_sparsity": 0.13035300374031067, "pruning_sqnr": 14.661878460846482, "pruning_mse": 0.0002570152282714844, "pruning_sqnr_corrected": 13.13264452080993, "pruning_mse_corrected": 0.0003654956817626953}, "inception4a.branch4.1.conv": {"sample_kurtosis": 13.951774246311185, "quant_sqnr": 24.107182172183464, "quant_mse": 1.4282982192526106e-05, "quant_sparsity": 0.1114908903837204, "pruning_sqnr": 12.41008451032662, "pruning_mse": 0.0002111196517944336, "pruning_sqnr_corrected": 11.174205537153208, "pruning_mse_corrected": 0.00028061866760253906}, "inception4b.branch1.conv": {"sample_kurtosis": 7.30282196944245, "quant_sqnr": 25.142298276712957, "quant_mse": 8.574761523050256e-06, "quant_sparsity": 0.08203125, "pruning_sqnr": 11.907291456078575, "pruning_mse": 0.0001806020736694336, "pruning_sqnr_corrected": 10.995324770673491, "pruning_mse_corrected": 0.00022280216217041016}, "inception4b.branch2.0.conv": {"sample_kurtosis": 8.685290275467565, "quant_sqnr": 27.577628234194968, "quant_mse": 5.244112344371388e-06, "quant_sparsity": 0.0751953125, "pruning_sqnr": 12.460924818880004, "pruning_mse": 0.0001703500747680664, "pruning_sqnr_corrected": 11.62075617538779, "pruning_mse_corrected": 0.0002067089080810547}, "inception4b.branch2.1.conv": {"sample_kurtosis": 4.015523664283056, "quant_sqnr": 27.37434944020555,