{"conv1.conv": {"sample_kurtosis": 4.72084163374309, "quant_sqnr": 20.723142666494656, "quant_mse": 0.00033768470166251063, "quant_sparsity": 0.24670492112636566, "pruning_sqnr": 11.717929154303757, "pruning_mse": 0.002685546875, "pruning_sqnr_corrected": 9.394611069057671, "pruning_mse_corrected": 0.00458526611328125}, "conv2.conv": {"sample_kurtosis": 12.126517483611151, "quant_sqnr": 17.131407278179026, "quant_mse": 0.0008217438589781523, "quant_sparsity": 0.36669921875, "pruning_sqnr": 12.671814853081266, "pruning_mse": 0.0022945404052734375, "pruning_sqnr_corrected": 9.338121154494154, "pruning_mse_corrected": 0.00494384765625}, "conv3.conv": {"sample_kurtosis": 10.929143811097005, "quant_sqnr": 16.505694727916293, "quant_mse": 0.00010183449921896681, "quant_sparsity": 0.23968279361724854, "pruning_sqnr": 9.926515088494925, "pruning_mse": 0.00046324729919433594, "pruning_sqnr_corrected": 8.115968302622612, "pruning_mse_corrected": 0.0007028579711914062}, "inception3a.branch1.conv": {"sample_kurtosis": 8.471995817329928, "quant_sqnr": 17.303657231274858, "quant_mse": 0.0001582702243467793, "quant_sparsity": 0.2532552182674408, "pruning_sqnr": 10.100974629301112, "pruning_mse": 0.0008311271667480469, "pruning_sqnr_corrected": 8.120621562098416, "pruning_mse_corrected": 0.0013113021850585938}, "inception3a.branch2.0.conv": {"sample_kurtosis": 11.153846153846153, "quant_sqnr": 16.41960564157288, "quant_mse": 0.00014528339670505375, "quant_sparsity": 0.2301432341337204, "pruning_sqnr": 9.436772440865283, "pruning_mse": 0.0007252693176269531, "pruning_sqnr_corrected": 7.7517084988057245, "pruning_mse_corrected": 0.0010690689086914062}, "inception3a.branch2.1.conv": {"sample_kurtosis": 8.926897120503975, "quant_sqnr": 17.00780680707117, "quant_mse": 4.0723414713284e-05, "quant_sparsity": 0.19690394401550293, "pruning_sqnr": 8.958582744080712, "pruning_mse": 0.0002598762512207031, "pruning_sqnr_corrected": 7.55459800484013, "pruning_mse_corrected": 0.0003590583801269531}, "inception3a.branch3.0.conv": {"sample_kurtosis": 5.337396357027995, "quant_sqnr": 20.710051796193593, "quant_mse": 5.30925826751627e-05, "quant_sparsity": 0.1943359375, "pruning_sqnr": 10.263537808652199, "pruning_mse": 0.0005884170532226562, "pruning_sqnr_corrected": 8.77869122115344, "pruning_mse_corrected": 0.0008282661437988281}, "inception3a.branch3.1.conv": {"sample_kurtosis": 19.224489795918366, "quant_sqnr": 16.12563230457307, "quant_mse": 0.00016690799384377897, "quant_sparsity": 0.4131944477558136, "pruning_sqnr": 13.552665665367714, "pruning_mse": 0.0003018379211425781, "pruning_sqnr_corrected": 9.986094826175213, "pruning_mse_corrected": 0.0006861686706542969}, "inception3a.branch4.1.conv": {"sample_kurtosis": 30.271512951021123, "quant_sqnr": 14.487896624001092, "quant_mse": 0.00028231486794538796, "quant_sparsity": 0.41064453125, "pruning_sqnr": 11.813427678063547, "pruning_mse": 0.000522613525390625, "pruning_sqnr_corrected": 8.594254859371123, "pruning_mse_corrected": 0.0010967254638671875}, "inception3b.branch1.conv": {"sample_kurtosis": 14.091789032574308, "quant_sqnr": 15.754109605834666, "quant_mse": 0.0001191480623674579, "quant_sparsity": 0.248565673828125, "pruning_sqnr": 9.790307640114886, "pruning_mse": 0.0004703998565673828, "pruning_sqnr_corrected": 7.9443861382410885, "pruning_mse_corrected": 0.0007195472717285156}, "inception3b.branch2.0.conv": {"sample_kurtosis": 5.92140511870374, "quant_sqnr": 18.44232339154456, "quant_mse": 6.383255822584033e-05, "quant_sparsity": 0.189910888671875, "pruning_sqnr": 9.342756027916225, "pruning_mse": 0.000518798828125, "pruning_sqnr_corrected": 7.942345654856341, "pruning_mse_corrected": 0.0007162094116210938}, "inception3b.branch2.1.conv": {"sample_kurtosis": 2.2942914059952617, "quant_sqnr": 20.432160047628937, "quant_mse": 1.1361612450855318e-05, "quant_sparsity": 0.12585900723934174, "pruning_sqnr": 8.027613500556255, "pruning_mse": 0.0001976490020751953, "pruning_sqnr_corrected": 7.154921275768716, "pruning_mse_corrected": 0.0002416372299194336}, "inception3b.branch3.0.conv": {"sample_kurtosis": 3.6948892310606816, "quant_sqnr": 19.60110087453687, "quant_mse": 4.8841931857168674e-05, "quant_sparsity": 0.165283203125, "pruning_sqnr": 8.946210682855467, "pruning_mse": 0.0005679130554199219, "pruning_sqnr_corrected": 7.7380410714503745, "pruning_mse_corrected": 0.0007500648498535156}, "inception3b.branch3.1.conv": {"sample_kurtosis": 2.101814593529343, "quant_sqnr": 20.74291837028321, "quant_mse": 1.912868901854381e-05, "quant_sparsity": 0.1265190988779068, "pruning_sqnr": 8.226939304126375, "pruning_mse": 0.0003414154052734375, "pruning_sqnr_corrected": 7.328775924171974, "pruning_mse_corrected": 0.00041985511779785156}, "inception3b.branch4.1.conv": {"sample_kurtosis": 17.386096935458863, "quant_sqnr": 15.09278904713188, "quant_mse": 0.00012050197983626276, "quant_sparsity": 0.26177978515625, "pruning_sqnr": 9.850462870943405, "pruning_mse": 0.0004029273986816406, "pruning_sqnr_corrected": 7.906715408944115, "pruning_mse_corrected": 0.0006303787231445312}, "inception4a.branch1.conv": {"sample_kurtosis": 7.538219686138881, "quant_sqnr": 17.27370635556498, "quant_mse": 4.634463039110415e-05, "quant_sparsity": 0.19599610567092896, "pruning_sqnr": 9.017526665144374, "pruning_mse": 0.0003101825714111328, "pruning_sqnr_corrected": 7.614818859670498, "pruning_mse_corrected": 0.0004284381866455078}, "inception4a.branch2.0.conv": {"sample_kurtosis": 7.00233287046221, "quant_sqnr": 17.89890205676135, "quant_mse": 4.393677954794839e-05, "quant_sparsity": 0.2084418386220932, "pruning_sqnr": 9.512327808209918, "pruning_mse": 0.00030303001403808594, "pruning_sqnr_corrected": 7.984201788140682, "pruning_mse_corrected": 0.00043082237243652344}, "inception4a.branch2.1.conv": {"sample_kurtosis": 4.479554458161865, "quant_sqnr": 18.66713567126055, "quant_mse": 1.7551134078530595e-05, "quant_sparsity": 0.15522614121437073, "pruning_sqnr": 8.352277364787131, "pruning_mse": 0.00018870830535888672, "pruning_sqnr_corrected": 7.269987279362623, "pruning_mse_corrected": 0.00024211406707763672}, "inception4a.branch3.0.conv": {"sample_kurtosis": 55.488300928896955, "quant_sqnr": 12.543999263549194, "quant_mse": 0.0002046029403572902, "quant_sparsity": 0.45820313692092896, "pruning_sqnr": 11.908038302015624, "pruning_mse": 0.00023686885833740234, "pruning_sqnr_corrected": 8.36175394750373, "pruning_mse_corrected": 0.0005359649658203125}, "inception4a.branch3.1.conv": {"sample_kurtosis": 14.814375414592256, "quant_sqnr": 16.207809833515768, "quant_mse": 0.00018003863806370646, "quant_sparsity": 0.31409144401550293, "pruning_sqnr": 11.355708024516742, "pruning_mse": 0.0005502700805664062, "pruning_sqnr_corrected": 8.834879503238891, "pruning_mse_corrected": 0.0009832382202148438}, "inception4a.branch4.1.conv": {"sample_kurtosis": 13.951774246311185, "quant_sqnr": 15.552454203871488, "quant_mse": 0.00010239805124001577, "quant_sparsity": 0.24309897422790527, "pruning_sqnr": 9.329245114554496, "pruning_mse": 0.0004291534423828125, "pruning_sqnr_corrected": 7.577994251717888, "pruning_mse_corrected": 0.0006422996520996094}, "inception4b.branch1.conv": {"sample_kurtosis": 7.30282196944245, "quant_sqnr": 17.23342563737663, "quant_mse": 5.297967800288461e-05, "quant_sparsity": 0.18183593451976776, "pruning_sqnr": 8.851365920839392, "pruning_mse": 0.0003650188446044922, "pruning_sqnr_corrected": 7.545612483602952, "pruning_mse_corrected": 0.0004930496215820312}, "inception4b.branch2.0.conv": {"sample_kurtosis": 8.685290275467565, "quant_sqnr": 17.607213163115595, "quant_mse": 5.208509901422076e-05, "quant_sparsity": 0.2191859781742096, "pruning_sqnr": 9.40527521781369, "pruning_mse": 0.00034427642822265625, "pruning_sqnr_corrected": 7.824491717938306, "pruning_mse_corrected": 0.0004954338073730469}, "inception4b.branch2.1.conv": {"sample_kurtosis": 4.015523664283056, "quant_sqnr": 18.815215493131817, "quant_mse": 1.3868393580196425e-05,