{"conv1.conv": {"sample_kurtosis": 4.72084163374309, "quant_sqnr": 6.569641937496598, "quant_mse": 0.008787421509623528, "quant_sparsity": 0.6938775181770325, "pruning_sqnr": 5.797171450090142, "pruning_mse": 0.010498046875, "pruning_sqnr_corrected": 2.5087546940124286, "pruning_mse_corrected": 0.0223846435546875}, "conv2.conv": {"sample_kurtosis": 12.126517483611151, "quant_sqnr": 6.3062440867678395, "quant_mse": 0.009936942718923092, "quant_sparsity": 0.763916015625, "pruning_sqnr": 7.03599802348257, "pruning_mse": 0.00839996337890625, "pruning_sqnr_corrected": 3.051079080844206, "pruning_mse_corrected": 0.021026611328125}, "conv3.conv": {"sample_kurtosis": 10.929143811097005, "quant_sqnr": 5.8622725420798165, "quant_mse": 0.001180965336970985, "quant_sparsity": 0.6163827180862427, "pruning_sqnr": 5.301533250119563, "pruning_mse": 0.0013437271118164062, "pruning_sqnr_corrected": 2.984913150544254, "pruning_mse_corrected": 0.0022907257080078125}, "inception3a.branch1.conv": {"sample_kurtosis": 8.471995817329928, "quant_sqnr": 5.915492797945379, "quant_mse": 0.00217879144474864, "quant_sparsity": 0.618408203125, "pruning_sqnr": 5.3272711472389345, "pruning_mse": 0.00249481201171875, "pruning_sqnr_corrected": 2.967664725328332, "pruning_mse_corrected": 0.00429534912109375}, "inception3a.branch2.0.conv": {"sample_kurtosis": 11.153846153846153, "quant_sqnr": 5.991926967677591, "quant_mse": 0.0016031857812777162, "quant_sparsity": 0.5555012822151184, "pruning_sqnr": 4.976219500661142, "pruning_mse": 0.002025604248046875, "pruning_sqnr_corrected": 3.0599939354877086, "pruning_mse_corrected": 0.0031490325927734375}, "inception3a.branch2.1.conv": {"sample_kurtosis": 8.926897120503975, "quant_sqnr": 5.962887266049888, "quant_mse": 0.0005180076113902032, "quant_sparsity": 0.5793005228042603, "pruning_sqnr": 4.68199484791262, "pruning_mse": 0.0006957054138183594, "pruning_sqnr_corrected": 2.773783541684798, "pruning_mse_corrected": 0.001079559326171875}, "inception3a.branch3.0.conv": {"sample_kurtosis": 5.337396357027995, "quant_sqnr": 6.192495440487643, "quant_mse": 0.001502413535490632, "quant_sparsity": 0.6162109375, "pruning_sqnr": 5.553760761059681, "pruning_mse": 0.0017404556274414062, "pruning_sqnr_corrected": 3.125760622197697, "pruning_mse_corrected": 0.00304412841796875}, "inception3a.branch3.1.conv": {"sample_kurtosis": 19.224489795918366, "quant_sqnr": 4.381820087640501, "quant_mse": 0.0024937812704592943, "quant_sparsity": 0.8439670205116272, "pruning_sqnr": 8.166229588927333, "pruning_mse": 0.0010433197021484375, "pruning_sqnr_corrected": 3.049228574208625, "pruning_mse_corrected": 0.0033893585205078125}, "inception3a.branch4.1.conv": {"sample_kurtosis": 30.271512951021123, "quant_sqnr": 4.725814884095504, "quant_mse": 0.0026726489886641502, "quant_sparsity": 0.75439453125, "pruning_sqnr": 6.974068551431407, "pruning_mse": 0.0015926361083984375, "pruning_sqnr_corrected": 3.6382082552343666, "pruning_mse_corrected": 0.0034332275390625}, "inception3b.branch1.conv": {"sample_kurtosis": 14.091789032574308, "quant_sqnr": 5.742507128001318, "quant_mse": 0.0011946680024266243, "quant_sparsity": 0.558563232421875, "pruning_sqnr": 5.290830576816223, "pruning_mse": 0.0013256072998046875, "pruning_sqnr_corrected": 3.3284522390301783, "pruning_mse_corrected": 0.00208282470703125}, "inception3b.branch2.0.conv": {"sample_kurtosis": 5.92140511870374, "quant_sqnr": 6.495833381414138, "quant_mse": 0.0009992893319576979, "quant_sparsity": 0.551055908203125, "pruning_sqnr": 4.857511482501314, "pruning_mse": 0.00145721435546875, "pruning_sqnr_corrected": 2.9111332717342924, "pruning_mse_corrected": 0.00228118896484375}, "inception3b.branch2.1.conv": {"sample_kurtosis": 2.2942914059952617, "quant_sqnr": 7.273916799830982, "quant_mse": 0.00023510631581302732, "quant_sparsity": 0.4626238942146301, "pruning_sqnr": 3.9049641411006233, "pruning_mse": 0.0005106925964355469, "pruning_sqnr_corrected": 2.514938646277361, "pruning_mse_corrected": 0.0007033348083496094}, "inception3b.branch3.0.conv": {"sample_kurtosis": 3.6948892310606816, "quant_sqnr": 6.740518636713404, "quant_mse": 0.0009437371627427638, "quant_sparsity": 0.520751953125, "pruning_sqnr": 4.509673288878152, "pruning_mse": 0.0015773773193359375, "pruning_sqnr_corrected": 2.722582530939567, "pruning_mse_corrected": 0.00238037109375}, "inception3b.branch3.1.conv": {"sample_kurtosis": 2.101814593529343, "quant_sqnr": 7.159501096845588, "quant_mse": 0.0004365429049357772, "quant_sparsity": 0.47670719027519226, "pruning_sqnr": 3.981681644334727, "pruning_mse": 0.0009074211120605469, "pruning_sqnr_corrected": 2.4882444122353866, "pruning_mse_corrected": 0.0012798309326171875}, "inception3b.branch4.1.conv": {"sample_kurtosis": 17.386096935458863, "quant_sqnr": 5.492849690046384, "quant_mse": 0.0010989757720381021, "quant_sparsity": 0.61370849609375, "pruning_sqnr": 5.3386867358670145, "pruning_mse": 0.0011386871337890625, "pruning_sqnr_corrected": 3.085420716956524, "pruning_mse_corrected": 0.0019130706787109375}, "inception4a.branch1.conv": {"sample_kurtosis": 7.538219686138881, "quant_sqnr": 5.897198458433515, "quant_mse": 0.0006362828426063061, "quant_sparsity": 0.5825846791267395, "pruning_sqnr": 4.680092681704927, "pruning_mse": 0.0008420944213867188, "pruning_sqnr_corrected": 2.7220674147227335, "pruning_mse_corrected": 0.0013217926025390625}, "inception4a.branch2.0.conv": {"sample_kurtosis": 7.00233287046221, "quant_sqnr": 5.7596320115572635, "quant_mse": 0.0007190436008386314, "quant_sparsity": 0.6072700023651123, "pruning_sqnr": 5.039283334021248, "pruning_mse": 0.0008487701416015625, "pruning_sqnr_corrected": 2.8629654425678113, "pruning_mse_corrected": 0.0014009475708007812}, "inception4a.branch2.1.conv": {"sample_kurtosis": 4.479554458161865, "quant_sqnr": 6.526601091985288, "quant_mse": 0.00028731522615998983, "quant_sparsity": 0.5258858799934387, "pruning_sqnr": 4.18128121255183, "pruning_mse": 0.0004930496215820312, "pruning_sqnr_corrected": 2.5482368814842493, "pruning_mse_corrected": 0.0007181167602539062}, "inception4a.branch3.0.conv": {"sample_kurtosis": 55.488300928896955, "quant_sqnr": 4.000426695386036, "quant_mse": 0.0014630835503339767, "quant_sparsity": 0.7322916984558105, "pruning_sqnr": 7.178553484963927, "pruning_mse": 0.0007038116455078125, "pruning_sqnr_corrected": 4.034970578848801, "pruning_mse_corrected": 0.0014514923095703125}, "inception4a.branch3.1.conv": {"sample_kurtosis": 14.814375414592256, "quant_sqnr": 4.848252840322454, "quant_mse": 0.0024621891789138317, "quant_sparsity": 0.7129629850387573, "pruning_sqnr": 6.397884630464738, "pruning_mse": 0.0017232894897460938, "pruning_sqnr_corrected": 3.2527071192546186, "pruning_mse_corrected": 0.0035552978515625}, "inception4a.branch4.1.conv": {"sample_kurtosis": 13.951774246311185, "quant_sqnr": 5.809810299889399, "quant_mse": 0.00096506392583251, "quant_sparsity": 0.5732422471046448, "pruning_sqnr": 4.980009365302419, "pruning_mse": 0.0011682510375976562, "pruning_sqnr_corrected": 3.023836418982666, "pruning_mse_corrected": 0.0018329620361328125}, "inception4b.branch1.conv": {"sample_kurtosis": 7.30282196944245, "quant_sqnr": 6.166756695287734, "quant_mse": 0.0006772924098186195, "quant_sparsity": 0.4986938536167145, "pruning_sqnr": 4.522730350651968, "pruning_mse": 0.0009889602661132812, "pruning_sqnr_corrected": 2.9080395519861426, "pruning_mse_corrected": 0.001434326171875}, "inception4b.branch2.0.conv": {"sample_kurtosis": 8.685290275467565, "quant_sqnr": 5.71400575652576, "quant_mse": 0.000805441930424422, "quant_sparsity": 0.5630057454109192, "pruning_sqnr": 5.026189251446118, "pruning_mse": 0.0009436607360839844, "pruning_sqnr_corrected": 3.1277595839044183, "pruning_mse_corrected": 0.001461029052734375}, "inception4b.branch2.1.conv": {"sample_kurtosis": 4.015523664283056, "quant_sqnr": 6.66054549138676, "quant_mse": 0.000227768236072734, "quant_sparsity": 0.5011028051376343, "pruning_sqnr": 4.079105443312914,