{"conv1.conv": {"sample_kurtosis": 4.72084163374309, "quant_sqnr": 15.608926087730135, "quant_mse": 0.0010963091626763344, "quant_sparsity": 0.39190050959587097, "pruning_sqnr": 9.839358363879395, "pruning_mse": 0.004138946533203125, "pruning_sqnr_corrected": 6.72230791662468, "pruning_mse_corrected": 0.00848388671875}, "conv2.conv": {"sample_kurtosis": 12.126517483611151, "quant_sqnr": 13.184546291031625, "quant_mse": 0.0020390250720083714, "quant_sparsity": 0.48828125, "pruning_sqnr": 10.83811044059863, "pruning_mse": 0.0034999847412109375, "pruning_sqnr_corrected": 7.131714180220272, "pruning_mse_corrected": 0.00821685791015625}, "conv3.conv": {"sample_kurtosis": 10.929143811097005, "quant_sqnr": 12.895538844914952, "quant_mse": 0.00023383554071187973, "quant_sparsity": 0.33318865299224854, "pruning_sqnr": 8.414758798858013, "pruning_mse": 0.0006561279296875, "pruning_sqnr_corrected": 6.3806662569782215, "pruning_mse_corrected": 0.0010480880737304688}, "inception3a.branch1.conv": {"sample_kurtosis": 8.471995817329928, "quant_sqnr": 13.258248775715538, "quant_mse": 0.0004017353639937937, "quant_sparsity": 0.3460286557674408, "pruning_sqnr": 8.541502690297179, "pruning_mse": 0.001190185546875, "pruning_sqnr_corrected": 6.348143199542181, "pruning_mse_corrected": 0.001972198486328125}, "inception3a.branch2.0.conv": {"sample_kurtosis": 11.153846153846153, "quant_sqnr": 12.609483868813665, "quant_mse": 0.00034932378912344575, "quant_sparsity": 0.3225911557674408, "pruning_sqnr": 7.974268547007891, "pruning_mse": 0.0010156631469726562, "pruning_sqnr_corrected": 6.067664194911822, "pruning_mse_corrected": 0.001575469970703125}, "inception3a.branch2.1.conv": {"sample_kurtosis": 8.926897120503975, "quant_sqnr": 13.286467668181587, "quant_mse": 9.593522554496303e-05, "quant_sparsity": 0.27721714973449707, "pruning_sqnr": 7.534458443255081, "pruning_mse": 0.00036072731018066406, "pruning_sqnr_corrected": 5.9722549448234545, "pruning_mse_corrected": 0.0005168914794921875}, "inception3a.branch3.0.conv": {"sample_kurtosis": 5.337396357027995, "quant_sqnr": 15.253010477569118, "quant_mse": 0.00018652540165930986, "quant_sparsity": 0.318359375, "pruning_sqnr": 8.731444289923589, "pruning_mse": 0.0008373260498046875, "pruning_sqnr_corrected": 6.764452663198302, "pruning_mse_corrected": 0.0013170242309570312}, "inception3a.branch3.1.conv": {"sample_kurtosis": 19.224489795918366, "quant_sqnr": 11.531719575054547, "quant_mse": 0.0004806936776731163, "quant_sparsity": 0.598741352558136, "pruning_sqnr": 11.87254364200145, "pruning_mse": 0.0004444122314453125, "pruning_sqnr_corrected": 7.288597038781362, "pruning_mse_corrected": 0.0012769699096679688}, "inception3a.branch4.1.conv": {"sample_kurtosis": 30.271512951021123, "quant_sqnr": 10.435753987454897, "quant_mse": 0.0007177083753049374, "quant_sparsity": 0.53515625, "pruning_sqnr": 10.244245993314182, "pruning_mse": 0.0007500648498535156, "pruning_sqnr_corrected": 6.71659608739692, "pruning_mse_corrected": 0.001689910888671875}, "inception3b.branch1.conv": {"sample_kurtosis": 14.091789032574308, "quant_sqnr": 12.203140918758134, "quant_mse": 0.0002698881726246327, "quant_sparsity": 0.356231689453125, "pruning_sqnr": 8.301130533456035, "pruning_mse": 0.0006628036499023438, "pruning_sqnr_corrected": 6.182514310834648, "pruning_mse_corrected": 0.001079559326171875}, "inception3b.branch2.0.conv": {"sample_kurtosis": 5.92140511870374, "quant_sqnr": 14.250990900422737, "quant_mse": 0.00016756198601797223, "quant_sparsity": 0.29681396484375, "pruning_sqnr": 7.867811439141126, "pruning_mse": 0.000728607177734375, "pruning_sqnr_corrected": 6.114484780327971, "pruning_mse_corrected": 0.00109100341796875}, "inception3b.branch2.1.conv": {"sample_kurtosis": 2.2942914059952617, "quant_sqnr": 16.15124941827636, "quant_mse": 3.0446055461652577e-05, "quant_sparsity": 0.19524919986724854, "pruning_sqnr": 6.647921565267987, "pruning_mse": 0.0002715587615966797, "pruning_sqnr_corrected": 5.587514740828801, "pruning_mse_corrected": 0.0003466606140136719}, "inception3b.branch3.0.conv": {"sample_kurtosis": 3.6948892310606816, "quant_sqnr": 15.163025816586126, "quant_mse": 0.00013570640294346958, "quant_sparsity": 0.25927734375, "pruning_sqnr": 7.488578326975555, "pruning_mse": 0.0007944107055664062, "pruning_sqnr_corrected": 5.976208267982177, "pruning_mse_corrected": 0.001125335693359375}, "inception3b.branch3.1.conv": {"sample_kurtosis": 2.101814593529343, "quant_sqnr": 16.243917135905363, "quant_mse": 5.3899573686067015e-05, "quant_sparsity": 0.20883969962596893, "pruning_sqnr": 6.810952805663145, "pruning_mse": 0.0004730224609375, "pruning_sqnr_corrected": 5.639978016474653, "pruning_mse_corrected": 0.0006194114685058594}, "inception3b.branch4.1.conv": {"sample_kurtosis": 17.386096935458863, "quant_sqnr": 11.882985281826286, "quant_mse": 0.0002523332950659096, "quant_sparsity": 0.3465576171875, "pruning_sqnr": 8.359912345612555, "pruning_mse": 0.0005679130554199219, "pruning_sqnr_corrected": 6.310970676503661, "pruning_mse_corrected": 0.0009102821350097656}, "inception4a.branch1.conv": {"sample_kurtosis": 7.538219686138881, "quant_sqnr": 13.493173922038451, "quant_mse": 0.00011067579907830805, "quant_sparsity": 0.2818576395511627, "pruning_sqnr": 7.585913962162099, "pruning_mse": 0.00043129920959472656, "pruning_sqnr_corrected": 5.970661323724009, "pruning_mse_corrected": 0.0006256103515625}, "inception4a.branch2.0.conv": {"sample_kurtosis": 7.00233287046221, "quant_sqnr": 13.654218021234733, "quant_mse": 0.00011676068243104964, "quant_sparsity": 0.31558161973953247, "pruning_sqnr": 8.044706316741442, "pruning_mse": 0.0004248619079589844, "pruning_sqnr_corrected": 6.179448875770289, "pruning_mse_corrected": 0.0006527900695800781}, "inception4a.branch2.1.conv": {"sample_kurtosis": 4.479554458161865, "quant_sqnr": 14.641513536127482, "quant_mse": 4.434732181834988e-05, "quant_sparsity": 0.2261062115430832, "pruning_sqnr": 6.962521577364643, "pruning_mse": 0.0002598762512207031, "pruning_sqnr_corrected": 5.717120393130131, "pruning_mse_corrected": 0.00034618377685546875}, "inception4a.branch3.0.conv": {"sample_kurtosis": 55.488300928896955, "quant_sqnr": 9.032976926815707, "quant_mse": 0.0004592129262164235, "quant_sparsity": 0.5868489742279053, "pruning_sqnr": 10.37829539798838, "pruning_mse": 0.0003368854522705078, "pruning_sqnr_corrected": 6.547081848686817, "pruning_mse_corrected": 0.0008139610290527344}, "inception4a.branch3.1.conv": {"sample_kurtosis": 14.814375414592256, "quant_sqnr": 11.986781029501735, "quant_mse": 0.00047584838466718793, "quant_sparsity": 0.4505208432674408, "pruning_sqnr": 9.740211576141457, "pruning_mse": 0.0007982254028320312, "pruning_sqnr_corrected": 6.755932936527005, "pruning_mse_corrected": 0.0015869140625}, "inception4a.branch4.1.conv": {"sample_kurtosis": 13.951774246311185, "quant_sqnr": 12.134585115146914, "quant_mse": 0.00022494616860058159, "quant_sparsity": 0.31057944893836975, "pruning_sqnr": 7.885232950777175, "pruning_mse": 0.0005984306335449219, "pruning_sqnr_corrected": 6.107052167215302, "pruning_mse_corrected": 0.0009012222290039062}, "inception4b.branch1.conv": {"sample_kurtosis": 7.30282196944245, "quant_sqnr": 13.639655577490931, "quant_mse": 0.00012119545135647058, "quant_sparsity": 0.2691894471645355, "pruning_sqnr": 7.417321793434624, "pruning_mse": 0.0005078315734863281, "pruning_sqnr_corrected": 5.883825858221842, "pruning_mse_corrected": 0.0007228851318359375}, "inception4b.branch2.0.conv": {"sample_kurtosis": 8.685290275467565, "quant_sqnr": 13.204150993984454, "quant_mse": 0.00014355545863509178, "quant_sparsity": 0.3227190375328064, "pruning_sqnr": 7.960352487973902, "pruning_mse": 0.0004801750183105469, "pruning_sqnr_corrected": 6.095744056516406, "pruning_mse_corrected": 0.0007376670837402344}, "inception4b.branch2.1.conv": {"sample_kurtosis": 4.015523664283056, "quant_sqnr": 14.761992670051477, "quant_mse": 3.526536966091953e-05, "quant_sparsity": 0.2323111593723297,