{"conv1.conv": {"sample_kurtosis": 4.72084163374309, "quant_sqnr": 10.867792926035511, "quant_mse": 0.003266226965934038, "quant_sparsity": 0.5503826141357422, "pruning_sqnr": 7.881509266098869, "pruning_mse": 0.006496429443359375, "pruning_sqnr_corrected": 4.36393645467682, "pruning_mse_corrected": 0.0146026611328125}, "conv2.conv": {"sample_kurtosis": 12.126517483611151, "quant_sqnr": 9.66725950382626, "quant_mse": 0.004583014640957117, "quant_sparsity": 0.62841796875, "pruning_sqnr": 9.021543432219994, "pruning_mse": 0.00531768798828125, "pruning_sqnr_corrected": 5.018530194879469, "pruning_mse_corrected": 0.01336669921875}, "conv3.conv": {"sample_kurtosis": 10.929143811097005, "quant_sqnr": 9.410121096455685, "quant_mse": 0.0005217377911321819, "quant_sparsity": 0.45815250277519226, "pruning_sqnr": 6.8983704439077576, "pruning_mse": 0.0009303092956542969, "pruning_sqnr_corrected": 4.65812265924916, "pruning_mse_corrected": 0.0015583038330078125}, "inception3a.branch1.conv": {"sample_kurtosis": 8.471995817329928, "quant_sqnr": 9.585375620117826, "quant_mse": 0.0009358955430798233, "quant_sparsity": 0.4657389521598816, "pruning_sqnr": 6.963004014617851, "pruning_mse": 0.0017118453979492188, "pruning_sqnr_corrected": 4.629436430166487, "pruning_mse_corrected": 0.0029296875}, "inception3a.branch2.0.conv": {"sample_kurtosis": 11.153846153846153, "quant_sqnr": 9.312983154366078, "quant_mse": 0.0007462395005859435, "quant_sparsity": 0.4314236044883728, "pruning_sqnr": 6.5013526981509715, "pruning_mse": 0.0014257431030273438, "pruning_sqnr_corrected": 4.503947644246635, "pruning_mse_corrected": 0.00225830078125}, "inception3a.branch2.1.conv": {"sample_kurtosis": 8.926897120503975, "quant_sqnr": 9.673133497234112, "quant_mse": 0.00022045071818865836, "quant_sparsity": 0.41588902473449707, "pruning_sqnr": 6.127230921534582, "pruning_mse": 0.0004987716674804688, "pruning_sqnr_corrected": 4.308576523642621, "pruning_mse_corrected": 0.0007581710815429688}, "inception3a.branch3.0.conv": {"sample_kurtosis": 5.337396357027995, "quant_sqnr": 10.34318304620661, "quant_mse": 0.0005777244223281741, "quant_sparsity": 0.4729817807674408, "pruning_sqnr": 7.1938163520504155, "pruning_mse": 0.0011930465698242188, "pruning_sqnr_corrected": 4.80179211049932, "pruning_mse_corrected": 0.0020694732666015625}, "inception3a.branch3.1.conv": {"sample_kurtosis": 19.224489795918366, "quant_sqnr": 7.7429024764123655, "quant_mse": 0.0011501384433358908, "quant_sparsity": 0.741319477558136, "pruning_sqnr": 10.105422408758884, "pruning_mse": 0.000667572021484375, "pruning_sqnr_corrected": 5.038439739931217, "pruning_mse_corrected": 0.00214385986328125}, "inception3a.branch4.1.conv": {"sample_kurtosis": 30.271512951021123, "quant_sqnr": 7.268152550937391, "quant_mse": 0.0014883605763316154, "quant_sparsity": 0.6306966543197632, "pruning_sqnr": 8.681994102446174, "pruning_mse": 0.0010747909545898438, "pruning_sqnr_corrected": 5.194126895174927, "pruning_mse_corrected": 0.002399444580078125}, "inception3b.branch1.conv": {"sample_kurtosis": 14.091789032574308, "quant_sqnr": 8.916682892113306, "quant_mse": 0.0005752142751589417, "quant_sparsity": 0.47430419921875, "pruning_sqnr": 6.822032942169444, "pruning_mse": 0.0009317398071289062, "pruning_sqnr_corrected": 4.599102535317597, "pruning_mse_corrected": 0.0015544891357421875}, "inception3b.branch2.0.conv": {"sample_kurtosis": 5.92140511870374, "quant_sqnr": 10.3706784467575, "quant_mse": 0.0004094555333722383, "quant_sparsity": 0.40216064453125, "pruning_sqnr": 6.396797171330513, "pruning_mse": 0.0010223388671875, "pruning_sqnr_corrected": 4.523905582758962, "pruning_mse_corrected": 0.0015735626220703125}, "inception3b.branch2.1.conv": {"sample_kurtosis": 2.2942914059952617, "quant_sqnr": 11.810579506771148, "quant_mse": 8.271761907963082e-05, "quant_sparsity": 0.3206651508808136, "pruning_sqnr": 5.290272680377788, "pruning_mse": 0.0003712177276611328, "pruning_sqnr_corrected": 3.9621089763449158, "pruning_mse_corrected": 0.0005040168762207031}, "inception3b.branch3.0.conv": {"sample_kurtosis": 3.6948892310606816, "quant_sqnr": 11.006994903940955, "quant_mse": 0.0003533486451487988, "quant_sparsity": 0.369873046875, "pruning_sqnr": 6.0317690874230525, "pruning_mse": 0.0011110305786132812, "pruning_sqnr_corrected": 4.332175566563146, "pruning_mse_corrected": 0.0016431808471679688}, "inception3b.branch3.1.conv": {"sample_kurtosis": 2.101814593529343, "quant_sqnr": 11.80581374259964, "quant_mse": 0.00014975994417909533, "quant_sparsity": 0.334526926279068, "pruning_sqnr": 5.408863855640864, "pruning_mse": 0.0006532669067382812, "pruning_sqnr_corrected": 3.9771197270885503, "pruning_mse_corrected": 0.0009083747863769531}, "inception3b.branch4.1.conv": {"sample_kurtosis": 17.386096935458863, "quant_sqnr": 8.747114789616127, "quant_mse": 0.0005194713594391942, "quant_sparsity": 0.4539794921875, "pruning_sqnr": 6.891865248964496, "pruning_mse": 0.0007963180541992188, "pruning_sqnr_corrected": 4.74152433223645, "pruning_mse_corrected": 0.0013065338134765625}, "inception4a.branch1.conv": {"sample_kurtosis": 7.538219686138881, "quant_sqnr": 9.744086048201567, "quant_mse": 0.0002623985637910664, "quant_sparsity": 0.38299697637557983, "pruning_sqnr": 6.156646897260847, "pruning_mse": 0.0005993843078613281, "pruning_sqnr_corrected": 4.452535942812754, "pruning_mse_corrected": 0.0008873939514160156}, "inception4a.branch2.0.conv": {"sample_kurtosis": 7.00233287046221, "quant_sqnr": 9.606641207711604, "quant_mse": 0.000296520214760676, "quant_sparsity": 0.4449869990348816, "pruning_sqnr": 6.5743832270296245, "pruning_mse": 0.0005960464477539062, "pruning_sqnr_corrected": 4.4921201676737965, "pruning_mse_corrected": 0.0009627342224121094}, "inception4a.branch2.1.conv": {"sample_kurtosis": 4.479554458161865, "quant_sqnr": 10.669073022090899, "quant_mse": 0.00011069078027503565, "quant_sparsity": 0.32715120911598206, "pruning_sqnr": 5.584568553340357, "pruning_mse": 0.00035691261291503906, "pruning_sqnr_corrected": 4.206555453538498, "pruning_mse_corrected": 0.0004901885986328125}, "inception4a.branch3.0.conv": {"sample_kurtosis": 55.488300928896955, "quant_sqnr": 6.263715403515877, "quant_mse": 0.0008688408997841179, "quant_sparsity": 0.6477864980697632, "pruning_sqnr": 8.824053881320925, "pruning_mse": 0.0004818439483642578, "pruning_sqnr_corrected": 5.36306097724461, "pruning_mse_corrected": 0.0010690689086914062}, "inception4a.branch3.1.conv": {"sample_kurtosis": 14.814375414592256, "quant_sqnr": 8.269073617713813, "quant_mse": 0.0011200549779459834, "quant_sparsity": 0.5947627425193787, "pruning_sqnr": 8.128858147408327, "pruning_mse": 0.0011568069458007812, "pruning_sqnr_corrected": 4.854637025900214, "pruning_mse_corrected": 0.0024585723876953125}, "inception4a.branch4.1.conv": {"sample_kurtosis": 13.951774246311185, "quant_sqnr": 9.08077235493156, "quant_mse": 0.00045442255213856697, "quant_sparsity": 0.4120442867279053, "pruning_sqnr": 6.456205402982259, "pruning_mse": 0.00083160400390625, "pruning_sqnr_corrected": 4.6098119565026305, "pruning_mse_corrected": 0.0012722015380859375}, "inception4b.branch1.conv": {"sample_kurtosis": 7.30282196944245, "quant_sqnr": 10.005300348745962, "quant_mse": 0.0002798477653414011, "quant_sparsity": 0.3896118104457855, "pruning_sqnr": 5.99407353059412, "pruning_mse": 0.0007047653198242188, "pruning_sqnr_corrected": 4.266591062960127, "pruning_mse_corrected": 0.001049041748046875}, "inception4b.branch2.0.conv": {"sample_kurtosis": 8.685290275467565, "quant_sqnr": 9.271728878073702, "quant_mse": 0.0003550274414010346, "quant_sparsity": 0.4325125813484192, "pruning_sqnr": 6.520070483226482, "pruning_mse": 0.0006690025329589844, "pruning_sqnr_corrected": 4.562474047152752, "pruning_mse_corrected": 0.0010499954223632812}, "inception4b.branch2.1.conv": {"sample_kurtosis": 4.015523664283056, "quant_sqnr": 10.775641585064982, "quant_mse": 8.830464503262192e-05, "quant_sparsity": 0.3523862659931183,