{"fc": {"sample_kurtosis": 3.60793290599174, "quant_sqnr": 10.223764711718959, "quant_mse": 0.0011492560151964426, "quant_sparsity": 0.3682226538658142, "pruning_sqnr": 5.575914128142525, "pruning_mse": 0.0033512115478515625, "pruning_sqnr_corrected": 4.146175147006837, "pruning_mse_corrected": 0.004657745361328125}}