{"fc": {"sample_kurtosis": 3.60793290599174, "quant_sqnr": 14.956179854468978, "quant_mse": 0.0003865229373332113, "quant_sparsity": 0.23015624284744263, "pruning_sqnr": 6.8442933926990595, "pruning_mse": 0.00250244140625, "pruning_sqnr_corrected": 5.678458907968608, "pruning_mse_corrected": 0.00327301025390625}}