{"fc": {"sample_kurtosis": 3.60793290599174, "quant_sqnr": 5.4503355132828855, "quant_mse": 0.003449528245255351, "quant_sparsity": 0.47458982467651367, "pruning_sqnr": 4.287157021003296, "pruning_mse": 0.00450897216796875, "pruning_sqnr_corrected": 2.9074715374040965, "pruning_mse_corrected": 0.006195068359375}}