{"fc": {"sample_kurtosis": 3.60793290599174, "quant_sqnr": 34.17538773171046, "quant_mse": 4.626520421879832e-06, "quant_sparsity": 0.026494139805436134, "pruning_sqnr": 12.610960356454633, "pruning_mse": 0.0006632804870605469, "pruning_sqnr_corrected": 12.254462183443405, "pruning_mse_corrected": 0.0007200241088867188}}