{"fc": {"sample_kurtosis": 3.60793290599174, "quant_sqnr": 29.432697615218174, "quant_mse": 1.3788705473416485e-05, "quant_sparsity": 0.04666503891348839, "pruning_sqnr": 10.995020037366181, "pruning_mse": 0.0009622573852539062, "pruning_sqnr_corrected": 10.499305650480732, "pruning_mse_corrected": 0.0010786056518554688}}