{"layers.0": {"sample_kurtosis": 5.000586504121239, "quant_sqnr": 23.078014334518006, "quant_mse": 0.0014866485726088285, "quant_sparsity": 0.4513888955116272, "pruning_sqnr": 15.338111185576093, "pruning_mse": 0.0088348388671875, "pruning_sqnr_corrected": 8.36494426237654, "pruning_mse_corrected": 0.04400634765625}, "layers.3": {"sample_kurtosis": 6.920144861928474, "quant_sqnr": 22.561762884508486, "quant_mse": 0.0050946385599672794, "quant_sparsity": 0.5416666865348816, "pruning_sqnr": 19.773379709804203, "pruning_mse": 0.00968170166015625, "pruning_sqnr_corrected": 9.44713495691028, "pruning_mse_corrected": 0.1043701171875}, "layers.6": {"sample_kurtosis": 8.141141397575353, "quant_sqnr": 21.842475054328684, "quant_mse": 0.0020158207044005394, "quant_sparsity": 0.486328125, "pruning_sqnr": 16.123324182868103, "pruning_mse": 0.0075225830078125, "pruning_sqnr_corrected": 9.322673345939336, "pruning_mse_corrected": 0.0360107421875}, "layers.8.0.layers.0": {"sample_kurtosis": 3.9720404521118384, "quant_sqnr": 20.877734174090143, "quant_mse": 0.002626953646540642, "quant_sparsity": 0.2434895932674408, "pruning_sqnr": 11.806909573636135, "pruning_mse": 0.021209716796875, "pruning_sqnr_corrected": 9.530076650421318, "pruning_mse_corrected": 0.03582763671875}, "layers.8.0.layers.3": {"sample_kurtosis": -0.6182771986446727, "quant_sqnr": 27.046249977973602, "quant_mse": 0.0004231648345012218, "quant_sparsity": 0.04629629850387573, "pruning_sqnr": 5.843707974216292, "pruning_mse": 0.055816650390625, "pruning_sqnr_corrected": 5.576648972363197, "pruning_mse_corrected": 0.059356689453125}, "layers.8.0.layers.6": {"sample_kurtosis": 4.845136184280004, "quant_sqnr": 20.498840743049232, "quant_mse": 0.0024354883935302496, "quant_sparsity": 0.2152777761220932, "pruning_sqnr": 10.407624647803171, "pruning_mse": 0.024871826171875, "pruning_sqnr_corrected": 8.73463255467001, "pruning_mse_corrected": 0.03656005859375}, "layers.8.1.layers.0": {"sample_kurtosis": 5.672846316660991, "quant_sqnr": 19.234055942989738, "quant_mse": 0.0014117320533841848, "quant_sparsity": 0.22685185074806213, "pruning_sqnr": 9.819577761642478, "pruning_mse": 0.01233673095703125, "pruning_sqnr_corrected": 7.969171557225686, "pruning_mse_corrected": 0.018890380859375}, "layers.8.1.layers.3": {"sample_kurtosis": 2.68506384974497, "quant_sqnr": 22.846804926512387, "quant_mse": 0.001124302507378161, "quant_sparsity": 0.18981482088565826, "pruning_sqnr": 11.075038420952403, "pruning_mse": 0.01690673828125, "pruning_sqnr_corrected": 9.264758890481803, "pruning_mse_corrected": 0.0256500244140625}, "layers.8.1.layers.6": {"sample_kurtosis": 2.896672220086292, "quant_sqnr": 20.631712678951807, "quant_mse": 0.0008074213401414454, "quant_sparsity": 0.18692129850387573, "pruning_sqnr": 9.186950603225197, "pruning_mse": 0.011260986328125, "pruning_sqnr_corrected": 7.672197376143057, "pruning_mse_corrected": 0.015960693359375}, "layers.8.2.layers.0": {"sample_kurtosis": 1.4825931668059464, "quant_sqnr": 22.558404028958957, "quant_mse": 0.0004964478430338204, "quant_sparsity": 0.13483797013759613, "pruning_sqnr": 8.520033016525339, "pruning_mse": 0.01258087158203125, "pruning_sqnr_corrected": 7.5074323212253535, "pruning_mse_corrected": 0.0158843994140625}, "layers.8.2.layers.3": {"sample_kurtosis": 1.3839282058704931, "quant_sqnr": 21.997522113837725, "quant_mse": 0.0011991332285106182, "quant_sparsity": 0.1358024775981903, "pruning_sqnr": 8.324112353439173, "pruning_mse": 0.0279388427734375, "pruning_sqnr_corrected": 7.269987279362623, "pruning_mse_corrected": 0.035614013671875}, "layers.8.2.layers.6": {"sample_kurtosis": 1.5595144694243794, "quant_sqnr": 22.13547855101978, "quant_mse": 0.0004983259132131934, "quant_sparsity": 0.14814814925193787, "pruning_sqnr": 8.340569108100702, "pruning_mse": 0.01194000244140625, "pruning_sqnr_corrected": 7.185155149416462, "pruning_mse_corrected": 0.0155792236328125}, "layers.9.0.layers.0": {"sample_kurtosis": 6.699844473374593, "quant_sqnr": 19.525380347824548, "quant_mse": 0.0025817272253334522, "quant_sparsity": 0.25115740299224854, "pruning_sqnr": 10.938571140874556, "pruning_mse": 0.018646240234375, "pruning_sqnr_corrected": 8.855811716603732, "pruning_mse_corrected": 0.030120849609375}, "layers.9.0.layers.3": {"sample_kurtosis": 1.7496149585798815, "quant_sqnr": 22.891598578192767, "quant_mse": 0.0005149835487827659, "quant_sparsity": 0.2150000035762787, "pruning_sqnr": 10.543797038117695, "pruning_mse": 0.00884246826171875, "pruning_sqnr_corrected": 8.47086267881291, "pruning_mse_corrected": 0.014251708984375}, "layers.9.0.layers.6": {"sample_kurtosis": 1.1052306817999424, "quant_sqnr": 22.67382530475285, "quant_mse": 0.0008567156037315726, "quant_sparsity": 0.1145833358168602, "pruning_sqnr": 7.98689095080608, "pruning_mse": 0.02520751953125, "pruning_sqnr_corrected": 7.156691424009902, "pruning_mse_corrected": 0.030517578125}, "layers.9.1.layers.0": {"sample_kurtosis": 0.6782909522486804, "quant_sqnr": 23.380937990067913, "quant_mse": 0.00022304851154331118, "quant_sparsity": 0.1002083346247673, "pruning_sqnr": 7.598554338508898, "pruning_mse": 0.00844573974609375, "pruning_sqnr_corrected": 6.910630786455325, "pruning_mse_corrected": 0.00989532470703125}, "layers.9.1.layers.3": {"sample_kurtosis": 10.27235818648352, "quant_sqnr": 19.627104564967333, "quant_mse": 0.0008067340822890401, "quant_sparsity": 0.3343333303928375, "pruning_sqnr": 14.100338318933094, "pruning_mse": 0.002880096435546875, "pruning_sqnr_corrected": 11.278124905639856, "pruning_mse_corrected": 0.00551605224609375}, "layers.9.1.layers.6": {"sample_kurtosis": 1.8414982989263207, "quant_sqnr": 21.89515394963234, "quant_mse": 0.0003321825060993433, "quant_sparsity": 0.13062500953674316, "pruning_sqnr": 7.973977971280562, "pruning_mse": 0.0081939697265625, "pruning_sqnr_corrected": 7.068422343040921, "pruning_mse_corrected": 0.01009368896484375}, "layers.9.2.layers.0": {"sample_kurtosis": 1.540936276855942, "quant_sqnr": 21.425705395608368, "quant_mse": 0.00031164183747023344, "quant_sparsity": 0.1691666692495346, "pruning_sqnr": 7.871252354930758, "pruning_mse": 0.0070648193359375, "pruning_sqnr_corrected": 6.648916594480059, "pruning_mse_corrected": 0.00936126708984375}, "layers.9.2.layers.3": {"sample_kurtosis": 9.017845732594203, "quant_sqnr": 19.28964069110991, "quant_mse": 0.0006735278875567019, "quant_sparsity": 0.36133334040641785, "pruning_sqnr": 13.446298796766396, "pruning_mse": 0.00258636474609375, "pruning_sqnr_corrected": 10.053045150224946, "pruning_mse_corrected": 0.005649566650390625}, "layers.9.2.layers.6": {"sample_kurtosis": 1.8680032921810703, "quant_sqnr": 20.425602769397806, "quant_mse": 0.0003735283389687538, "quant_sparsity": 0.16625000536441803, "pruning_sqnr": 8.112277091852299, "pruning_mse": 0.0063629150390625, "pruning_sqnr_corrected": 6.855085689852584, "pruning_mse_corrected": 0.0084991455078125}, "layers.10.0.layers.0": {"sample_kurtosis": 1.1244713351710134, "quant_sqnr": 21.748200926091947, "quant_mse": 0.0005178709980100393, "quant_sparsity": 0.10635416954755783, "pruning_sqnr": 7.740637427336621, "pruning_mse": 0.013031005859375, "pruning_sqnr_corrected": 6.990555711734354, "pruning_mse_corrected": 0.0154876708984375}, "layers.10.0.layers.3": {"sample_kurtosis": 1.053958734977968, "quant_sqnr": 24.349042202828905, "quant_mse": 0.00016446593508590013, "quant_sparsity": 0.16183333098888397, "pruning_sqnr": 9.331166527012362, "pruning_mse": 0.005222320556640625, "pruning_sqnr_corrected": 8.02583189676053, "pruning_mse_corrected": 0.007053375244140625}, "layers.10.0.layers.6": {"sample_kurtosis": 0.737220732863431, "quant_sqnr": 22.56908374975113, "quant_mse": 0.0002773414889816195, "quant_sparsity": 0.1001562550663948, "pruning_sqnr": 7.357258740140351, "pruning_mse": 0.00920867919921875, "pruning_sqnr_corrected": 6.682140314560044, "pruning_mse_corrected": 0.0107574462890625}, "layers.10.1.layers.0": {"sample_kurtosis": 1.4898400045343276,