{"layers.0": {"sample_kurtosis": 5.000586504121239, "quant_sqnr": 17.180133929573074, "quant_mse": 0.0057809120044112206, "quant_sparsity": 0.5416666865348816, "pruning_sqnr": 12.090632252487602, "pruning_mse": 0.0186614990234375, "pruning_sqnr_corrected": 5.851887223688798, "pruning_mse_corrected": 0.0784912109375}, "layers.3": {"sample_kurtosis": 6.920144861928474, "quant_sqnr": 17.668073692113143, "quant_mse": 0.015721077099442482, "quant_sparsity": 0.65625, "pruning_sqnr": 15.751070856629251, "pruning_mse": 0.024444580078125, "pruning_sqnr_corrected": 6.12097881181123, "pruning_mse_corrected": 0.2244873046875}, "layers.6": {"sample_kurtosis": 8.141141397575353, "quant_sqnr": 16.211011447632725, "quant_mse": 0.007372219581156969, "quant_sparsity": 0.572265625, "pruning_sqnr": 13.254034048343545, "pruning_mse": 0.01456451416015625, "pruning_sqnr_corrected": 7.174683725451288, "pruning_mse_corrected": 0.059051513671875}, "layers.8.0.layers.0": {"sample_kurtosis": 3.9720404521118384, "quant_sqnr": 16.11077837672721, "quant_mse": 0.007873140275478363, "quant_sparsity": 0.3723958432674408, "pruning_sqnr": 9.928862911218717, "pruning_mse": 0.032684326171875, "pruning_sqnr_corrected": 7.041950367792101, "pruning_mse_corrected": 0.06353759765625}, "layers.8.0.layers.3": {"sample_kurtosis": -0.6182771986446727, "quant_sqnr": 20.92593677746828, "quant_mse": 0.001731972093693912, "quant_sparsity": 0.0902777761220932, "pruning_sqnr": 4.685501804407147, "pruning_mse": 0.0728759765625, "pruning_sqnr_corrected": 4.326145311499849, "pruning_mse_corrected": 0.07916259765625}, "layers.8.0.layers.6": {"sample_kurtosis": 4.845136184280004, "quant_sqnr": 15.532327007079424, "quant_mse": 0.007642535027116537, "quant_sparsity": 0.3125, "pruning_sqnr": 8.841055623584534, "pruning_mse": 0.035675048828125, "pruning_sqnr_corrected": 6.861591568026832, "pruning_mse_corrected": 0.0562744140625}, "layers.8.1.layers.0": {"sample_kurtosis": 5.672846316660991, "quant_sqnr": 14.672652419632186, "quant_mse": 0.004035456106066704, "quant_sparsity": 0.3489583432674408, "pruning_sqnr": 8.181239953115787, "pruning_mse": 0.0179901123046875, "pruning_sqnr_corrected": 5.934115131455071, "pruning_mse_corrected": 0.030181884765625}, "layers.8.1.layers.3": {"sample_kurtosis": 2.68506384974497, "quant_sqnr": 16.877053199768053, "quant_mse": 0.004444862715899944, "quant_sparsity": 0.3256172835826874, "pruning_sqnr": 9.122437840405526, "pruning_mse": 0.0265045166015625, "pruning_sqnr_corrected": 6.626476807605217, "pruning_mse_corrected": 0.047088623046875}, "layers.8.1.layers.6": {"sample_kurtosis": 2.896672220086292, "quant_sqnr": 15.954233408506141, "quant_mse": 0.002370544709265232, "quant_sparsity": 0.2864583432674408, "pruning_sqnr": 7.549391508151908, "pruning_mse": 0.01641845703125, "pruning_sqnr_corrected": 5.750970215923788, "pruning_mse_corrected": 0.02484130859375}, "layers.8.2.layers.0": {"sample_kurtosis": 1.4825931668059464, "quant_sqnr": 17.56638146299179, "quant_mse": 0.0015670248540118337, "quant_sparsity": 0.2152777761220932, "pruning_sqnr": 7.000080998869099, "pruning_mse": 0.017852783203125, "pruning_sqnr_corrected": 5.7091340350745226, "pruning_mse_corrected": 0.0240325927734375}, "layers.8.2.layers.3": {"sample_kurtosis": 1.3839282058704931, "quant_sqnr": 16.978142361218328, "quant_mse": 0.003808951238170266, "quant_sparsity": 0.20987653732299805, "pruning_sqnr": 6.801262316747958, "pruning_mse": 0.0396728515625, "pruning_sqnr_corrected": 5.537700019789201, "pruning_mse_corrected": 0.053070068359375}, "layers.8.2.layers.6": {"sample_kurtosis": 1.5595144694243794, "quant_sqnr": 17.05415306971183, "quant_mse": 0.0016056320164352655, "quant_sparsity": 0.23321759700775146, "pruning_sqnr": 6.790994534781519, "pruning_mse": 0.017059326171875, "pruning_sqnr_corrected": 5.394568833136183, "pruning_mse_corrected": 0.023529052734375}, "layers.9.0.layers.0": {"sample_kurtosis": 6.699844473374593, "quant_sqnr": 14.663648682429189, "quant_mse": 0.007908307015895844, "quant_sparsity": 0.38252314925193787, "pruning_sqnr": 9.266219876627055, "pruning_mse": 0.02740478515625, "pruning_sqnr_corrected": 6.693122994248534, "pruning_mse_corrected": 0.049560546875}, "layers.9.0.layers.3": {"sample_kurtosis": 1.7496149585798815, "quant_sqnr": 17.390248294773375, "quant_mse": 0.0018277987837791443, "quant_sparsity": 0.34388890862464905, "pruning_sqnr": 8.598258570512892, "pruning_mse": 0.0138397216796875, "pruning_sqnr_corrected": 6.119581073704935, "pruning_mse_corrected": 0.0244903564453125}, "layers.9.0.layers.6": {"sample_kurtosis": 1.1052306817999424, "quant_sqnr": 17.57833170134468, "quant_mse": 0.002769402228295803, "quant_sparsity": 0.19756944477558136, "pruning_sqnr": 6.538398351062913, "pruning_mse": 0.035186767578125, "pruning_sqnr_corrected": 5.436503329764337, "pruning_mse_corrected": 0.04534912109375}, "layers.9.1.layers.0": {"sample_kurtosis": 0.6782909522486804, "quant_sqnr": 18.38981334314338, "quant_mse": 0.0007039013435132802, "quant_sparsity": 0.16229167580604553, "pruning_sqnr": 6.230174739428822, "pruning_mse": 0.01157379150390625, "pruning_sqnr_corrected": 5.356591407785479, "pruning_mse_corrected": 0.01415252685546875}, "layers.9.1.layers.3": {"sample_kurtosis": 10.27235818648352, "quant_sqnr": 14.302360008742149, "quant_mse": 0.002749190665781498, "quant_sparsity": 0.5176666378974915, "pruning_sqnr": 12.450117101293177, "pruning_mse": 0.00421142578125, "pruning_sqnr_corrected": 8.392744636174179, "pruning_mse_corrected": 0.01071929931640625}, "layers.9.1.layers.6": {"sample_kurtosis": 1.8414982989263207, "quant_sqnr": 16.539025320127685, "quant_mse": 0.001140222535468638, "quant_sparsity": 0.20250000059604645, "pruning_sqnr": 6.587276444327862, "pruning_mse": 0.0112762451171875, "pruning_sqnr_corrected": 5.478237081235168, "pruning_mse_corrected": 0.014556884765625}, "layers.9.2.layers.0": {"sample_kurtosis": 1.540936276855942, "quant_sqnr": 16.64311334826983, "quant_mse": 0.0009373784414492548, "quant_sparsity": 0.22479167580604553, "pruning_sqnr": 6.424737085159449, "pruning_mse": 0.009857177734375, "pruning_sqnr_corrected": 5.1619248403213565, "pruning_mse_corrected": 0.01318359375}, "layers.9.2.layers.3": {"sample_kurtosis": 9.017845732594203, "quant_sqnr": 14.346418319187668, "quant_mse": 0.002102218335494399, "quant_sparsity": 0.5080000162124634, "pruning_sqnr": 11.554982908959952, "pruning_mse": 0.003997802734375, "pruning_sqnr_corrected": 7.6829872405734045, "pruning_mse_corrected": 0.0097503662109375}, "layers.9.2.layers.6": {"sample_kurtosis": 1.8680032921810703, "quant_sqnr": 16.39324721222435, "quant_mse": 0.0009452770464122295, "quant_sparsity": 0.22187501192092896, "pruning_sqnr": 6.5977628327773195, "pruning_mse": 0.0090179443359375, "pruning_sqnr_corrected": 5.318168330681203, "pruning_mse_corrected": 0.01210784912109375}, "layers.10.0.layers.0": {"sample_kurtosis": 1.1244713351710134, "quant_sqnr": 17.224860367369175, "quant_mse": 0.001467424095608294, "quant_sparsity": 0.17166666686534882, "pruning_sqnr": 6.336396061165418, "pruning_mse": 0.01800537109375, "pruning_sqnr_corrected": 5.39387643117558, "pruning_mse_corrected": 0.022369384765625}, "layers.10.0.layers.3": {"sample_kurtosis": 1.053958734977968, "quant_sqnr": 18.81214769411095, "quant_mse": 0.0005885256687179208, "quant_sparsity": 0.2848333418369293, "pruning_sqnr": 7.732938135740657, "pruning_mse": 0.00754547119140625, "pruning_sqnr_corrected": 6.011727704230689, "pruning_mse_corrected": 0.0112152099609375}, "layers.10.0.layers.6": {"sample_kurtosis": 0.737220732863431, "quant_sqnr": 17.74323627911345, "quant_mse": 0.0008425575797446072, "quant_sparsity": 0.1665104180574417, "pruning_sqnr": 6.012672418253913, "pruning_mse": 0.01255035400390625, "pruning_sqnr_corrected": 5.138051677274946, "pruning_mse_corrected": 0.015350341796875}, "layers.10.1.layers.0": {"sample_kurtosis": 1.4898400045343276, "quant_sqnr": 17.690284739863213, "quant_mse": 0.0002511412603780627,