{"layers.0": {"sample_kurtosis": Infinity, "quant_sqnr": 32.534833889718485, "quant_mse": 0.01019817590713501, "quant_sparsity": 0.118055559694767, "pruning_sqnr": 16.193346723844975, "pruning_mse": 0.439208984375, "pruning_sqnr_corrected": 14.42680491044037, "pruning_mse_corrected": 0.65966796875}, "layers.3": {"sample_kurtosis": Infinity, "quant_sqnr": 35.492245402156044, "quant_mse": 0.013349481858313084, "quant_sparsity": 0.0763888880610466, "pruning_sqnr": 20.089815667823924, "pruning_mse": 0.463134765625, "pruning_sqnr_corrected": 19.167208898915447, "pruning_mse_corrected": 0.57275390625}, "layers.6": {"sample_kurtosis": Infinity, "quant_sqnr": 37.02991025386416, "quant_mse": 0.005907549522817135, "quant_sparsity": 0.0703125, "pruning_sqnr": 14.73127909426723, "pruning_mse": 1.0029296875, "pruning_sqnr_corrected": 13.843278079064383, "pruning_mse_corrected": 1.23046875}, "layers.8.0.layers.0": {"sample_kurtosis": Infinity, "quant_sqnr": 34.96839811685261, "quant_mse": 0.01044204831123352, "quant_sparsity": 0.03125, "pruning_sqnr": 11.894657326649343, "pruning_mse": 2.119140625, "pruning_sqnr_corrected": 11.600632511109088, "pruning_mse_corrected": 2.267578125}, "layers.8.0.layers.3": {"sample_kurtosis": Infinity, "quant_sqnr": 34.76172620915085, "quant_mse": 0.0104603236541152, "quant_sparsity": 0.04629629850387573, "pruning_sqnr": 14.108483484193776, "pruning_mse": 1.2158203125, "pruning_sqnr_corrected": 13.586505920573464, "pruning_mse_corrected": 1.37109375}, "layers.8.0.layers.6": {"sample_kurtosis": 1.1290302246845183, "quant_sqnr": 36.554330138314434, "quant_mse": 0.004946864675730467, "quant_sparsity": 0.0260416679084301, "pruning_sqnr": 12.447854092318602, "pruning_mse": 1.2734375, "pruning_sqnr_corrected": 12.154887930181452, "pruning_mse_corrected": 1.3623046875}, "layers.8.1.layers.0": {"sample_kurtosis": 1.2323146303134953, "quant_sqnr": 34.4696882731106, "quant_mse": 0.004000068176537752, "quant_sparsity": 0.0364583358168602, "pruning_sqnr": 10.887568716744372, "pruning_mse": 0.91259765625, "pruning_sqnr_corrected": 10.503104353023778, "pruning_mse_corrected": 0.9970703125}, "layers.8.1.layers.3": {"sample_kurtosis": Infinity, "quant_sqnr": 33.43367017934369, "quant_mse": 0.007731749210506678, "quant_sparsity": 0.12037037312984467, "pruning_sqnr": 18.86876526895416, "pruning_mse": 0.22119140625, "pruning_sqnr_corrected": 17.104658162020115, "pruning_mse_corrected": 0.33203125}, "layers.8.1.layers.6": {"sample_kurtosis": 1.1380709971903222, "quant_sqnr": 35.20630481967828, "quant_mse": 0.00250198133289814, "quant_sparsity": 0.03125, "pruning_sqnr": 11.912271774039631, "pruning_mse": 0.5341796875, "pruning_sqnr_corrected": 11.561598103731312, "pruning_mse_corrected": 0.5791015625}, "layers.8.2.layers.0": {"sample_kurtosis": 0.645425418298327, "quant_sqnr": 36.095052361729145, "quant_mse": 0.002442147582769394, "quant_sparsity": 0.0182291679084301, "pruning_sqnr": 10.419051270842319, "pruning_mse": 0.90234375, "pruning_sqnr_corrected": 10.225999718888453, "pruning_mse_corrected": 0.943359375}, "layers.8.2.layers.3": {"sample_kurtosis": Infinity, "quant_sqnr": 32.858436588896595, "quant_mse": 0.007596997078508139, "quant_sparsity": 0.03703703731298447, "pruning_sqnr": 15.704042098114307, "pruning_mse": 0.39453125, "pruning_sqnr_corrected": 15.255075609238917, "pruning_mse_corrected": 0.4375}, "layers.8.2.layers.6": {"sample_kurtosis": 0.6536836994464656, "quant_sqnr": 35.40033782535711, "quant_mse": 0.002421947428956628, "quant_sparsity": 0.02473958395421505, "pruning_sqnr": 10.664420894205263, "pruning_mse": 0.720703125, "pruning_sqnr_corrected": 10.412916981837197, "pruning_mse_corrected": 0.763671875}, "layers.9.0.layers.0": {"sample_kurtosis": Infinity, "quant_sqnr": 34.19519747756081, "quant_mse": 0.006446582730859518, "quant_sparsity": 0.0455729179084301, "pruning_sqnr": 12.284253994665198, "pruning_mse": 1.0009765625, "pruning_sqnr_corrected": 11.761914307737825, "pruning_mse_corrected": 1.12890625}, "layers.9.0.layers.3": {"sample_kurtosis": 1.9890806829858256, "quant_sqnr": 35.55316927311013, "quant_mse": 0.001964087598025799, "quant_sparsity": 0.06333333253860474, "pruning_sqnr": 15.420213382730324, "pruning_mse": 0.2025146484375, "pruning_sqnr_corrected": 14.429700096699062, "pruning_mse_corrected": 0.25439453125}, "layers.9.0.layers.6": {"sample_kurtosis": Infinity, "quant_sqnr": 33.942226215057474, "quant_mse": 0.0055977096781134605, "quant_sparsity": 0.0243055559694767, "pruning_sqnr": 10.449838186898395, "pruning_mse": 1.2509765625, "pruning_sqnr_corrected": 10.183558408577593, "pruning_mse_corrected": 1.330078125}, "layers.9.1.layers.0": {"sample_kurtosis": 0.6273700463488119, "quant_sqnr": 33.10682411961506, "quant_mse": 0.0022903233766555786, "quant_sparsity": 0.038773149251937866, "pruning_sqnr": 10.461500663454807, "pruning_mse": 0.421142578125, "pruning_sqnr_corrected": 10.028162694524658, "pruning_mse_corrected": 0.46533203125}, "layers.9.1.layers.3": {"sample_kurtosis": Infinity, "quant_sqnr": 29.05588033522705, "quant_mse": 0.007704579271376133, "quant_sparsity": 0.16833333671092987, "pruning_sqnr": 19.552185102234077, "pruning_mse": 0.0687255859375, "pruning_sqnr_corrected": 17.257235334910078, "pruning_mse_corrected": 0.1165771484375}, "layers.9.1.layers.6": {"sample_kurtosis": 0.39238463335386164, "quant_sqnr": 33.744966262787706, "quant_mse": 0.0021472093649208546, "quant_sparsity": 0.02604166604578495, "pruning_sqnr": 9.899437665335633, "pruning_mse": 0.5205078125, "pruning_sqnr_corrected": 9.630879166672289, "pruning_mse_corrected": 0.5537109375}, "layers.9.2.layers.0": {"sample_kurtosis": 0.20021151431026496, "quant_sqnr": 35.40408593462479, "quant_mse": 0.0011075071524828672, "quant_sparsity": 0.01909722201526165, "pruning_sqnr": 10.062233641650966, "pruning_mse": 0.37890625, "pruning_sqnr_corrected": 9.854606805340838, "pruning_mse_corrected": 0.3974609375}, "layers.9.2.layers.3": {"sample_kurtosis": 8.907738405858092, "quant_sqnr": 30.521547323604267, "quant_mse": 0.0037829268258064985, "quant_sparsity": 0.0994444489479065, "pruning_sqnr": 16.863418184160004, "pruning_mse": 0.08782958984375, "pruning_sqnr_corrected": 15.631419252975927, "pruning_mse_corrected": 0.11663818359375}, "layers.9.2.layers.6": {"sample_kurtosis": 0.07160565976647026, "quant_sqnr": 35.94056727386841, "quant_mse": 0.0010484408121556044, "quant_sparsity": 0.020254630595445633, "pruning_sqnr": 10.029457821595884, "pruning_mse": 0.408935546875, "pruning_sqnr_corrected": 9.804620127366517, "pruning_mse_corrected": 0.4306640625}, "layers.10.0.layers.0": {"sample_kurtosis": 0.11967918946279976, "quant_sqnr": 35.677191729058734, "quant_mse": 0.0018221248174086213, "quant_sparsity": 0.022280093282461166, "pruning_sqnr": 10.118747326476642, "pruning_mse": 0.6552734375, "pruning_sqnr_corrected": 9.87338904097581, "pruning_mse_corrected": 0.693359375}, "layers.10.0.layers.3": {"sample_kurtosis": 1.0167188950536303, "quant_sqnr": 36.28272344669429, "quant_mse": 0.0006660795188508928, "quant_sparsity": 0.06111111119389534, "pruning_sqnr": 13.693338882525335, "pruning_mse": 0.12091064453125, "pruning_sqnr_corrected": 12.62411753243658, "pruning_mse_corrected": 0.1546630859375}, "layers.10.0.layers.6": {"sample_kurtosis": 0.485329006670272, "quant_sqnr": 34.506633265709574, "quant_mse": 0.0017851981101557612, "quant_sparsity": 0.02586805634200573, "pruning_sqnr": 10.23562931223288, "pruning_mse": 0.477294921875, "pruning_sqnr_corrected": 9.945634068441198, "pruning_mse_corrected": 0.51025390625}, "layers.10.1.layers.0": {"sample_kurtosis": 0.34676748620442854, "quant_sqnr": 32.95230314228988, "quant_mse": 0.0009600004996173084, "quant_sparsity": 0.02968750149011612, "pruning_sqnr": 10.076218732393649, "pruning_mse": 0.1861572265625, "pruning_sqnr_corrected": 9.752541534871078, "pruning_mse_corrected": 0.2005615234375}, "layers.10.1.layers.3": {"sample_kurtosis": 10.793957634994392, "quant_sqnr": 29.787910556769685,