{"layers.0": {"sample_kurtosis": 5.000586504121239, "quant_sqnr": 12.01782419864002, "quant_mse": 0.01897699013352394, "quant_sparsity": 0.6412037014961243, "pruning_sqnr": 9.062613198159152, "pruning_mse": 0.0374755859375, "pruning_sqnr_corrected": 4.028388652990818, "pruning_mse_corrected": 0.11944580078125}, "layers.3": {"sample_kurtosis": 6.920144861928474, "quant_sqnr": 11.834096418268306, "quant_mse": 0.060239315032958984, "quant_sparsity": 0.725694477558136, "pruning_sqnr": 12.165258962707462, "pruning_mse": 0.055816650390625, "pruning_sqnr_corrected": 4.133840004571978, "pruning_mse_corrected": 0.354736328125}, "layers.6": {"sample_kurtosis": 8.141141397575353, "quant_sqnr": 12.054319067386295, "quant_mse": 0.01919850893318653, "quant_sparsity": 0.705078125, "pruning_sqnr": 10.373039182451427, "pruning_mse": 0.0282745361328125, "pruning_sqnr_corrected": 4.452008959220195, "pruning_mse_corrected": 0.11053466796875}, "layers.8.0.layers.0": {"sample_kurtosis": 3.9720404521118384, "quant_sqnr": 11.44246962093725, "quant_mse": 0.02306634932756424, "quant_sparsity": 0.5442708730697632, "pruning_sqnr": 8.007401621257221, "pruning_mse": 0.050872802734375, "pruning_sqnr_corrected": 4.444951523259494, "pruning_mse_corrected": 0.11553955078125}, "layers.8.0.layers.3": {"sample_kurtosis": -0.6182771986446727, "quant_sqnr": 14.729118697308834, "quant_mse": 0.007214773446321487, "quant_sparsity": 0.1805555522441864, "pruning_sqnr": 3.6256954023048324, "pruning_mse": 0.093017578125, "pruning_sqnr_corrected": 3.0725743935867107, "pruning_mse_corrected": 0.10565185546875}, "layers.8.0.layers.6": {"sample_kurtosis": 4.845136184280004, "quant_sqnr": 10.552075044309015, "quant_mse": 0.02405817247927189, "quant_sparsity": 0.4982638955116272, "pruning_sqnr": 7.27387010914208, "pruning_mse": 0.051177978515625, "pruning_sqnr_corrected": 4.611191215094386, "pruning_mse_corrected": 0.094482421875}, "layers.8.1.layers.0": {"sample_kurtosis": 5.672846316660991, "quant_sqnr": 10.58557323314951, "quant_mse": 0.010341905057430267, "quant_sparsity": 0.46932870149612427, "pruning_sqnr": 6.558804374411573, "pruning_mse": 0.0261383056640625, "pruning_sqnr_corrected": 4.2336347861737575, "pruning_mse_corrected": 0.044647216796875}, "layers.8.1.layers.3": {"sample_kurtosis": 2.68506384974497, "quant_sqnr": 11.703464922713378, "quant_mse": 0.014629085548222065, "quant_sparsity": 0.4938271641731262, "pruning_sqnr": 7.222913224852432, "pruning_mse": 0.041046142578125, "pruning_sqnr_corrected": 4.238522038977044, "pruning_mse_corrected": 0.08160400390625}, "layers.8.1.layers.6": {"sample_kurtosis": 2.896672220086292, "quant_sqnr": 11.312198964921423, "quant_mse": 0.006903218105435371, "quant_sparsity": 0.39699074625968933, "pruning_sqnr": 5.9670000438635515, "pruning_mse": 0.0236358642578125, "pruning_sqnr_corrected": 4.120030761354573, "pruning_mse_corrected": 0.036163330078125}, "layers.8.2.layers.0": {"sample_kurtosis": 1.4825931668059464, "quant_sqnr": 12.3505776655303, "quant_mse": 0.0052078235894441605, "quant_sparsity": 0.33912035822868347, "pruning_sqnr": 5.486094354188168, "pruning_mse": 0.025299072265625, "pruning_sqnr_corrected": 3.934456156229677, "pruning_mse_corrected": 0.036163330078125}, "layers.8.2.layers.3": {"sample_kurtosis": 1.3839282058704931, "quant_sqnr": 12.366657799294135, "quant_mse": 0.011014223098754883, "quant_sparsity": 0.32870370149612427, "pruning_sqnr": 5.2783788729173935, "pruning_mse": 0.05633544921875, "pruning_sqnr_corrected": 3.8076981990038066, "pruning_mse_corrected": 0.07904052734375}, "layers.8.2.layers.6": {"sample_kurtosis": 1.5595144694243794, "quant_sqnr": 12.43512440900888, "quant_mse": 0.004651027265936136, "quant_sparsity": 0.34259259700775146, "pruning_sqnr": 5.283347778668988, "pruning_mse": 0.024139404296875, "pruning_sqnr_corrected": 3.7768117483622516, "pruning_mse_corrected": 0.034149169921875}, "layers.9.0.layers.0": {"sample_kurtosis": 6.699844473374593, "quant_sqnr": 9.94924496596293, "quant_mse": 0.023416602984070778, "quant_sparsity": 0.5306712985038757, "pruning_sqnr": 7.613029591062479, "pruning_mse": 0.04010009765625, "pruning_sqnr_corrected": 4.686154113126256, "pruning_mse_corrected": 0.07867431640625}, "layers.9.0.layers.3": {"sample_kurtosis": 1.7496149585798815, "quant_sqnr": 12.104694369876132, "quant_mse": 0.006172822322696447, "quant_sparsity": 0.49722224473953247, "pruning_sqnr": 6.816646295435621, "pruning_mse": 0.0208587646484375, "pruning_sqnr_corrected": 3.781004502811217, "pruning_mse_corrected": 0.041961669921875}, "layers.9.0.layers.6": {"sample_kurtosis": 1.1052306817999424, "quant_sqnr": 12.861158107368972, "quant_mse": 0.008205468766391277, "quant_sparsity": 0.31111112236976624, "pruning_sqnr": 5.142720180805388, "pruning_mse": 0.04852294921875, "pruning_sqnr_corrected": 3.820203858862892, "pruning_mse_corrected": 0.0657958984375}, "layers.9.1.layers.0": {"sample_kurtosis": 0.6782909522486804, "quant_sqnr": 13.210427209191407, "quant_mse": 0.002319799270480871, "quant_sparsity": 0.26895833015441895, "pruning_sqnr": 4.8761330365641715, "pruning_mse": 0.01580810546875, "pruning_sqnr_corrected": 3.778172294851012, "pruning_mse_corrected": 0.020355224609375}, "layers.9.1.layers.3": {"sample_kurtosis": 10.27235818648352, "quant_sqnr": 9.502226478980942, "quant_mse": 0.008302678354084492, "quant_sparsity": 0.7513332962989807, "pruning_sqnr": 10.665665456801591, "pruning_mse": 0.006351470947265625, "pruning_sqnr_corrected": 4.992469246947903, "pruning_mse_corrected": 0.0234527587890625}, "layers.9.1.layers.6": {"sample_kurtosis": 1.8414982989263207, "quant_sqnr": 11.74133358829591, "quant_mse": 0.003441587323322892, "quant_sparsity": 0.31208333373069763, "pruning_sqnr": 5.217626374673314, "pruning_mse": 0.0154571533203125, "pruning_sqnr_corrected": 3.941526260951176, "pruning_mse_corrected": 0.0207366943359375}, "layers.9.2.layers.0": {"sample_kurtosis": 1.540936276855942, "quant_sqnr": 12.300376138704658, "quant_mse": 0.0025479369796812534, "quant_sparsity": 0.3239583373069763, "pruning_sqnr": 5.018547676224825, "pruning_mse": 0.0136260986328125, "pruning_sqnr_corrected": 3.659905625661464, "pruning_mse_corrected": 0.0186309814453125}, "layers.9.2.layers.3": {"sample_kurtosis": 9.017845732594203, "quant_sqnr": 9.816495362531597, "quant_mse": 0.0059658195823431015, "quant_sparsity": 0.6506666541099548, "pruning_sqnr": 9.695735291312706, "pruning_mse": 0.006134033203125, "pruning_sqnr_corrected": 5.184212508407406, "pruning_mse_corrected": 0.017333984375}, "layers.9.2.layers.6": {"sample_kurtosis": 1.8680032921810703, "quant_sqnr": 12.302995248312357, "quant_mse": 0.0024242885410785675, "quant_sparsity": 0.32791668176651, "pruning_sqnr": 5.157001606532141, "pruning_mse": 0.01256561279296875, "pruning_sqnr_corrected": 3.7522150209993494, "pruning_mse_corrected": 0.017364501953125}, "layers.10.0.layers.0": {"sample_kurtosis": 1.1244713351710134, "quant_sqnr": 12.576811786015083, "quant_mse": 0.004279179498553276, "quant_sparsity": 0.28187501430511475, "pruning_sqnr": 4.960065988800362, "pruning_mse": 0.02471923828125, "pruning_sqnr_corrected": 3.7959565765120096, "pruning_mse_corrected": 0.032318115234375}, "layers.10.0.layers.3": {"sample_kurtosis": 1.053958734977968, "quant_sqnr": 13.278781786103194, "quant_mse": 0.002104272600263357, "quant_sparsity": 0.4321666657924652, "pruning_sqnr": 6.226723906794175, "pruning_mse": 0.01067352294921875, "pruning_sqnr_corrected": 3.7684940167885723, "pruning_mse_corrected": 0.018798828125}, "layers.10.0.layers.6": {"sample_kurtosis": 0.737220732863431, "quant_sqnr": 12.868426987230366, "quant_mse": 0.002588692819699645, "quant_sparsity": 0.269427090883255, "pruning_sqnr": 4.706890895065356, "pruning_mse": 0.0169525146484375, "pruning_sqnr_corrected": 3.647269176003554, "pruning_mse_corrected": 0.021636962890625}, "layers.10.1.layers.0": {"sample_kurtosis": 1.4898400045343276, "quant_sqnr": 12.834615626293143, "quant_mse": 0.0007682188879698515,