{"layers.0": {"sample_kurtosis": Infinity, "quant_sqnr": 10.87476771044329, "quant_mse": 1.4946142435073853, "quant_sparsity": 0.5787037014961243, "pruning_sqnr": 7.413381628301714, "pruning_mse": 3.31640625, "pruning_sqnr_corrected": 3.849136254302395, "pruning_mse_corrected": 7.53515625}, "layers.3": {"sample_kurtosis": Infinity, "quant_sqnr": 11.816569158952099, "quant_mse": 3.111945867538452, "quant_sparsity": 0.6805555820465088, "pruning_sqnr": 9.616974598655089, "pruning_mse": 5.1640625, "pruning_sqnr_corrected": 4.097236332360851, "pruning_mse_corrected": 18.40625}, "layers.6": {"sample_kurtosis": Infinity, "quant_sqnr": 13.675490077537207, "quant_mse": 1.2789376974105835, "quant_sparsity": 0.4453125, "pruning_sqnr": 6.152319429431346, "pruning_mse": 7.23046875, "pruning_sqnr_corrected": 3.8820546296964005, "pruning_mse_corrected": 12.1953125}, "layers.8.0.layers.0": {"sample_kurtosis": Infinity, "quant_sqnr": 12.278203512670531, "quant_mse": 1.9400153160095215, "quant_sparsity": 0.3802083432674408, "pruning_sqnr": 5.4293101185479955, "pruning_mse": 9.390625, "pruning_sqnr_corrected": 3.6085928812370764, "pruning_mse_corrected": 14.28125}, "layers.8.0.layers.3": {"sample_kurtosis": Infinity, "quant_sqnr": 11.583606667508043, "quant_mse": 2.1744883060455322, "quant_sparsity": 0.472222238779068, "pruning_sqnr": 7.419910921590955, "pruning_mse": 5.671875, "pruning_sqnr_corrected": 4.643092789596968, "pruning_mse_corrected": 10.75}, "layers.8.0.layers.6": {"sample_kurtosis": 1.1290302246845183, "quant_sqnr": 13.035299211559346, "quant_mse": 1.1123286485671997, "quant_sparsity": 0.3489583432674408, "pruning_sqnr": 5.93650153515362, "pruning_mse": 5.703125, "pruning_sqnr_corrected": 4.19148263047476, "pruning_mse_corrected": 8.5234375}, "layers.8.1.layers.0": {"sample_kurtosis": 1.2323146303134953, "quant_sqnr": 12.087087855553555, "quant_mse": 0.6923527717590332, "quant_sparsity": 0.3229166865348816, "pruning_sqnr": 5.155163722466303, "pruning_mse": 3.416015625, "pruning_sqnr_corrected": 3.748498852005538, "pruning_mse_corrected": 4.72265625}, "layers.8.1.layers.3": {"sample_kurtosis": Infinity, "quant_sqnr": 11.693007502763722, "quant_mse": 1.1543673276901245, "quant_sparsity": 0.6574074029922485, "pruning_sqnr": 9.13565129805529, "pruning_mse": 2.080078125, "pruning_sqnr_corrected": 3.4829391625830315, "pruning_mse_corrected": 7.64453125}, "layers.8.1.layers.6": {"sample_kurtosis": 1.1380709971903222, "quant_sqnr": 12.803011718683774, "quant_mse": 0.43512433767318726, "quant_sparsity": 0.3359375, "pruning_sqnr": 5.471974611625255, "pruning_mse": 2.353515625, "pruning_sqnr_corrected": 3.962054812419084, "pruning_mse_corrected": 3.33203125}, "layers.8.2.layers.0": {"sample_kurtosis": 0.645425418298327, "quant_sqnr": 13.006734666169528, "quant_mse": 0.49728307127952576, "quant_sparsity": 0.2799479365348816, "pruning_sqnr": 4.859160831922653, "pruning_mse": 3.24609375, "pruning_sqnr_corrected": 3.741086427247521, "pruning_mse_corrected": 4.19921875}, "layers.8.2.layers.3": {"sample_kurtosis": Infinity, "quant_sqnr": 11.012903391237302, "quant_mse": 1.1619709730148315, "quant_sparsity": 0.6041666865348816, "pruning_sqnr": 7.767659398568771, "pruning_mse": 2.453125, "pruning_sqnr_corrected": 3.391971366865244, "pruning_mse_corrected": 6.71875}, "layers.8.2.layers.6": {"sample_kurtosis": 0.6536836994464656, "quant_sqnr": 13.58814654490844, "quant_mse": 0.367607057094574, "quant_sparsity": 0.26171875, "pruning_sqnr": 4.986540852591264, "pruning_mse": 2.6640625, "pruning_sqnr_corrected": 3.854951892177799, "pruning_mse_corrected": 3.45703125}, "layers.9.0.layers.0": {"sample_kurtosis": Infinity, "quant_sqnr": 12.24110170847445, "quant_mse": 1.010972023010254, "quant_sparsity": 0.3502604365348816, "pruning_sqnr": 6.028620127597799, "pruning_mse": 4.2265625, "pruning_sqnr_corrected": 4.3053322943130095, "pruning_mse_corrected": 6.28515625}, "layers.9.0.layers.3": {"sample_kurtosis": 1.9890806829858256, "quant_sqnr": 12.855786391566724, "quant_mse": 0.36550989747047424, "quant_sparsity": 0.4883333444595337, "pruning_sqnr": 7.352527563627174, "pruning_mse": 1.2978515625, "pruning_sqnr_corrected": 4.00895840571457, "pruning_mse_corrected": 2.802734375}, "layers.9.0.layers.6": {"sample_kurtosis": Infinity, "quant_sqnr": 13.152459804564439, "quant_mse": 0.6714087724685669, "quant_sparsity": 0.292534738779068, "pruning_sqnr": 4.852668290522515, "pruning_mse": 4.5390625, "pruning_sqnr_corrected": 3.674879901029817, "pruning_mse_corrected": 5.953125}, "layers.9.1.layers.0": {"sample_kurtosis": 0.6273700463488119, "quant_sqnr": 13.158063346091941, "quant_mse": 0.22634603083133698, "quant_sparsity": 0.27662035822868347, "pruning_sqnr": 4.824970444185168, "pruning_mse": 1.5419921875, "pruning_sqnr_corrected": 3.6785606410357294, "pruning_mse_corrected": 2.0078125}, "layers.9.1.layers.3": {"sample_kurtosis": Infinity, "quant_sqnr": 9.613930024456321, "quant_mse": 0.6775540709495544, "quant_sparsity": 0.7766667008399963, "pruning_sqnr": 11.848505233864124, "pruning_mse": 0.405029296875, "pruning_sqnr_corrected": 4.816602407399871, "pruning_mse_corrected": 2.044921875}, "layers.9.1.layers.6": {"sample_kurtosis": 0.39238463335386164, "quant_sqnr": 13.341368549644324, "quant_mse": 0.23563194274902344, "quant_sparsity": 0.2395833283662796, "pruning_sqnr": 4.439013890083761, "pruning_mse": 1.830078125, "pruning_sqnr_corrected": 3.5569909183419957, "pruning_mse_corrected": 2.2421875}, "layers.9.2.layers.0": {"sample_kurtosis": 0.20021151431026496, "quant_sqnr": 13.385535063600223, "quant_mse": 0.17627942562103271, "quant_sparsity": 0.25578704476356506, "pruning_sqnr": 4.4830707612866405, "pruning_mse": 1.369140625, "pruning_sqnr_corrected": 3.49295733792027, "pruning_mse_corrected": 1.7197265625}, "layers.9.2.layers.3": {"sample_kurtosis": 8.907738405858092, "quant_sqnr": 9.480985472879293, "quant_mse": 0.48071107268333435, "quant_sparsity": 0.6916666626930237, "pruning_sqnr": 9.825099219611596, "pruning_mse": 0.444091796875, "pruning_sqnr_corrected": 4.883002342392068, "pruning_mse_corrected": 1.3857421875}, "layers.9.2.layers.6": {"sample_kurtosis": 0.07160565976647026, "quant_sqnr": 13.744569599602938, "quant_mse": 0.1738375872373581, "quant_sparsity": 0.24074074625968933, "pruning_sqnr": 4.39075242591528, "pruning_mse": 1.498046875, "pruning_sqnr_corrected": 3.431856321771943, "pruning_mse_corrected": 1.8681640625}, "layers.10.0.layers.0": {"sample_kurtosis": 0.11967918946279976, "quant_sqnr": 13.945976073539148, "quant_mse": 0.27145615220069885, "quant_sparsity": 0.26331019401550293, "pruning_sqnr": 4.487226944256709, "pruning_mse": 2.396484375, "pruning_sqnr_corrected": 3.4527864458455495, "pruning_mse_corrected": 3.041015625}, "layers.10.0.layers.3": {"sample_kurtosis": 1.0167188950536303, "quant_sqnr": 13.306609591305993, "quant_mse": 0.1321713924407959, "quant_sparsity": 0.45944446325302124, "pruning_sqnr": 6.292702515958023, "pruning_mse": 0.66455078125, "pruning_sqnr_corrected": 3.603513071887896, "pruning_mse_corrected": 1.234375}, "layers.10.0.layers.6": {"sample_kurtosis": 0.485329006670272, "quant_sqnr": 13.17404784602898, "quant_mse": 0.2426302582025528, "quant_sparsity": 0.2788194417953491, "pruning_sqnr": 4.6174200192635535, "pruning_mse": 1.740234375, "pruning_sqnr_corrected": 3.5243508833185895, "pruning_mse_corrected": 2.23828125}, "layers.10.1.layers.0": {"sample_kurtosis": 0.34676748620442854, "quant_sqnr": 13.408607430535541, "quant_mse": 0.08642532676458359, "quant_sparsity": 0.2447916716337204, "pruning_sqnr": 4.480095454848967, "pruning_mse": 0.67529296875, "pruning_sqnr_corrected": 3.5406143043329075, "pruning_mse_corrected": 0.83837890625}, "layers.10.1.layers.3": {"sample_kurtosis": 10.793957634994392, "quant_sqnr": 9.171883046121703, "quant_mse": 0.23480622470378876, "quant_sparsity": 0.7046666741371155, "pruning_sqnr": 9.912370042266215, "pruning_mse": 0.197998046875, "pruning_sqnr_corrected": 5.255095124276736,