{"layers.0": {"sample_kurtosis": Infinity, "quant_sqnr": 38.46055176038641, "quant_mse": 0.0026058577932417393, "quant_sparsity": 0.06481481343507767, "pruning_sqnr": 18.389360975455006, "pruning_mse": 0.264892578125, "pruning_sqnr_corrected": 17.319763696112126, "pruning_mse_corrected": 0.3388671875}, "layers.3": {"sample_kurtosis": Infinity, "quant_sqnr": 40.55047646741522, "quant_mse": 0.0041652522049844265, "quant_sparsity": 0.0347222238779068, "pruning_sqnr": 22.605156331477584, "pruning_mse": 0.259521484375, "pruning_sqnr_corrected": 21.97143786231657, "pruning_mse_corrected": 0.30029296875}, "layers.6": {"sample_kurtosis": Infinity, "quant_sqnr": 43.16561708615459, "quant_mse": 0.0014382576337084174, "quant_sparsity": 0.0390625, "pruning_sqnr": 17.123766463010814, "pruning_mse": 0.578125, "pruning_sqnr_corrected": 16.45534670109351, "pruning_mse_corrected": 0.67431640625}, "layers.8.0.layers.0": {"sample_kurtosis": Infinity, "quant_sqnr": 41.35713151280228, "quant_mse": 0.00239834887906909, "quant_sparsity": 0.015625, "pruning_sqnr": 13.816626927514733, "pruning_mse": 1.361328125, "pruning_sqnr_corrected": 13.64557464278489, "pruning_mse_corrected": 1.416015625}, "layers.8.0.layers.3": {"sample_kurtosis": Infinity, "quant_sqnr": 41.16452111489763, "quant_mse": 0.0023947800509631634, "quant_sparsity": 0.023148149251937866, "pruning_sqnr": 16.029277128591893, "pruning_mse": 0.78125, "pruning_sqnr_corrected": 15.712668251875538, "pruning_mse_corrected": 0.84033203125}, "layers.8.0.layers.6": {"sample_kurtosis": 1.1290302246845183, "quant_sqnr": 42.409935511064134, "quant_mse": 0.0012846046593040228, "quant_sparsity": 0.010416666977107525, "pruning_sqnr": 14.104290768284994, "pruning_mse": 0.86962890625, "pruning_sqnr_corrected": 13.965112670536652, "pruning_mse_corrected": 0.89794921875}, "layers.8.1.layers.0": {"sample_kurtosis": 1.2323146303134953, "quant_sqnr": 40.169802289470375, "quant_mse": 0.0010766040068119764, "quant_sparsity": 0.02083333395421505, "pruning_sqnr": 12.52817043308583, "pruning_mse": 0.62548828125, "pruning_sqnr_corrected": 12.24597658485447, "pruning_mse_corrected": 0.66748046875}, "layers.8.1.layers.3": {"sample_kurtosis": Infinity, "quant_sqnr": 39.789182145880446, "quant_mse": 0.0017894788179546595, "quant_sparsity": 0.04629629850387573, "pruning_sqnr": 20.977598528520307, "pruning_mse": 0.1361083984375, "pruning_sqnr_corrected": 20.20204570822351, "pruning_mse_corrected": 0.1627197265625}, "layers.8.1.layers.6": {"sample_kurtosis": 1.1380709971903222, "quant_sqnr": 41.04749027868828, "quant_mse": 0.0006518767913803458, "quant_sparsity": 0.0182291679084301, "pruning_sqnr": 13.714066479727895, "pruning_mse": 0.352783203125, "pruning_sqnr_corrected": 13.44600627565611, "pruning_mse_corrected": 0.375244140625}, "layers.8.2.layers.0": {"sample_kurtosis": 0.645425418298327, "quant_sqnr": 41.869484280456476, "quant_mse": 0.0006461431039497256, "quant_sparsity": 0.006510416977107525, "pruning_sqnr": 11.99028547063933, "pruning_mse": 0.62841796875, "pruning_sqnr_corrected": 11.923315063877755, "pruning_mse_corrected": 0.63818359375}, "layers.8.2.layers.3": {"sample_kurtosis": Infinity, "quant_sqnr": 39.017253547348986, "quant_mse": 0.0018397561507299542, "quant_sparsity": 0.023148149251937866, "pruning_sqnr": 17.35876492856818, "pruning_mse": 0.26953125, "pruning_sqnr_corrected": 17.06595668636483, "pruning_mse_corrected": 0.288330078125}, "layers.8.2.layers.6": {"sample_kurtosis": 0.6536836994464656, "quant_sqnr": 41.31593162001116, "quant_mse": 0.0006203050725162029, "quant_sparsity": 0.00911458395421505, "pruning_sqnr": 12.19749690518508, "pruning_mse": 0.50634765625, "pruning_sqnr_corrected": 12.098130630062084, "pruning_mse_corrected": 0.51806640625}, "layers.9.0.layers.0": {"sample_kurtosis": Infinity, "quant_sqnr": 40.158037820594984, "quant_mse": 0.00163322314620018, "quant_sparsity": 0.0221354179084301, "pruning_sqnr": 14.025087232855192, "pruning_mse": 0.67041015625, "pruning_sqnr_corrected": 13.725665877947439, "pruning_mse_corrected": 0.71826171875}, "layers.9.0.layers.3": {"sample_kurtosis": 1.9890806829858256, "quant_sqnr": 41.51710454219572, "quant_mse": 0.0004974704934284091, "quant_sparsity": 0.02916666679084301, "pruning_sqnr": 17.896648859183287, "pruning_mse": 0.114501953125, "pruning_sqnr_corrected": 17.324839466121833, "pruning_mse_corrected": 0.130615234375}, "layers.9.0.layers.6": {"sample_kurtosis": Infinity, "quant_sqnr": 39.803310069818906, "quant_mse": 0.001451783929951489, "quant_sparsity": 0.0086805559694767, "pruning_sqnr": 12.137631256514084, "pruning_mse": 0.84814453125, "pruning_sqnr_corrected": 12.01195429638608, "pruning_mse_corrected": 0.873046875}, "layers.9.1.layers.0": {"sample_kurtosis": 0.6273700463488119, "quant_sqnr": 39.04628985290248, "quant_mse": 0.000583378248848021, "quant_sparsity": 0.021412037312984467, "pruning_sqnr": 12.154963229783927, "pruning_mse": 0.28515625, "pruning_sqnr_corrected": 11.86029152746717, "pruning_mse_corrected": 0.30517578125}, "layers.9.1.layers.3": {"sample_kurtosis": Infinity, "quant_sqnr": 35.34135953963896, "quant_mse": 0.0018121786415576935, "quant_sparsity": 0.09666667133569717, "pruning_sqnr": 21.588759032933602, "pruning_mse": 0.042999267578125, "pruning_sqnr_corrected": 20.00718945741418, "pruning_mse_corrected": 0.0618896484375}, "layers.9.1.layers.6": {"sample_kurtosis": 0.39238463335386164, "quant_sqnr": 40.03094405040969, "quant_mse": 0.0005049828323535621, "quant_sparsity": 0.010416666977107525, "pruning_sqnr": 11.50823156886618, "pruning_mse": 0.359375, "pruning_sqnr_corrected": 11.368873789433254, "pruning_mse_corrected": 0.37109375}, "layers.9.2.layers.0": {"sample_kurtosis": 0.20021151431026496, "quant_sqnr": 41.43504127434053, "quant_mse": 0.0002762173826340586, "quant_sparsity": 0.009837962687015533, "pruning_sqnr": 11.7304009377984, "pruning_mse": 0.258056640625, "pruning_sqnr_corrected": 11.604861857251052, "pruning_mse_corrected": 0.265625}, "layers.9.2.layers.3": {"sample_kurtosis": 8.907738405858092, "quant_sqnr": 36.53912380709735, "quant_mse": 0.0009463903261348605, "quant_sparsity": 0.05055555701255798, "pruning_sqnr": 18.745209686061056, "pruning_mse": 0.05694580078125, "pruning_sqnr_corrected": 17.994710662034453, "pruning_mse_corrected": 0.06768798828125}, "layers.9.2.layers.6": {"sample_kurtosis": 0.07160565976647026, "quant_sqnr": 42.0349822317865, "quant_mse": 0.00025769288185983896, "quant_sparsity": 0.012731481343507767, "pruning_sqnr": 11.715822621574524, "pruning_mse": 0.27734375, "pruning_sqnr_corrected": 11.554467884373633, "pruning_mse_corrected": 0.287841796875}, "layers.10.0.layers.0": {"sample_kurtosis": 0.11967918946279976, "quant_sqnr": 41.34974511072406, "quant_mse": 0.0004935404867865145, "quant_sparsity": 0.014178240671753883, "pruning_sqnr": 11.813023168365845, "pruning_mse": 0.443603515625, "pruning_sqnr_corrected": 11.619036431917898, "pruning_mse_corrected": 0.4638671875}, "layers.10.0.layers.3": {"sample_kurtosis": 1.0167188950536303, "quant_sqnr": 42.156413537674446, "quant_mse": 0.00017224914336111397, "quant_sparsity": 0.028333334252238274, "pruning_sqnr": 16.450290647211425, "pruning_mse": 0.0640869140625, "pruning_sqnr_corrected": 15.802146581726985, "pruning_mse_corrected": 0.07440185546875}, "layers.10.0.layers.6": {"sample_kurtosis": 0.485329006670272, "quant_sqnr": 40.38771899015892, "quant_mse": 0.0004608693707268685, "quant_sparsity": 0.01215277798473835, "pruning_sqnr": 11.928217078514926, "pruning_mse": 0.3232421875, "pruning_sqnr_corrected": 11.754604753835666, "pruning_mse_corrected": 0.33642578125}, "layers.10.1.layers.0": {"sample_kurtosis": 0.34676748620442854, "quant_sqnr": 38.59638190678115, "quant_mse": 0.0002617360732983798, "quant_sparsity": 0.01666666753590107, "pruning_sqnr": 11.734409874116334, "pruning_mse": 0.1270751953125, "pruning_sqnr_corrected": 11.506850893474585, "pruning_mse_corrected": 0.1339111328125},