{"layers.0": {"sample_kurtosis": Infinity, "quant_sqnr": 20.929031469410326, "quant_mse": 0.14760556817054749, "quant_sparsity": 0.2777777910232544, "pruning_sqnr": 11.667956596321126, "pruning_mse": 1.2451171875, "pruning_sqnr_corrected": 8.775040672393754, "pruning_mse_corrected": 2.423828125}, "layers.3": {"sample_kurtosis": Infinity, "quant_sqnr": 22.81056666133841, "quant_mse": 0.24753253161907196, "quant_sparsity": 0.3958333432674408, "pruning_sqnr": 15.621179834786572, "pruning_mse": 1.2958984375, "pruning_sqnr_corrected": 10.005026141543585, "pruning_mse_corrected": 4.72265625}, "layers.6": {"sample_kurtosis": Infinity, "quant_sqnr": 24.740654298879342, "quant_mse": 0.10007669776678085, "quant_sparsity": 0.203125, "pruning_sqnr": 10.122344564170117, "pruning_mse": 2.8984375, "pruning_sqnr_corrected": 8.096536170681084, "pruning_mse_corrected": 4.62109375}, "layers.8.0.layers.0": {"sample_kurtosis": Infinity, "quant_sqnr": 23.270002443976715, "quant_mse": 0.15439216792583466, "quant_sparsity": 0.171875, "pruning_sqnr": 8.582857604570531, "pruning_mse": 4.54296875, "pruning_sqnr_corrected": 7.352181791857841, "pruning_mse_corrected": 6.03125}, "layers.8.0.layers.3": {"sample_kurtosis": Infinity, "quant_sqnr": 23.11368132860878, "quant_mse": 0.15287962555885315, "quant_sparsity": 0.1944444477558136, "pruning_sqnr": 10.727280146561071, "pruning_mse": 2.6484375, "pruning_sqnr_corrected": 9.145078908564786, "pruning_mse_corrected": 3.8125}, "layers.8.0.layers.6": {"sample_kurtosis": 1.1290302246845183, "quant_sqnr": 24.527188398997964, "quant_mse": 0.07889404147863388, "quant_sparsity": 0.1119791716337204, "pruning_sqnr": 9.076631547163199, "pruning_mse": 2.767578125, "pruning_sqnr_corrected": 8.227477275157518, "pruning_mse_corrected": 3.365234375}, "layers.8.1.layers.0": {"sample_kurtosis": 1.2323146303134953, "quant_sqnr": 22.473460491129153, "quant_mse": 0.06334176659584045, "quant_sparsity": 0.1184895858168602, "pruning_sqnr": 7.964107080574565, "pruning_mse": 1.7890625, "pruning_sqnr_corrected": 7.153371083321267, "pruning_mse_corrected": 2.15625}, "layers.8.1.layers.3": {"sample_kurtosis": Infinity, "quant_sqnr": 21.895056900564263, "quant_mse": 0.11018921434879303, "quant_sparsity": 0.347222238779068, "pruning_sqnr": 14.347480725333192, "pruning_mse": 0.62646484375, "pruning_sqnr_corrected": 9.939714668824601, "pruning_mse_corrected": 1.728515625}, "layers.8.1.layers.6": {"sample_kurtosis": 1.1380709971903222, "quant_sqnr": 23.48805647257771, "quant_mse": 0.037162840366363525, "quant_sparsity": 0.1067708358168602, "pruning_sqnr": 8.573324964312686, "pruning_mse": 1.15234375, "pruning_sqnr_corrected": 7.769261593543374, "pruning_mse_corrected": 1.38671875}, "layers.8.2.layers.0": {"sample_kurtosis": 0.645425418298327, "quant_sqnr": 23.933409266600098, "quant_mse": 0.040173180401325226, "quant_sparsity": 0.0833333358168602, "pruning_sqnr": 7.5740115022041365, "pruning_mse": 1.7373046875, "pruning_sqnr_corrected": 7.0179594704935635, "pruning_mse_corrected": 1.974609375}, "layers.8.2.layers.3": {"sample_kurtosis": Infinity, "quant_sqnr": 21.10069951995073, "quant_mse": 0.11387166380882263, "quant_sparsity": 0.2083333283662796, "pruning_sqnr": 12.32302902771867, "pruning_mse": 0.859375, "pruning_sqnr_corrected": 10.100595193419839, "pruning_mse_corrected": 1.43359375}, "layers.8.2.layers.6": {"sample_kurtosis": 0.6536836994464656, "quant_sqnr": 23.747517387948847, "quant_mse": 0.03543616831302643, "quant_sparsity": 0.1080729216337204, "pruning_sqnr": 7.7343006577239315, "pruning_mse": 1.4150390625, "pruning_sqnr_corrected": 7.007410882780572, "pruning_mse_corrected": 1.6728515625}, "layers.9.0.layers.0": {"sample_kurtosis": Infinity, "quant_sqnr": 22.526685927932615, "quant_mse": 0.0946630984544754, "quant_sparsity": 0.1380208432674408, "pruning_sqnr": 9.136336014951446, "pruning_mse": 2.06640625, "pruning_sqnr_corrected": 8.071425775886945, "pruning_mse_corrected": 2.640625}, "layers.9.0.layers.3": {"sample_kurtosis": 1.9890806829858256, "quant_sqnr": 23.72748679292159, "quant_mse": 0.029903987422585487, "quant_sparsity": 0.2316666692495346, "pruning_sqnr": 11.21187571019728, "pruning_mse": 0.53369140625, "pruning_sqnr_corrected": 9.016495396286363, "pruning_mse_corrected": 0.884765625}, "layers.9.0.layers.6": {"sample_kurtosis": Infinity, "quant_sqnr": 23.066821404655382, "quant_mse": 0.06847796589136124, "quant_sparsity": 0.078993059694767, "pruning_sqnr": 7.538986238961337, "pruning_mse": 2.4453125, "pruning_sqnr_corrected": 7.019759390161968, "pruning_mse_corrected": 2.755859375}, "layers.9.1.layers.0": {"sample_kurtosis": 0.6273700463488119, "quant_sqnr": 22.679054744387233, "quant_mse": 0.025273986160755157, "quant_sparsity": 0.09606481343507767, "pruning_sqnr": 7.494213037378059, "pruning_mse": 0.833984375, "pruning_sqnr_corrected": 6.859025007771199, "pruning_mse_corrected": 0.96533203125}, "layers.9.1.layers.3": {"sample_kurtosis": Infinity, "quant_sqnr": 18.460073776380256, "quant_mse": 0.0883750319480896, "quant_sparsity": 0.4405555725097656, "pruning_sqnr": 15.70912534754294, "pruning_mse": 0.16650390625, "pruning_sqnr_corrected": 11.384652127208795, "pruning_mse_corrected": 0.45068359375}, "layers.9.1.layers.6": {"sample_kurtosis": 0.39238463335386164, "quant_sqnr": 23.095487409049703, "quant_mse": 0.02493574097752571, "quant_sparsity": 0.0833333358168602, "pruning_sqnr": 7.021504368022118, "pruning_mse": 1.009765625, "pruning_sqnr_corrected": 6.462636538200158, "pruning_mse_corrected": 1.1484375}, "layers.9.2.layers.0": {"sample_kurtosis": 0.20021151431026496, "quant_sqnr": 23.96235844056391, "quant_mse": 0.015435449779033661, "quant_sparsity": 0.071180559694767, "pruning_sqnr": 7.077191593601368, "pruning_mse": 0.75341796875, "pruning_sqnr_corrected": 6.597998079752566, "pruning_mse_corrected": 0.84130859375}, "layers.9.2.layers.3": {"sample_kurtosis": 8.907738405858092, "quant_sqnr": 19.42164176124994, "quant_mse": 0.04873247817158699, "quant_sparsity": 0.3283333480358124, "pruning_sqnr": 13.414295532869742, "pruning_mse": 0.1943359375, "pruning_sqnr_corrected": 10.47828279142176, "pruning_mse_corrected": 0.382080078125}, "layers.9.2.layers.6": {"sample_kurtosis": 0.07160565976647026, "quant_sqnr": 24.701030891279686, "quant_mse": 0.01394753810018301, "quant_sparsity": 0.0729166641831398, "pruning_sqnr": 7.026943247654738, "pruning_mse": 0.81640625, "pruning_sqnr_corrected": 6.538568103684614, "pruning_mse_corrected": 0.91357421875}, "layers.10.0.layers.0": {"sample_kurtosis": 0.11967918946279976, "quant_sqnr": 24.62155546857137, "quant_mse": 0.023234950378537178, "quant_sparsity": 0.0807291641831398, "pruning_sqnr": 7.153991777846577, "pruning_mse": 1.296875, "pruning_sqnr_corrected": 6.599080130410665, "pruning_mse_corrected": 1.4736328125}, "layers.10.0.layers.3": {"sample_kurtosis": 1.0167188950536303, "quant_sqnr": 24.33497760204867, "quant_mse": 0.010430392809212208, "quant_sparsity": 0.2038888931274414, "pruning_sqnr": 9.45563007239356, "pruning_mse": 0.32080078125, "pruning_sqnr_corrected": 7.801790882246383, "pruning_mse_corrected": 0.469482421875}, "layers.10.0.layers.6": {"sample_kurtosis": 0.485329006670272, "quant_sqnr": 23.459550234140366, "quant_mse": 0.022719288244843483, "quant_sparsity": 0.0911458358168602, "pruning_sqnr": 7.285726677243805, "pruning_mse": 0.94140625, "pruning_sqnr_corrected": 6.673267228405539, "pruning_mse_corrected": 1.083984375}, "layers.10.1.layers.0": {"sample_kurtosis": 0.34676748620442854, "quant_sqnr": 22.95698564535472, "quant_mse": 0.009589659981429577, "quant_sparsity": 0.08395833522081375, "pruning_sqnr": 7.134810290149181, "pruning_mse": 0.366455078125, "pruning_sqnr_corrected": 6.555975968793991, "pruning_mse_corrected": 0.418701171875}, "layers.10.1.layers.3": {"sample_kurtosis": 10.793957634994392, "quant_sqnr": 19.109177839822284, "quant_mse": 0.023822104558348656, "quant_sparsity": 0.2956666648387909, "pruning_sqnr": 13.105874564028836, "pruning_mse": 0.09490966796875,