{"layers.0": {"sample_kurtosis": 5.000586504121239, "quant_sqnr": 28.661145289046416, "quant_mse": 0.0004110505396965891, "quant_sparsity": 0.39467594027519226, "pruning_sqnr": 18.611231756723843, "pruning_mse": 0.00415802001953125, "pruning_sqnr_corrected": 11.00313497245072, "pruning_mse_corrected": 0.0239715576171875}, "layers.3": {"sample_kurtosis": 6.920144861928474, "quant_sqnr": 28.584807536514862, "quant_mse": 0.0012729428708553314, "quant_sparsity": 0.4583333432674408, "pruning_sqnr": 23.71741741740582, "pruning_mse": 0.0039043426513671875, "pruning_sqnr_corrected": 13.14982077765207, "pruning_mse_corrected": 0.04449462890625}, "layers.6": {"sample_kurtosis": 8.141141397575353, "quant_sqnr": 26.946539729698355, "quant_mse": 0.000622365390881896, "quant_sparsity": 0.41015625, "pruning_sqnr": 19.003456209441023, "pruning_mse": 0.003875732421875, "pruning_sqnr_corrected": 11.986484837416588, "pruning_mse_corrected": 0.019500732421875}, "layers.8.0.layers.0": {"sample_kurtosis": 3.9720404521118384, "quant_sqnr": 25.922470153558752, "quant_mse": 0.0008222025353461504, "quant_sparsity": 0.14453125, "pruning_sqnr": 13.672971864218761, "pruning_mse": 0.01380157470703125, "pruning_sqnr_corrected": 12.074301700371644, "pruning_mse_corrected": 0.0199432373046875}, "layers.8.0.layers.3": {"sample_kurtosis": -0.6182771986446727, "quant_sqnr": 32.844582086445314, "quant_mse": 0.00011134644591948017, "quant_sparsity": 0.030092593282461166, "pruning_sqnr": 7.104984055139488, "pruning_mse": 0.041748046875, "pruning_sqnr_corrected": 6.909448691382698, "pruning_mse_corrected": 0.043670654296875}, "layers.8.0.layers.6": {"sample_kurtosis": 4.845136184280004, "quant_sqnr": 25.418269048832475, "quant_mse": 0.0007845908403396606, "quant_sparsity": 0.1328125, "pruning_sqnr": 12.068452819382362, "pruning_mse": 0.0169677734375, "pruning_sqnr_corrected": 10.745487276505195, "pruning_mse_corrected": 0.02301025390625}, "layers.8.1.layers.0": {"sample_kurtosis": 5.672846316660991, "quant_sqnr": 24.228214503715627, "quant_mse": 0.00044702974264509976, "quant_sparsity": 0.1440972238779068, "pruning_sqnr": 11.532412981300252, "pruning_mse": 0.0083160400390625, "pruning_sqnr_corrected": 10.048424364576869, "pruning_mse_corrected": 0.0117034912109375}, "layers.8.1.layers.3": {"sample_kurtosis": 2.68506384974497, "quant_sqnr": 28.76597790264003, "quant_mse": 0.0002877172373700887, "quant_sparsity": 0.11882716417312622, "pruning_sqnr": 12.94108337768222, "pruning_mse": 0.0110015869140625, "pruning_sqnr_corrected": 11.619268364197469, "pruning_mse_corrected": 0.01491546630859375}, "layers.8.1.layers.6": {"sample_kurtosis": 2.896672220086292, "quant_sqnr": 25.69216625178767, "quant_mse": 0.00025179950171150267, "quant_sparsity": 0.11747685074806213, "pruning_sqnr": 10.877814178095424, "pruning_mse": 0.00762939453125, "pruning_sqnr_corrected": 9.688556649837656, "pruning_mse_corrected": 0.01003265380859375}, "layers.8.2.layers.0": {"sample_kurtosis": 1.4825931668059464, "quant_sqnr": 28.05503202027914, "quant_mse": 0.00014002669195178896, "quant_sparsity": 0.0798611119389534, "pruning_sqnr": 10.077714782098594, "pruning_mse": 0.0087890625, "pruning_sqnr_corrected": 9.328205091630627, "pruning_mse_corrected": 0.01044464111328125}, "layers.8.2.layers.3": {"sample_kurtosis": 1.3839282058704931, "quant_sqnr": 27.383675201435697, "quant_mse": 0.0003469382063485682, "quant_sparsity": 0.08796296268701553, "pruning_sqnr": 9.861964519783003, "pruning_mse": 0.0196075439453125, "pruning_sqnr_corrected": 9.050481618864078, "pruning_mse_corrected": 0.0236358642578125}, "layers.8.2.layers.6": {"sample_kurtosis": 1.5595144694243794, "quant_sqnr": 27.460886881684452, "quant_mse": 0.0001462085056118667, "quant_sparsity": 0.08912037312984467, "pruning_sqnr": 9.935419704901694, "pruning_mse": 0.008270263671875, "pruning_sqnr_corrected": 9.09315363414601, "pruning_mse_corrected": 0.010040283203125}, "layers.9.0.layers.0": {"sample_kurtosis": 6.699844473374593, "quant_sqnr": 25.120572322895352, "quant_mse": 0.000711854372639209, "quant_sparsity": 0.14641204476356506, "pruning_sqnr": 12.665851628745504, "pruning_mse": 0.0125274658203125, "pruning_sqnr_corrected": 11.164703307670724, "pruning_mse_corrected": 0.0177001953125}, "layers.9.0.layers.3": {"sample_kurtosis": 1.7496149585798815, "quant_sqnr": 28.496142655881513, "quant_mse": 0.00014168991765473038, "quant_sparsity": 0.13277778029441833, "pruning_sqnr": 12.61734249392483, "pruning_mse": 0.00548553466796875, "pruning_sqnr_corrected": 10.964473999576454, "pruning_mse_corrected": 0.008026123046875}, "layers.9.0.layers.6": {"sample_kurtosis": 1.1052306817999424, "quant_sqnr": 27.875101615211783, "quant_mse": 0.00025864795316010714, "quant_sparsity": 0.071180559694767, "pruning_sqnr": 9.4851327631881, "pruning_mse": 0.017852783203125, "pruning_sqnr_corrected": 8.847598428545469, "pruning_mse_corrected": 0.0206756591796875}, "layers.9.1.layers.0": {"sample_kurtosis": 0.6782909522486804, "quant_sqnr": 28.862102475069218, "quant_mse": 6.313684571068734e-05, "quant_sparsity": 0.058125000447034836, "pruning_sqnr": 9.00641718474294, "pruning_mse": 0.006107330322265625, "pruning_sqnr_corrected": 8.512106116855206, "pruning_mse_corrected": 0.00684356689453125}, "layers.9.1.layers.3": {"sample_kurtosis": 10.27235818648352, "quant_sqnr": 24.847993096708784, "quant_mse": 0.00024246081011369824, "quant_sparsity": 0.20466665923595428, "pruning_sqnr": 15.765954044240459, "pruning_mse": 0.0019626617431640625, "pruning_sqnr_corrected": 13.728448769004856, "pruning_mse_corrected": 0.0031375885009765625}, "layers.9.1.layers.6": {"sample_kurtosis": 1.8414982989263207, "quant_sqnr": 27.426461483464767, "quant_mse": 9.294927440350875e-05, "quant_sparsity": 0.07750000059604645, "pruning_sqnr": 9.424757386901621, "pruning_mse": 0.00586700439453125, "pruning_sqnr_corrected": 8.739183613360408, "pruning_mse_corrected": 0.006870269775390625}, "layers.9.2.layers.0": {"sample_kurtosis": 1.540936276855942, "quant_sqnr": 26.81081475639469, "quant_mse": 9.018718264997005e-05, "quant_sparsity": 0.11687500029802322, "pruning_sqnr": 9.401552336068182, "pruning_mse": 0.00496673583984375, "pruning_sqnr_corrected": 8.315299447359937, "pruning_mse_corrected": 0.006378173828125}, "layers.9.2.layers.3": {"sample_kurtosis": 9.017845732594203, "quant_sqnr": 24.61875658473335, "quant_mse": 0.00019744402379728854, "quant_sparsity": 0.2383333295583725, "pruning_sqnr": 15.434022813589788, "pruning_mse": 0.001636505126953125, "pruning_sqnr_corrected": 12.620457211599863, "pruning_mse_corrected": 0.0031280517578125}, "layers.9.2.layers.6": {"sample_kurtosis": 1.8680032921810703, "quant_sqnr": 25.036073986144395, "quant_mse": 0.00012920414155814797, "quant_sparsity": 0.12666666507720947, "pruning_sqnr": 9.6747077517308, "pruning_mse": 0.0044403076171875, "pruning_sqnr_corrected": 8.484485647886887, "pruning_mse_corrected": 0.005840301513671875}, "layers.10.0.layers.0": {"sample_kurtosis": 1.1244713351710134, "quant_sqnr": 26.473196577736225, "quant_mse": 0.0001744705077726394, "quant_sparsity": 0.06520833820104599, "pruning_sqnr": 9.198359451417659, "pruning_mse": 0.00931549072265625, "pruning_sqnr_corrected": 8.626004926626848, "pruning_mse_corrected": 0.01062774658203125}, "layers.10.0.layers.3": {"sample_kurtosis": 1.053958734977968, "quant_sqnr": 30.002004970486325, "quant_mse": 4.474862362258136e-05, "quant_sparsity": 0.09133332967758179, "pruning_sqnr": 11.181825820393085, "pruning_mse": 0.00341033935546875, "pruning_sqnr_corrected": 10.137596361474914, "pruning_mse_corrected": 0.004337310791015625}, "layers.10.0.layers.6": {"sample_kurtosis": 0.737220732863431, "quant_sqnr": 27.446055583254314, "quant_mse": 9.022308222483844e-05, "quant_sparsity": 0.057500001043081284, "pruning_sqnr": 8.779138914927657, "pruning_mse": 0.0066375732421875, "pruning_sqnr_corrected": 8.277608964875112, "pruning_mse_corrected": 0.007450103759765625},