{"layers.0": {"sample_kurtosis": Infinity, "quant_sqnr": 26.560055876460456, "quant_mse": 0.04036456719040871, "quant_sparsity": 0.19212962687015533, "pruning_sqnr": 13.984042465376252, "pruning_mse": 0.73046875, "pruning_sqnr_corrected": 11.327415782262367, "pruning_mse_corrected": 1.3466796875}, "layers.3": {"sample_kurtosis": Infinity, "quant_sqnr": 28.335107152565705, "quant_mse": 0.0693710446357727, "quant_sparsity": 0.1944444477558136, "pruning_sqnr": 18.079056496924423, "pruning_mse": 0.73583984375, "pruning_sqnr_corrected": 15.357697936877129, "pruning_mse_corrected": 1.376953125}, "layers.6": {"sample_kurtosis": Infinity, "quant_sqnr": 30.174433729108905, "quant_mse": 0.0286388136446476, "quant_sparsity": 0.1171875, "pruning_sqnr": 12.39926591528706, "pruning_mse": 1.7158203125, "pruning_sqnr_corrected": 11.001657375297524, "pruning_mse_corrected": 2.3671875}, "layers.8.0.layers.0": {"sample_kurtosis": Infinity, "quant_sqnr": 29.56722949963175, "quant_mse": 0.03621617332100868, "quant_sparsity": 0.0729166716337204, "pruning_sqnr": 10.172611034605211, "pruning_mse": 3.150390625, "pruning_sqnr_corrected": 9.507376215858027, "pruning_mse_corrected": 3.671875}, "layers.8.0.layers.3": {"sample_kurtosis": Infinity, "quant_sqnr": 28.970451739351386, "quant_mse": 0.03968922048807144, "quant_sparsity": 0.08796296268701553, "pruning_sqnr": 12.337118554490464, "pruning_mse": 1.828125, "pruning_sqnr_corrected": 11.477020597689371, "pruning_mse_corrected": 2.228515625}, "layers.8.0.layers.6": {"sample_kurtosis": 1.1290302246845183, "quant_sqnr": 30.598504450219053, "quant_mse": 0.019494522362947464, "quant_sparsity": 0.046875, "pruning_sqnr": 10.69360757339907, "pruning_mse": 1.9072265625, "pruning_sqnr_corrected": 10.276245407121563, "pruning_mse_corrected": 2.099609375}, "layers.8.1.layers.0": {"sample_kurtosis": 1.2323146303134953, "quant_sqnr": 28.334048651543, "quant_mse": 0.01642976514995098, "quant_sparsity": 0.05859375, "pruning_sqnr": 9.397504024275044, "pruning_mse": 1.2861328125, "pruning_sqnr_corrected": 8.92018842641112, "pruning_mse_corrected": 1.435546875}, "layers.8.1.layers.3": {"sample_kurtosis": Infinity, "quant_sqnr": 27.521987604053557, "quant_mse": 0.030161019414663315, "quant_sparsity": 0.2083333283662796, "pruning_sqnr": 16.676240323289587, "pruning_mse": 0.366455078125, "pruning_sqnr_corrected": 13.801117355863218, "pruning_mse_corrected": 0.71044921875}, "layers.8.1.layers.6": {"sample_kurtosis": 1.1380709971903222, "quant_sqnr": 28.95507276299847, "quant_mse": 0.010553761385381222, "quant_sparsity": 0.05859375, "pruning_sqnr": 10.191239581433258, "pruning_mse": 0.7939453125, "pruning_sqnr_corrected": 9.628380806484708, "pruning_mse_corrected": 0.90380859375}, "layers.8.2.layers.0": {"sample_kurtosis": 0.645425418298327, "quant_sqnr": 29.966172372168206, "quant_mse": 0.010015206411480904, "quant_sparsity": 0.03515625, "pruning_sqnr": 8.939679472313108, "pruning_mse": 1.2685546875, "pruning_sqnr_corrected": 8.64874852566723, "pruning_mse_corrected": 1.3564453125}, "layers.8.2.layers.3": {"sample_kurtosis": Infinity, "quant_sqnr": 27.116721799803894, "quant_mse": 0.028497938066720963, "quant_sparsity": 0.10648148506879807, "pruning_sqnr": 14.033648516314257, "pruning_mse": 0.57958984375, "pruning_sqnr_corrected": 12.988386232928475, "pruning_mse_corrected": 0.7373046875}, "layers.8.2.layers.6": {"sample_kurtosis": 0.6536836994464656, "quant_sqnr": 29.56709018839063, "quant_mse": 0.00927875004708767, "quant_sparsity": 0.0559895858168602, "pruning_sqnr": 9.187196948545267, "pruning_mse": 1.0126953125, "pruning_sqnr_corrected": 8.689187365151193, "pruning_mse_corrected": 1.1357421875}, "layers.9.0.layers.0": {"sample_kurtosis": Infinity, "quant_sqnr": 28.438537002067214, "quant_mse": 0.02426585555076599, "quant_sparsity": 0.0755208358168602, "pruning_sqnr": 10.674228112050617, "pruning_mse": 1.4501953125, "pruning_sqnr_corrected": 10.011031617294975, "pruning_mse_corrected": 1.689453125}, "layers.9.0.layers.3": {"sample_kurtosis": 1.9890806829858256, "quant_sqnr": 29.52882918853062, "quant_mse": 0.0078631192445755, "quant_sparsity": 0.1300000101327896, "pruning_sqnr": 13.215885110618046, "pruning_mse": 0.33642578125, "pruning_sqnr_corrected": 11.643919344270156, "pruning_mse_corrected": 0.483154296875}, "layers.9.0.layers.6": {"sample_kurtosis": Infinity, "quant_sqnr": 28.194288890514226, "quant_mse": 0.021028297021985054, "quant_sparsity": 0.0442708320915699, "pruning_sqnr": 8.919845757975464, "pruning_mse": 1.779296875, "pruning_sqnr_corrected": 8.543350813247105, "pruning_mse_corrected": 1.9404296875}, "layers.9.1.layers.0": {"sample_kurtosis": 0.6273700463488119, "quant_sqnr": 27.405036232213806, "quant_mse": 0.008512862026691437, "quant_sparsity": 0.06539352238178253, "pruning_sqnr": 8.902422124951077, "pruning_mse": 0.60302734375, "pruning_sqnr_corrected": 8.342328458496935, "pruning_mse_corrected": 0.68603515625}, "layers.9.1.layers.3": {"sample_kurtosis": Infinity, "quant_sqnr": 23.5520301516412, "quant_mse": 0.027361124753952026, "quant_sparsity": 0.29666668176651, "pruning_sqnr": 17.597662014971856, "pruning_mse": 0.1077880859375, "pruning_sqnr_corrected": 14.274306969834802, "pruning_mse_corrected": 0.231689453125}, "layers.9.1.layers.6": {"sample_kurtosis": 0.39238463335386164, "quant_sqnr": 28.33193652009358, "quant_mse": 0.007467536721378565, "quant_sparsity": 0.05266203731298447, "pruning_sqnr": 8.42189157860669, "pruning_mse": 0.7314453125, "pruning_sqnr_corrected": 7.9759288318406165, "pruning_mse_corrected": 0.810546875}, "layers.9.2.layers.0": {"sample_kurtosis": 0.20021151431026496, "quant_sqnr": 29.68295019839676, "quant_mse": 0.00413485337048769, "quant_sparsity": 0.03703703731298447, "pruning_sqnr": 8.499802981772465, "pruning_mse": 0.54296875, "pruning_sqnr_corrected": 8.172659023244364, "pruning_mse_corrected": 0.58544921875}, "layers.9.2.layers.3": {"sample_kurtosis": 8.907738405858092, "quant_sqnr": 24.734468845057936, "quant_mse": 0.014339558780193329, "quant_sparsity": 0.18444444239139557, "pruning_sqnr": 15.09546922735314, "pruning_mse": 0.1319580078125, "pruning_sqnr_corrected": 13.237880904743697, "pruning_mse_corrected": 0.202392578125}, "layers.9.2.layers.6": {"sample_kurtosis": 0.07160565976647026, "quant_sqnr": 30.090958752444603, "quant_mse": 0.004031853750348091, "quant_sparsity": 0.039351850748062134, "pruning_sqnr": 8.460261302017507, "pruning_mse": 0.5869140625, "pruning_sqnr_corrected": 8.116533013068851, "pruning_mse_corrected": 0.63525390625}, "layers.10.0.layers.0": {"sample_kurtosis": 0.11967918946279976, "quant_sqnr": 30.15974544501615, "quant_mse": 0.006491166539490223, "quant_sparsity": 0.0425347238779068, "pruning_sqnr": 8.588213200869708, "pruning_mse": 0.93212890625, "pruning_sqnr_corrected": 8.211465233061203, "pruning_mse_corrected": 1.0166015625}, "layers.10.0.layers.3": {"sample_kurtosis": 1.0167188950536303, "quant_sqnr": 30.287754978055897, "quant_mse": 0.0026486399583518505, "quant_sparsity": 0.11555555462837219, "pruning_sqnr": 11.339737201644983, "pruning_mse": 0.2078857421875, "pruning_sqnr_corrected": 10.004498130717007, "pruning_mse_corrected": 0.28271484375}, "layers.10.0.layers.6": {"sample_kurtosis": 0.485329006670272, "quant_sqnr": 28.847637698090157, "quant_mse": 0.006570311728864908, "quant_sparsity": 0.04895833507180214, "pruning_sqnr": 8.706648970370974, "pruning_mse": 0.6787109375, "pruning_sqnr_corrected": 8.281375424368173, "pruning_mse_corrected": 0.74853515625}, "layers.10.1.layers.0": {"sample_kurtosis": 0.34676748620442854, "quant_sqnr": 27.726045141209944, "quant_mse": 0.003198138438165188, "quant_sparsity": 0.05041666701436043, "pruning_sqnr": 8.556344604876378, "pruning_mse": 0.26416015625, "pruning_sqnr_corrected": 8.121305416057965, "pruning_mse_corrected": 0.2919921875}, "layers.10.1.layers.3": {"sample_kurtosis": 10.793957634994392, "quant_sqnr": 24.356010049642624, "quant_mse": 0.007116999011486769, "quant_sparsity": 0.17133332788944244,