{"layers.0": {"sample_kurtosis": Infinity, "quant_sqnr": 6.31716790487903, "quant_mse": 4.2686357498168945, "quant_sparsity": 0.6712962985038757, "pruning_sqnr": 5.2973781003594445, "pruning_mse": 5.3984375, "pruning_sqnr_corrected": 2.5327268047108777, "pruning_mse_corrected": 10.203125}, "layers.3": {"sample_kurtosis": Infinity, "quant_sqnr": 7.57582449850327, "quant_mse": 8.262405395507812, "quant_sparsity": 0.7638888955116272, "pruning_sqnr": 6.623131443893653, "pruning_mse": 10.2890625, "pruning_sqnr_corrected": 2.636482680426491, "pruning_mse_corrected": 25.765625}, "layers.6": {"sample_kurtosis": Infinity, "quant_sqnr": 7.732351233169665, "quant_mse": 5.025314807891846, "quant_sparsity": 0.6171875, "pruning_sqnr": 4.314662041834989, "pruning_mse": 11.0390625, "pruning_sqnr_corrected": 2.1799638613991323, "pruning_mse_corrected": 18.046875}, "layers.8.0.layers.0": {"sample_kurtosis": Infinity, "quant_sqnr": 7.164445656450232, "quant_mse": 6.297685146331787, "quant_sparsity": 0.5416666865348816, "pruning_sqnr": 3.743717619704883, "pruning_mse": 13.84375, "pruning_sqnr_corrected": 2.098712075248575, "pruning_mse_corrected": 20.21875}, "layers.8.0.layers.3": {"sample_kurtosis": Infinity, "quant_sqnr": 6.572610598953913, "quant_mse": 6.893768310546875, "quant_sparsity": 0.6574074029922485, "pruning_sqnr": 5.354848700828087, "pruning_mse": 9.125, "pruning_sqnr_corrected": 2.6767045642465743, "pruning_mse_corrected": 16.90625}, "layers.8.0.layers.6": {"sample_kurtosis": 1.1290302246845183, "quant_sqnr": 7.856757630051602, "quant_mse": 3.665112257003784, "quant_sparsity": 0.5572916865348816, "pruning_sqnr": 4.263732916698669, "pruning_mse": 8.3828125, "pruning_sqnr_corrected": 2.159248629641736, "pruning_mse_corrected": 13.609375}, "layers.8.1.layers.0": {"sample_kurtosis": 1.2323146303134953, "quant_sqnr": 7.021266527498654, "quant_mse": 2.2228469848632812, "quant_sparsity": 0.453125, "pruning_sqnr": 3.6843162333432145, "pruning_mse": 4.79296875, "pruning_sqnr_corrected": 2.3481984938207896, "pruning_mse_corrected": 6.51953125}, "layers.8.1.layers.3": {"sample_kurtosis": Infinity, "quant_sqnr": 6.9778942070922865, "quant_mse": 3.4186556339263916, "quant_sparsity": 0.7268518805503845, "pruning_sqnr": 6.342752965560239, "pruning_mse": 3.95703125, "pruning_sqnr_corrected": 2.1077873358360772, "pruning_mse_corrected": 10.4921875}, "layers.8.1.layers.6": {"sample_kurtosis": 1.1380709971903222, "quant_sqnr": 7.6547036084116, "quant_mse": 1.4237842559814453, "quant_sparsity": 0.51953125, "pruning_sqnr": 3.962054812419084, "pruning_mse": 3.33203125, "pruning_sqnr_corrected": 2.278192347234737, "pruning_mse_corrected": 4.91015625}, "layers.8.2.layers.0": {"sample_kurtosis": 0.645425418298327, "quant_sqnr": 7.474236912909245, "quant_mse": 1.777679443359375, "quant_sparsity": 0.4401041865348816, "pruning_sqnr": 3.51287197112979, "pruning_mse": 4.42578125, "pruning_sqnr_corrected": 2.282692707207528, "pruning_mse_corrected": 5.875}, "layers.8.2.layers.3": {"sample_kurtosis": Infinity, "quant_sqnr": 6.858115727050562, "quant_mse": 3.0246424674987793, "quant_sparsity": 0.7222222089767456, "pruning_sqnr": 5.39295845409525, "pruning_mse": 4.23828125, "pruning_sqnr_corrected": 1.8804829963323557, "pruning_mse_corrected": 9.515625}, "layers.8.2.layers.6": {"sample_kurtosis": 0.6536836994464656, "quant_sqnr": 7.9942646973903555, "quant_mse": 1.3328216075897217, "quant_sparsity": 0.4309895932674408, "pruning_sqnr": 3.5198056763950527, "pruning_mse": 3.734375, "pruning_sqnr_corrected": 2.242118035406768, "pruning_mse_corrected": 5.01171875}, "layers.9.0.layers.0": {"sample_kurtosis": Infinity, "quant_sqnr": 6.83700930212278, "quant_mse": 3.5087172985076904, "quant_sparsity": 0.5520833730697632, "pruning_sqnr": 4.378827943686727, "pruning_mse": 6.1796875, "pruning_sqnr_corrected": 2.281712526835507, "pruning_mse_corrected": 10.015625}, "layers.9.0.layers.3": {"sample_kurtosis": 1.9890806829858256, "quant_sqnr": 6.990567779541043, "quant_mse": 1.4106556177139282, "quant_sparsity": 0.6349999904632568, "pruning_sqnr": 5.147786682482881, "pruning_mse": 2.15625, "pruning_sqnr_corrected": 2.024878361140897, "pruning_mse_corrected": 4.42578125}, "layers.9.0.layers.6": {"sample_kurtosis": Infinity, "quant_sqnr": 7.764917678055651, "quant_mse": 2.3213531970977783, "quant_sparsity": 0.4505208432674408, "pruning_sqnr": 3.5016977412497843, "pruning_mse": 6.1953125, "pruning_sqnr_corrected": 2.2250133348355283, "pruning_mse_corrected": 8.3125}, "layers.9.1.layers.0": {"sample_kurtosis": 0.6273700463488119, "quant_sqnr": 7.849001982369227, "quant_mse": 0.7685621976852417, "quant_sparsity": 0.4305555522441864, "pruning_sqnr": 3.4202442817448797, "pruning_mse": 2.130859375, "pruning_sqnr_corrected": 2.154963229783928, "pruning_mse_corrected": 2.8515625}, "layers.9.1.layers.3": {"sample_kurtosis": Infinity, "quant_sqnr": 5.49900060586271, "quant_mse": 1.7475793361663818, "quant_sparsity": 0.8922222256660461, "pruning_sqnr": 9.405055387697734, "pruning_mse": 0.7109375, "pruning_sqnr_corrected": 1.9625555297220565, "pruning_mse_corrected": 3.9453125}, "layers.9.1.layers.6": {"sample_kurtosis": 0.39238463335386164, "quant_sqnr": 8.091710148726976, "quant_mse": 0.7892234921455383, "quant_sparsity": 0.3993055522441864, "pruning_sqnr": 3.194263945497492, "pruning_mse": 2.4375, "pruning_sqnr_corrected": 2.145170826887748, "pruning_mse_corrected": 3.103515625}, "layers.9.2.layers.0": {"sample_kurtosis": 0.20021151431026496, "quant_sqnr": 8.109007669257839, "quant_mse": 0.5940929055213928, "quant_sparsity": 0.41261574625968933, "pruning_sqnr": 3.1744587545521274, "pruning_mse": 1.8505859375, "pruning_sqnr_corrected": 2.051805313683185, "pruning_mse_corrected": 2.396484375}, "layers.9.2.layers.3": {"sample_kurtosis": 8.907738405858092, "quant_sqnr": 5.185453054737814, "quant_mse": 1.29252028465271, "quant_sparsity": 0.8233333826065063, "pruning_sqnr": 7.8084409424162455, "pruning_mse": 0.70654296875, "pruning_sqnr_corrected": 2.402629946315223, "pruning_mse_corrected": 2.453125}, "layers.9.2.layers.6": {"sample_kurtosis": 0.07160565976647026, "quant_sqnr": 8.185354484252926, "quant_mse": 0.6252665519714355, "quant_sparsity": 0.42129629850387573, "pruning_sqnr": 3.064198770299728, "pruning_mse": 2.033203125, "pruning_sqnr_corrected": 1.9611809070753574, "pruning_mse_corrected": 2.62109375}, "layers.10.0.layers.0": {"sample_kurtosis": 0.11967918946279976, "quant_sqnr": 8.373051468204801, "quant_mse": 0.979472279548645, "quant_sparsity": 0.40596064925193787, "pruning_sqnr": 3.1719762470128074, "pruning_mse": 3.244140625, "pruning_sqnr_corrected": 2.0553298012515717, "pruning_mse_corrected": 4.1953125}, "layers.10.0.layers.3": {"sample_kurtosis": 1.0167188950536303, "quant_sqnr": 6.778310465740783, "quant_mse": 0.5942475199699402, "quant_sparsity": 0.54666668176651, "pruning_sqnr": 4.421516994563134, "pruning_mse": 1.0224609375, "pruning_sqnr_corrected": 2.0755030402618195, "pruning_mse_corrected": 1.7548828125}, "layers.10.0.layers.6": {"sample_kurtosis": 0.485329006670272, "quant_sqnr": 7.9118851667361065, "quant_mse": 0.8150067925453186, "quant_sparsity": 0.4295139014720917, "pruning_sqnr": 3.3063265905234296, "pruning_mse": 2.353515625, "pruning_sqnr_corrected": 2.1406349280969366, "pruning_mse_corrected": 3.078125}, "layers.10.1.layers.0": {"sample_kurtosis": 0.34676748620442854, "quant_sqnr": 8.05160626382041, "quant_mse": 0.2967161238193512, "quant_sparsity": 0.4046875238418579, "pruning_sqnr": 3.1931878137629095, "pruning_mse": 0.908203125, "pruning_sqnr_corrected": 2.1043382464606957, "pruning_mse_corrected": 1.1669921875}, "layers.10.1.layers.3": {"sample_kurtosis": 10.793957634994392, "quant_sqnr": 5.112087678659741, "quant_mse": 0.5979834198951721, "quant_sparsity": 0.8794999718666077, "pruning_sqnr": 8.110594916326287, "pruning_mse": 0.2998046875, "pruning_sqnr_corrected": 1.9542125222637383, "pruning_mse_corrected": 1.2373046875},