{"layers.0": {"sample_kurtosis": 5.000586504121239, "quant_sqnr": 7.396275916488476, "quant_mse": 0.05500246584415436, "quant_sparsity": 0.7337962985038757, "pruning_sqnr": 6.269868481807023, "pruning_mse": 0.0712890625, "pruning_sqnr_corrected": 2.3928016977725513, "pruning_mse_corrected": 0.174072265625}, "layers.3": {"sample_kurtosis": 6.920144861928474, "quant_sqnr": 7.080161017988403, "quant_mse": 0.180000439286232, "quant_sparsity": 0.8159722089767456, "pruning_sqnr": 8.27461587749019, "pruning_mse": 0.13671875, "pruning_sqnr_corrected": 2.234670966438568, "pruning_mse_corrected": 0.54931640625}, "layers.6": {"sample_kurtosis": 8.141141397575353, "quant_sqnr": 6.817677522574598, "quant_mse": 0.06411086767911911, "quant_sparsity": 0.78125, "pruning_sqnr": 7.869286862555402, "pruning_mse": 0.050323486328125, "pruning_sqnr_corrected": 2.5938710483448117, "pruning_mse_corrected": 0.1695556640625}, "layers.8.0.layers.0": {"sample_kurtosis": 3.9720404521118384, "quant_sqnr": 6.4885950153391505, "quant_mse": 0.07217159867286682, "quant_sparsity": 0.7213541865348816, "pruning_sqnr": 5.916338166178418, "pruning_mse": 0.08233642578125, "pruning_sqnr_corrected": 2.135202302065469, "pruning_mse_corrected": 0.1966552734375}, "layers.8.0.layers.3": {"sample_kurtosis": -0.6182771986446727, "quant_sqnr": 8.844566322600752, "quant_mse": 0.027969064190983772, "quant_sparsity": 0.3541666567325592, "pruning_sqnr": 2.5574266811644355, "pruning_mse": 0.11895751953125, "pruning_sqnr_corrected": 1.7596761649772061, "pruning_mse_corrected": 0.1429443359375}, "layers.8.0.layers.6": {"sample_kurtosis": 4.845136184280004, "quant_sqnr": 6.166175954573645, "quant_mse": 0.06604691594839096, "quant_sparsity": 0.6171875, "pruning_sqnr": 5.5502362437776975, "pruning_mse": 0.07611083984375, "pruning_sqnr_corrected": 3.010299956639812, "pruning_mse_corrected": 0.1365966796875}, "layers.8.1.layers.0": {"sample_kurtosis": 5.672846316660991, "quant_sqnr": 6.471166321125187, "quant_mse": 0.026671119034290314, "quant_sparsity": 0.6186342835426331, "pruning_sqnr": 4.934384533109314, "pruning_mse": 0.037994384765625, "pruning_sqnr_corrected": 2.6763112739986306, "pruning_mse_corrected": 0.06390380859375}, "layers.8.1.layers.3": {"sample_kurtosis": 2.68506384974497, "quant_sqnr": 6.77147435597591, "quant_mse": 0.045542433857917786, "quant_sparsity": 0.6805555820465088, "pruning_sqnr": 5.210059059509108, "pruning_mse": 0.06524658203125, "pruning_sqnr_corrected": 2.1112886490736575, "pruning_mse_corrected": 0.1331787109375}, "layers.8.1.layers.6": {"sample_kurtosis": 2.896672220086292, "quant_sqnr": 6.872055716279339, "quant_mse": 0.01918959990143776, "quant_sparsity": 0.5497685074806213, "pruning_sqnr": 4.411816660891691, "pruning_mse": 0.0338134765625, "pruning_sqnr_corrected": 2.5221766614044556, "pruning_mse_corrected": 0.05224609375}, "layers.8.2.layers.0": {"sample_kurtosis": 1.4825931668059464, "quant_sqnr": 7.299142830596406, "quant_mse": 0.016664786264300346, "quant_sparsity": 0.5208333134651184, "pruning_sqnr": 3.949140683555756, "pruning_mse": 0.036041259765625, "pruning_sqnr_corrected": 2.2711419385644267, "pruning_mse_corrected": 0.05303955078125}, "layers.8.2.layers.3": {"sample_kurtosis": 1.3839282058704931, "quant_sqnr": 7.505513610934816, "quant_mse": 0.0337340347468853, "quant_sparsity": 0.48765432834625244, "pruning_sqnr": 3.76764000737107, "pruning_mse": 0.07977294921875, "pruning_sqnr_corrected": 2.246956743665866, "pruning_mse_corrected": 0.11322021484375}, "layers.8.2.layers.6": {"sample_kurtosis": 1.5595144694243794, "quant_sqnr": 7.7092044540220765, "quant_mse": 0.013808321207761765, "quant_sparsity": 0.5023148059844971, "pruning_sqnr": 3.8197150097216426, "pruning_mse": 0.0338134765625, "pruning_sqnr_corrected": 2.2703034650221934, "pruning_mse_corrected": 0.048309326171875}, "layers.9.0.layers.0": {"sample_kurtosis": 6.699844473374593, "quant_sqnr": 5.899184980347338, "quant_mse": 0.0595017708837986, "quant_sparsity": 0.6770833134651184, "pruning_sqnr": 5.830138487914628, "pruning_mse": 0.060455322265625, "pruning_sqnr_corrected": 2.93086054886634, "pruning_mse_corrected": 0.11785888671875}, "layers.9.0.layers.3": {"sample_kurtosis": 1.7496149585798815, "quant_sqnr": 6.524132180833112, "quant_mse": 0.02231207676231861, "quant_sparsity": 0.652222216129303, "pruning_sqnr": 4.845908771170327, "pruning_mse": 0.0328369140625, "pruning_sqnr_corrected": 1.9833981348464158, "pruning_mse_corrected": 0.0634765625}, "layers.9.0.layers.6": {"sample_kurtosis": 1.1052306817999424, "quant_sqnr": 7.925759691532166, "quant_mse": 0.025564849376678467, "quant_sparsity": 0.4694444537162781, "pruning_sqnr": 3.724575522212428, "pruning_mse": 0.0672607421875, "pruning_sqnr_corrected": 2.282479310415159, "pruning_mse_corrected": 0.09375}, "layers.9.1.layers.0": {"sample_kurtosis": 0.6782909522486804, "quant_sqnr": 7.887639290927602, "quant_mse": 0.007901857607066631, "quant_sparsity": 0.43270835280418396, "pruning_sqnr": 3.5099066360815745, "pruning_mse": 0.0216522216796875, "pruning_sqnr_corrected": 2.2467685097435757, "pruning_mse_corrected": 0.028961181640625}, "layers.9.1.layers.3": {"sample_kurtosis": 10.27235818648352, "quant_sqnr": 5.134474237147842, "quant_mse": 0.022698305547237396, "quant_sparsity": 0.8603333234786987, "pruning_sqnr": 8.553321235093911, "pruning_mse": 0.0103302001953125, "pruning_sqnr_corrected": 2.1698298652907413, "pruning_mse_corrected": 0.044921875}, "layers.9.1.layers.6": {"sample_kurtosis": 1.8414982989263207, "quant_sqnr": 7.10214599688964, "quant_mse": 0.01001561339944601, "quant_sparsity": 0.4635416865348816, "pruning_sqnr": 3.8466983708999636, "pruning_mse": 0.0211944580078125, "pruning_sqnr_corrected": 2.4816157022621677, "pruning_mse_corrected": 0.029022216796875}, "layers.9.2.layers.0": {"sample_kurtosis": 1.540936276855942, "quant_sqnr": 7.530848980001494, "quant_mse": 0.007640845142304897, "quant_sparsity": 0.46145835518836975, "pruning_sqnr": 3.617431499152973, "pruning_mse": 0.0188140869140625, "pruning_sqnr_corrected": 2.268802350491355, "pruning_mse_corrected": 0.025665283203125}, "layers.9.2.layers.3": {"sample_kurtosis": 9.017845732594203, "quant_sqnr": 5.437093547568562, "quant_mse": 0.016353484243154526, "quant_sparsity": 0.8529999852180481, "pruning_sqnr": 7.751489367704717, "pruning_mse": 0.0095977783203125, "pruning_sqnr_corrected": 2.0981175246724924, "pruning_mse_corrected": 0.0352783203125}, "layers.9.2.layers.6": {"sample_kurtosis": 1.8680032921810703, "quant_sqnr": 7.655544873770598, "quant_mse": 0.007068533916026354, "quant_sparsity": 0.48895835876464844, "pruning_sqnr": 3.725582774830806, "pruning_mse": 0.0174713134765625, "pruning_sqnr_corrected": 2.231912374918656, "pruning_mse_corrected": 0.0246429443359375}, "layers.10.0.layers.0": {"sample_kurtosis": 1.1244713351710134, "quant_sqnr": 7.532664143466947, "quant_mse": 0.013670212589204311, "quant_sparsity": 0.4478124976158142, "pruning_sqnr": 3.579964534239777, "pruning_mse": 0.033966064453125, "pruning_sqnr_corrected": 2.2724378150306253, "pruning_mse_corrected": 0.0458984375}, "layers.10.0.layers.3": {"sample_kurtosis": 1.053958734977968, "quant_sqnr": 6.987671458198649, "quant_mse": 0.008958040736615658, "quant_sparsity": 0.5391666889190674, "pruning_sqnr": 4.413355927618136, "pruning_mse": 0.016204833984375, "pruning_sqnr_corrected": 2.031146024571714, "pruning_mse_corrected": 0.028045654296875}, "layers.10.0.layers.6": {"sample_kurtosis": 0.737220732863431, "quant_sqnr": 7.756514107139002, "quant_mse": 0.008399855345487595, "quant_sparsity": 0.42250001430511475, "pruning_sqnr": 3.3944416786049505, "pruning_mse": 0.0229339599609375, "pruning_sqnr_corrected": 2.2348284884739695, "pruning_mse_corrected": 0.0299530029296875}, "layers.10.1.layers.0": {"sample_kurtosis": 1.4898400045343276, "quant_sqnr": 7.695618838512628, "quant_mse": 0.00250832992605865, "quant_sparsity": 0.5321093797683716, "pruning_sqnr": 3.9855798165011063, "pruning_mse": 0.005893707275390625,