{"layers.0": {"sample_kurtosis": Infinity, "quant_sqnr": 15.505802920328051, "quant_mse": 0.5145476460456848, "quant_sparsity": 0.43518519401550293, "pruning_sqnr": 9.521595582910326, "pruning_mse": 2.041015625, "pruning_sqnr_corrected": 5.838860223993758, "pruning_mse_corrected": 4.765625}, "layers.3": {"sample_kurtosis": Infinity, "quant_sqnr": 17.046457367672943, "quant_mse": 0.9333471655845642, "quant_sparsity": 0.4930555522441864, "pruning_sqnr": 12.912382659950124, "pruning_mse": 2.41796875, "pruning_sqnr_corrected": 6.902319617554645, "pruning_mse_corrected": 9.6484375}, "layers.6": {"sample_kurtosis": Infinity, "quant_sqnr": 19.049628208629727, "quant_mse": 0.37105268239974976, "quant_sparsity": 0.3828125, "pruning_sqnr": 8.096536170681084, "pruning_mse": 4.62109375, "pruning_sqnr_corrected": 5.228028793561506, "pruning_mse_corrected": 8.9453125}, "layers.8.0.layers.0": {"sample_kurtosis": Infinity, "quant_sqnr": 17.40561043115626, "quant_mse": 0.5957505702972412, "quant_sparsity": 0.25, "pruning_sqnr": 7.100821758501973, "pruning_mse": 6.390625, "pruning_sqnr_corrected": 5.4293101185479955, "pruning_mse_corrected": 9.390625}, "layers.8.0.layers.3": {"sample_kurtosis": Infinity, "quant_sqnr": 17.282253289072123, "quant_mse": 0.5854535102844238, "quant_sparsity": 0.30092594027519226, "pruning_sqnr": 9.028733272309506, "pruning_mse": 3.916015625, "pruning_sqnr_corrected": 6.968621681039524, "pruning_mse_corrected": 6.29296875}, "layers.8.0.layers.6": {"sample_kurtosis": 1.1290302246845183, "quant_sqnr": 18.608906813496205, "quant_mse": 0.30822819471359253, "quant_sparsity": 0.1953125, "pruning_sqnr": 7.528224967960188, "pruning_mse": 3.953125, "pruning_sqnr_corrected": 6.334987844655169, "pruning_mse_corrected": 5.203125}, "layers.8.1.layers.0": {"sample_kurtosis": 1.2323146303134953, "quant_sqnr": 16.723550697257718, "quant_mse": 0.23805710673332214, "quant_sparsity": 0.2005208432674408, "pruning_sqnr": 6.565591077789406, "pruning_mse": 2.46875, "pruning_sqnr_corrected": 5.455860273074645, "pruning_mse_corrected": 3.1875}, "layers.8.1.layers.3": {"sample_kurtosis": Infinity, "quant_sqnr": 16.40757009395268, "quant_mse": 0.389841228723526, "quant_sparsity": 0.4861111044883728, "pruning_sqnr": 11.748738771988965, "pruning_mse": 1.1396484375, "pruning_sqnr_corrected": 6.55582509936401, "pruning_mse_corrected": 3.767578125}, "layers.8.1.layers.6": {"sample_kurtosis": 1.1380709971903222, "quant_sqnr": 18.223581250040517, "quant_mse": 0.1248982697725296, "quant_sparsity": 0.21484375, "pruning_sqnr": 7.003010977427058, "pruning_mse": 1.654296875, "pruning_sqnr_corrected": 5.693790213975058, "pruning_mse_corrected": 2.236328125}, "layers.8.2.layers.0": {"sample_kurtosis": 0.645425418298327, "quant_sqnr": 18.48098045052009, "quant_mse": 0.14098700881004333, "quant_sparsity": 0.1419270932674408, "pruning_sqnr": 6.216135277036413, "pruning_mse": 2.375, "pruning_sqnr_corrected": 5.448796902026216, "pruning_mse_corrected": 2.833984375}, "layers.8.2.layers.3": {"sample_kurtosis": Infinity, "quant_sqnr": 15.861352219523727, "quant_mse": 0.3804962635040283, "quant_sparsity": 0.3333333432674408, "pruning_sqnr": 10.19026688875172, "pruning_mse": 1.404296875, "pruning_sqnr_corrected": 6.9735423772429925, "pruning_mse_corrected": 2.9453125}, "layers.8.2.layers.6": {"sample_kurtosis": 0.6536836994464656, "quant_sqnr": 18.54235291749417, "quant_mse": 0.11747980117797852, "quant_sparsity": 0.1731770932674408, "pruning_sqnr": 6.349911525430802, "pruning_mse": 1.9462890625, "pruning_sqnr_corrected": 5.414499848267895, "pruning_mse_corrected": 2.4140625}, "layers.9.0.layers.0": {"sample_kurtosis": Infinity, "quant_sqnr": 17.16617478752172, "quant_mse": 0.32526087760925293, "quant_sparsity": 0.2291666716337204, "pruning_sqnr": 7.594300294187218, "pruning_mse": 2.947265625, "pruning_sqnr_corrected": 6.150735337126103, "pruning_mse_corrected": 4.109375}, "layers.9.0.layers.3": {"sample_kurtosis": 1.9890806829858256, "quant_sqnr": 18.264599181052766, "quant_mse": 0.10520051419734955, "quant_sparsity": 0.35500001907348633, "pruning_sqnr": 9.293588115911566, "pruning_mse": 0.830078125, "pruning_sqnr_corrected": 6.492627227628185, "pruning_mse_corrected": 1.58203125}, "layers.9.0.layers.6": {"sample_kurtosis": Infinity, "quant_sqnr": 18.23926350600525, "quant_mse": 0.2081165611743927, "quant_sparsity": 0.1449652761220932, "pruning_sqnr": 6.215652668626108, "pruning_mse": 3.31640625, "pruning_sqnr_corrected": 5.442209057371986, "pruning_mse_corrected": 3.962890625}, "layers.9.1.layers.0": {"sample_kurtosis": 0.6273700463488119, "quant_sqnr": 18.047897648506865, "quant_mse": 0.07341578602790833, "quant_sparsity": 0.15046297013759613, "pruning_sqnr": 6.167957384632151, "pruning_mse": 1.1318359375, "pruning_sqnr_corrected": 5.363049668171946, "pruning_mse_corrected": 1.3623046875}, "layers.9.1.layers.3": {"sample_kurtosis": Infinity, "quant_sqnr": 13.667115901583475, "quant_mse": 0.26645591855049133, "quant_sparsity": 0.6161110997200012, "pruning_sqnr": 13.851652248795176, "pruning_mse": 0.25537109375, "pruning_sqnr_corrected": 8.107466141467857, "pruning_mse_corrected": 0.95849609375}, "layers.9.1.layers.6": {"sample_kurtosis": 0.39238463335386164, "quant_sqnr": 18.370975807080512, "quant_mse": 0.07400710880756378, "quant_sparsity": 0.14467592537403107, "pruning_sqnr": 5.693038677663491, "pruning_mse": 1.37109375, "pruning_sqnr_corrected": 4.968245895357748, "pruning_mse_corrected": 1.6201171875}, "layers.9.2.layers.0": {"sample_kurtosis": 0.20021151431026496, "quant_sqnr": 18.65283413209431, "quant_mse": 0.05241694673895836, "quant_sparsity": 0.1510416716337204, "pruning_sqnr": 5.751084080804616, "pruning_mse": 1.0224609375, "pruning_sqnr_corrected": 4.988405044128987, "pruning_mse_corrected": 1.21875}, "layers.9.2.layers.3": {"sample_kurtosis": 8.907738405858092, "quant_sqnr": 14.211251709507138, "quant_mse": 0.16175492107868195, "quant_sparsity": 0.5011111497879028, "pruning_sqnr": 11.646114413722511, "pruning_mse": 0.2919921875, "pruning_sqnr_corrected": 7.8084409424162455, "pruning_mse_corrected": 0.70654296875}, "layers.9.2.layers.6": {"sample_kurtosis": 0.07160565976647026, "quant_sqnr": 19.19641132284642, "quant_mse": 0.04954040050506592, "quant_sparsity": 0.1354166716337204, "pruning_sqnr": 5.691401375167554, "pruning_mse": 1.1103515625, "pruning_sqnr_corrected": 4.9974477262396, "pruning_mse_corrected": 1.302734375}, "layers.10.0.layers.0": {"sample_kurtosis": 0.11967918946279976, "quant_sqnr": 19.31665969344516, "quant_mse": 0.07881907373666763, "quant_sparsity": 0.1475694477558136, "pruning_sqnr": 5.7995997009258, "pruning_mse": 1.771484375, "pruning_sqnr_corrected": 5.02537974950307, "pruning_mse_corrected": 2.1171875}, "layers.10.0.layers.3": {"sample_kurtosis": 1.0167188950536303, "quant_sqnr": 18.721016621839365, "quant_mse": 0.03799240291118622, "quant_sparsity": 0.32583335041999817, "pruning_sqnr": 7.828976854081054, "pruning_mse": 0.466552734375, "pruning_sqnr_corrected": 5.792893397427158, "pruning_mse_corrected": 0.74560546875}, "layers.10.0.layers.6": {"sample_kurtosis": 0.485329006670272, "quant_sqnr": 18.287610653846485, "quant_mse": 0.07474612444639206, "quant_sparsity": 0.15590278804302216, "pruning_sqnr": 5.940543364034494, "pruning_mse": 1.283203125, "pruning_sqnr_corrected": 5.115258044198319, "pruning_mse_corrected": 1.5517578125}, "layers.10.1.layers.0": {"sample_kurtosis": 0.34676748620442854, "quant_sqnr": 18.31466422179162, "quant_mse": 0.027927711606025696, "quant_sparsity": 0.1497916728258133, "pruning_sqnr": 5.776843648184098, "pruning_mse": 0.5009765625, "pruning_sqnr_corrected": 4.996333587890583, "pruning_mse_corrected": 0.599609375}, "layers.10.1.layers.3": {"sample_kurtosis": 10.793957634994392, "quant_sqnr": 13.901674314607838, "quant_mse": 0.07901880890130997, "quant_sparsity": 0.4869999885559082, "pruning_sqnr": 11.551830668557201, "pruning_mse": 0.1357421875, "pruning_sqnr_corrected": 8.214386753389288,