{"layers.0": {"sample_kurtosis": 5.000586504121239, "quant_sqnr": 35.01625515785032, "quant_mse": 9.514461999060586e-05, "quant_sparsity": 0.34606480598449707, "pruning_sqnr": 22.05923040661527, "pruning_mse": 0.0018796920776367188, "pruning_sqnr_corrected": 13.999634647954903, "pruning_mse_corrected": 0.01202392578125}, "layers.3": {"sample_kurtosis": 6.920144861928474, "quant_sqnr": 34.86715357697806, "quant_mse": 0.00029962242115288973, "quant_sparsity": 0.3715277910232544, "pruning_sqnr": 27.033112096989925, "pruning_mse": 0.001819610595703125, "pruning_sqnr_corrected": 17.55283929711977, "pruning_mse_corrected": 0.016143798828125}, "layers.6": {"sample_kurtosis": 8.141141397575353, "quant_sqnr": 33.66949043793738, "quant_mse": 0.00013235805090516806, "quant_sparsity": 0.37109375, "pruning_sqnr": 22.53544533576921, "pruning_mse": 0.0017185211181640625, "pruning_sqnr_corrected": 14.460410402695095, "pruning_mse_corrected": 0.0110321044921875}, "layers.8.0.layers.0": {"sample_kurtosis": 3.9720404521118384, "quant_sqnr": 31.9211594090738, "quant_mse": 0.00020659028086811304, "quant_sparsity": 0.0677083358168602, "pruning_sqnr": 15.68975288593955, "pruning_mse": 0.00867462158203125, "pruning_sqnr_corrected": 14.773686454879034, "pruning_mse_corrected": 0.010711669921875}, "layers.8.0.layers.3": {"sample_kurtosis": -0.6182771986446727, "quant_sqnr": 38.89593348071482, "quant_mse": 2.7640202461043373e-05, "quant_sparsity": 0.009259259328246117, "pruning_sqnr": 8.509493083004962, "pruning_mse": 0.03021240234375, "pruning_sqnr_corrected": 8.45283569877628, "pruning_mse_corrected": 0.030609130859375}, "layers.8.0.layers.6": {"sample_kurtosis": 4.845136184280004, "quant_sqnr": 31.488832536524104, "quant_mse": 0.00019390405213925987, "quant_sparsity": 0.0703125, "pruning_sqnr": 13.735674320099323, "pruning_mse": 0.01155853271484375, "pruning_sqnr_corrected": 12.922415174957182, "pruning_mse_corrected": 0.01393890380859375}, "layers.8.1.layers.0": {"sample_kurtosis": 5.672846316660991, "quant_sqnr": 29.83245906202267, "quant_mse": 0.00012300194066483527, "quant_sparsity": 0.0954861119389534, "pruning_sqnr": 13.333352996393806, "pruning_mse": 0.0054931640625, "pruning_sqnr_corrected": 12.12487279133235, "pruning_mse_corrected": 0.00725555419921875}, "layers.8.1.layers.3": {"sample_kurtosis": 2.68506384974497, "quant_sqnr": 34.57166697402595, "quant_mse": 7.55782748456113e-05, "quant_sparsity": 0.07098765671253204, "pruning_sqnr": 14.79022695358755, "pruning_mse": 0.0071868896484375, "pruning_sqnr_corrected": 13.860027421062622, "pruning_mse_corrected": 0.00890350341796875}, "layers.8.1.layers.6": {"sample_kurtosis": 2.896672220086292, "quant_sqnr": 31.396196362724893, "quant_mse": 6.770985055482015e-05, "quant_sparsity": 0.0798611119389534, "pruning_sqnr": 12.61706615108716, "pruning_mse": 0.0051116943359375, "pruning_sqnr_corrected": 11.635021317476607, "pruning_mse_corrected": 0.00640869140625}, "layers.8.2.layers.0": {"sample_kurtosis": 1.4825931668059464, "quant_sqnr": 33.679953318156215, "quant_mse": 3.834587914752774e-05, "quant_sparsity": 0.0486111119389534, "pruning_sqnr": 11.680381771599023, "pruning_mse": 0.006076812744140625, "pruning_sqnr_corrected": 11.152227896154825, "pruning_mse_corrected": 0.006862640380859375}, "layers.8.2.layers.3": {"sample_kurtosis": 1.3839282058704931, "quant_sqnr": 33.44110873032876, "quant_mse": 8.600204455433413e-05, "quant_sparsity": 0.04629629850387573, "pruning_sqnr": 11.520999862795732, "pruning_mse": 0.0133819580078125, "pruning_sqnr_corrected": 10.979317081997797, "pruning_mse_corrected": 0.01515960693359375}, "layers.8.2.layers.6": {"sample_kurtosis": 1.5595144694243794, "quant_sqnr": 33.09784919789579, "quant_mse": 3.992789424955845e-05, "quant_sparsity": 0.054398149251937866, "pruning_sqnr": 11.652483925720816, "pruning_mse": 0.0055694580078125, "pruning_sqnr_corrected": 10.983866003939177, "pruning_mse_corrected": 0.006496429443359375}, "layers.9.0.layers.0": {"sample_kurtosis": 6.699844473374593, "quant_sqnr": 30.456941968567385, "quant_mse": 0.0002083311410387978, "quant_sparsity": 0.07870370149612427, "pruning_sqnr": 14.437356772892539, "pruning_mse": 0.008331298828125, "pruning_sqnr_corrected": 13.465076163124586, "pruning_mse_corrected": 0.0104217529296875}, "layers.9.0.layers.3": {"sample_kurtosis": 1.7496149585798815, "quant_sqnr": 34.51596654370825, "quant_mse": 3.5428809496806934e-05, "quant_sparsity": 0.06333333253860474, "pruning_sqnr": 14.784788917337771, "pruning_mse": 0.003330230712890625, "pruning_sqnr_corrected": 13.81668384851005, "pruning_mse_corrected": 0.004161834716796875}, "layers.9.0.layers.6": {"sample_kurtosis": 1.1052306817999424, "quant_sqnr": 33.333213854867296, "quant_mse": 7.360339077422395e-05, "quant_sparsity": 0.03854166716337204, "pruning_sqnr": 11.076782838538154, "pruning_mse": 0.0123748779296875, "pruning_sqnr_corrected": 10.636646808146146, "pruning_mse_corrected": 0.01369476318359375}, "layers.9.1.layers.0": {"sample_kurtosis": 0.6782909522486804, "quant_sqnr": 34.652543009847776, "quant_mse": 1.6643276467220858e-05, "quant_sparsity": 0.034166667610406876, "pruning_sqnr": 10.519546069101741, "pruning_mse": 0.00431060791015625, "pruning_sqnr_corrected": 10.147749974622775, "pruning_mse_corrected": 0.004695892333984375}, "layers.9.1.layers.3": {"sample_kurtosis": 10.27235818648352, "quant_sqnr": 30.80794379780805, "quant_mse": 6.146763189462945e-05, "quant_sparsity": 0.11233333498239517, "pruning_sqnr": 17.48904684729721, "pruning_mse": 0.00131988525390625, "pruning_sqnr_corrected": 16.13578970677216, "pruning_mse_corrected": 0.0018024444580078125}, "layers.9.1.layers.6": {"sample_kurtosis": 1.8414982989263207, "quant_sqnr": 33.18465397662203, "quant_mse": 2.4684637537575327e-05, "quant_sparsity": 0.041458334773778915, "pruning_sqnr": 10.996426033237185, "pruning_mse": 0.004085540771484375, "pruning_sqnr_corrected": 10.527916304852326, "pruning_mse_corrected": 0.004550933837890625}, "layers.9.2.layers.0": {"sample_kurtosis": 1.540936276855942, "quant_sqnr": 32.5399830904299, "quant_mse": 2.4111708626151085e-05, "quant_sparsity": 0.0833333358168602, "pruning_sqnr": 11.04644870327618, "pruning_mse": 0.0034008026123046875, "pruning_sqnr_corrected": 10.074913504548118, "pruning_mse_corrected": 0.004253387451171875}, "layers.9.2.layers.3": {"sample_kurtosis": 9.017845732594203, "quant_sqnr": 30.21267945994312, "quant_mse": 5.4456748330267146e-05, "quant_sparsity": 0.15966667234897614, "pruning_sqnr": 17.49348312179128, "pruning_mse": 0.001018524169921875, "pruning_sqnr_corrected": 15.20240990002481, "pruning_mse_corrected": 0.0017261505126953125}, "layers.9.2.layers.6": {"sample_kurtosis": 1.8680032921810703, "quant_sqnr": 30.382160999674852, "quant_mse": 3.772834315896034e-05, "quant_sparsity": 0.09333333373069763, "pruning_sqnr": 11.380012094475418, "pruning_mse": 0.00299835205078125, "pruning_sqnr_corrected": 10.246107464348604, "pruning_mse_corrected": 0.0038928985595703125}, "layers.10.0.layers.0": {"sample_kurtosis": 1.1244713351710134, "quant_sqnr": 31.458125802066096, "quant_mse": 5.536420940188691e-05, "quant_sparsity": 0.036250002682209015, "pruning_sqnr": 10.745854943584757, "pruning_mse": 0.00652313232421875, "pruning_sqnr_corrected": 10.343487707075841, "pruning_mse_corrected": 0.0071563720703125}, "layers.10.0.layers.3": {"sample_kurtosis": 1.053958734977968, "quant_sqnr": 35.83265657238115, "quant_mse": 1.1687308870023116e-05, "quant_sparsity": 0.048499997705221176, "pruning_sqnr": 13.335222167434324, "pruning_mse": 0.0020771026611328125, "pruning_sqnr_corrected": 12.576101204151273, "pruning_mse_corrected": 0.0024738311767578125}, "layers.10.0.layers.6": {"sample_kurtosis": 0.737220732863431, "quant_sqnr": 32.55775357079132, "quant_mse": 2.7806598154711537e-05, "quant_sparsity": 0.03270833566784859, "pruning_sqnr": 10.303270510748144, "pruning_mse": 0.004673004150390625, "pruning_sqnr_corrected": 9.942850843006903,