{"layers.0": {"sample_kurtosis": 5.000586504121239, "quant_sqnr": 41.0197042854719, "quant_mse": 2.388027496635914e-05, "quant_sparsity": 0.33217594027519226, "pruning_sqnr": 26.31671486608059, "pruning_mse": 0.0007052421569824219, "pruning_sqnr_corrected": 16.4984093801209, "pruning_mse_corrected": 0.006763458251953125}, "layers.3": {"sample_kurtosis": 6.920144861928474, "quant_sqnr": 40.322980634501306, "quant_mse": 8.53083620313555e-05, "quant_sparsity": 0.3402777910232544, "pruning_sqnr": 31.453553095552003, "pruning_mse": 0.0006575584411621094, "pruning_sqnr_corrected": 20.953731189921236, "pruning_mse_corrected": 0.00737762451171875}, "layers.6": {"sample_kurtosis": 8.141141397575353, "quant_sqnr": 39.05710361087601, "quant_mse": 3.828150875051506e-05, "quant_sparsity": 0.3515625, "pruning_sqnr": 27.16207720043385, "pruning_mse": 0.0005922317504882812, "pruning_sqnr_corrected": 16.629622080901598, "pruning_mse_corrected": 0.006694793701171875}, "layers.8.0.layers.0": {"sample_kurtosis": 3.9720404521118384, "quant_sqnr": 37.85913758870521, "quant_mse": 5.263953789835796e-05, "quant_sparsity": 0.0377604179084301, "pruning_sqnr": 17.71341775831024, "pruning_mse": 0.005443572998046875, "pruning_sqnr_corrected": 17.11186795375172, "pruning_mse_corrected": 0.006252288818359375}, "layers.8.0.layers.3": {"sample_kurtosis": -0.6182771986446727, "quant_sqnr": 44.78206326728122, "quant_mse": 7.127352546376642e-06, "quant_sparsity": 0.009259259328246117, "pruning_sqnr": 10.102603871912946, "pruning_mse": 0.02093505859375, "pruning_sqnr_corrected": 9.980874848076795, "pruning_mse_corrected": 0.0215301513671875}, "layers.8.0.layers.6": {"sample_kurtosis": 4.845136184280004, "quant_sqnr": 37.16719742604427, "quant_mse": 5.2450592193054035e-05, "quant_sparsity": 0.0364583320915699, "pruning_sqnr": 15.483706194879757, "pruning_mse": 0.00772857666015625, "pruning_sqnr_corrected": 14.978378027892036, "pruning_mse_corrected": 0.0086822509765625}, "layers.8.1.layers.0": {"sample_kurtosis": 5.672846316660991, "quant_sqnr": 35.784379846318345, "quant_mse": 3.12406373268459e-05, "quant_sparsity": 0.06018518656492233, "pruning_sqnr": 15.24149815515768, "pruning_mse": 0.0035400390625, "pruning_sqnr_corrected": 14.30245312647437, "pruning_mse_corrected": 0.00439453125}, "layers.8.1.layers.3": {"sample_kurtosis": 2.68506384974497, "quant_sqnr": 40.65106887848914, "quant_mse": 1.864046680566389e-05, "quant_sparsity": 0.04783950746059418, "pruning_sqnr": 16.745605864127075, "pruning_mse": 0.004581451416015625, "pruning_sqnr_corrected": 16.012039974218663, "pruning_mse_corrected": 0.00542449951171875}, "layers.8.1.layers.6": {"sample_kurtosis": 2.896672220086292, "quant_sqnr": 37.25878861895556, "quant_mse": 1.7554668374941684e-05, "quant_sparsity": 0.05324074253439903, "pruning_sqnr": 14.48045977842306, "pruning_mse": 0.0033283233642578125, "pruning_sqnr_corrected": 13.676221144035857, "pruning_mse_corrected": 0.00400543212890625}, "layers.8.2.layers.0": {"sample_kurtosis": 1.4825931668059464, "quant_sqnr": 39.46149225521804, "quant_mse": 1.0128958820132539e-05, "quant_sparsity": 0.02777777798473835, "pruning_sqnr": 13.384416816306635, "pruning_mse": 0.0041046142578125, "pruning_sqnr_corrected": 12.991086625099511, "pruning_mse_corrected": 0.00449371337890625}, "layers.8.2.layers.3": {"sample_kurtosis": 1.3839282058704931, "quant_sqnr": 39.58875133354184, "quant_mse": 2.088067412842065e-05, "quant_sparsity": 0.029320988804101944, "pruning_sqnr": 13.320461393459988, "pruning_mse": 0.00884246826171875, "pruning_sqnr_corrected": 12.89259030830941, "pruning_mse_corrected": 0.00975799560546875}, "layers.8.2.layers.6": {"sample_kurtosis": 1.5595144694243794, "quant_sqnr": 38.88125260093212, "quant_mse": 1.054231688613072e-05, "quant_sparsity": 0.0329861119389534, "pruning_sqnr": 13.5462925405845, "pruning_mse": 0.00360107421875, "pruning_sqnr_corrected": 13.034767316110685, "pruning_mse_corrected": 0.00405120849609375}, "layers.9.0.layers.0": {"sample_kurtosis": 6.699844473374593, "quant_sqnr": 36.564896952873966, "quant_mse": 5.1045644795522094e-05, "quant_sparsity": 0.040509261190891266, "pruning_sqnr": 16.346942138872077, "pruning_mse": 0.005367279052734375, "pruning_sqnr_corrected": 15.705343502816776, "pruning_mse_corrected": 0.006221771240234375}, "layers.9.0.layers.3": {"sample_kurtosis": 1.7496149585798815, "quant_sqnr": 40.3968221484341, "quant_mse": 9.146838237938937e-06, "quant_sparsity": 0.03611111268401146, "pruning_sqnr": 17.04744374714287, "pruning_mse": 0.0019779205322265625, "pruning_sqnr_corrected": 16.36662330236755, "pruning_mse_corrected": 0.0023136138916015625}, "layers.9.0.layers.6": {"sample_kurtosis": 1.1052306817999424, "quant_sqnr": 39.25074433455413, "quant_mse": 1.8842771169147454e-05, "quant_sparsity": 0.02395833469927311, "pruning_sqnr": 12.867248523654158, "pruning_mse": 0.0081939697265625, "pruning_sqnr_corrected": 12.51776153415083, "pruning_mse_corrected": 0.008880615234375}, "layers.9.1.layers.0": {"sample_kurtosis": 0.6782909522486804, "quant_sqnr": 40.502184549220466, "quant_mse": 4.327874648879515e-06, "quant_sparsity": 0.023749999701976776, "pruning_sqnr": 12.205208912031997, "pruning_mse": 0.0029239654541015625, "pruning_sqnr_corrected": 11.875275408410474, "pruning_mse_corrected": 0.003154754638671875}, "layers.9.1.layers.3": {"sample_kurtosis": 10.27235818648352, "quant_sqnr": 36.67855944208354, "quant_mse": 1.5906876797089353e-05, "quant_sparsity": 0.05999999865889549, "pruning_sqnr": 19.35557057694908, "pruning_mse": 0.0008587837219238281, "pruning_sqnr_corrected": 18.443267159095925, "pruning_mse_corrected": 0.0010595321655273438}, "layers.9.1.layers.6": {"sample_kurtosis": 1.8414982989263207, "quant_sqnr": 39.058596172363195, "quant_mse": 6.383113031915855e-06, "quant_sparsity": 0.024166667833924294, "pruning_sqnr": 12.70894876585935, "pruning_mse": 0.00275421142578125, "pruning_sqnr_corrected": 12.362253210957263, "pruning_mse_corrected": 0.00298309326171875}, "layers.9.2.layers.0": {"sample_kurtosis": 1.540936276855942, "quant_sqnr": 38.34194528223232, "quant_mse": 6.339160790957976e-06, "quant_sparsity": 0.0664583370089531, "pruning_sqnr": 12.887253574576023, "pruning_mse": 0.0022258758544921875, "pruning_sqnr_corrected": 11.884788787547965, "pruning_mse_corrected": 0.002803802490234375}, "layers.9.2.layers.3": {"sample_kurtosis": 9.017845732594203, "quant_sqnr": 36.10031077487166, "quant_mse": 1.4037461369298398e-05, "quant_sparsity": 0.11166666448116302, "pruning_sqnr": 19.70722904160718, "pruning_mse": 0.0006117820739746094, "pruning_sqnr_corrected": 17.718816098743485, "pruning_mse_corrected": 0.0009670257568359375}, "layers.9.2.layers.6": {"sample_kurtosis": 1.8680032921810703, "quant_sqnr": 36.16263595952165, "quant_mse": 9.968280210159719e-06, "quant_sparsity": 0.06729166954755783, "pruning_sqnr": 13.277738234101053, "pruning_mse": 0.0019369125366210938, "pruning_sqnr_corrected": 12.235275088845105, "pruning_mse_corrected": 0.0024623870849609375}, "layers.10.0.layers.0": {"sample_kurtosis": 1.1244713351710134, "quant_sqnr": 37.02305518972227, "quant_mse": 1.5372204870800488e-05, "quant_sparsity": 0.022708334028720856, "pruning_sqnr": 12.416286244367598, "pruning_mse": 0.0044403076171875, "pruning_sqnr_corrected": 12.103242950572096, "pruning_mse_corrected": 0.004772186279296875}, "layers.10.0.layers.3": {"sample_kurtosis": 1.053958734977968, "quant_sqnr": 41.64217809588308, "quant_mse": 3.0673431865579914e-06, "quant_sparsity": 0.02683333307504654, "pruning_sqnr": 15.67776371207232, "pruning_mse": 0.0012111663818359375, "pruning_sqnr_corrected": 15.171561190485416, "pruning_mse_corrected": 0.0013608932495117188}, "layers.10.0.layers.6": {"sample_kurtosis": 0.737220732863431, "quant_sqnr": 37.94988116939875, "quant_mse": 8.034060556383338e-06, "quant_sparsity": 0.016718750819563866, "pruning_sqnr": 11.970367987601001, "pruning_mse": 0.0031833648681640625, "pruning_sqnr_corrected": 11.739804676251971,