{"features.0.0": {"sample_kurtosis": 7.659587887829144, "quant_sqnr": 20.056798564882556, "quant_mse": 0.0005144676542840898, "quant_sparsity": 0.44560185074806213, "pruning_sqnr": 14.096662210498817, "pruning_mse": 0.0020294189453125, "pruning_sqnr_corrected": 8.935336139753788, "pruning_mse_corrected": 0.00666046142578125}, "features.1.conv.0.0": {"sample_kurtosis": 8.617747618805444, "quant_sqnr": 21.078860799689707, "quant_mse": 0.0017663139151409268, "quant_sparsity": 0.5104166865348816, "pruning_sqnr": 17.898676051464363, "pruning_mse": 0.003673553466796875, "pruning_sqnr_corrected": 9.766421432210837, "pruning_mse_corrected": 0.023895263671875}, "features.1.conv.1": {"sample_kurtosis": 2.8184301173601582, "quant_sqnr": 21.868632321517705, "quant_mse": 0.0003217139164917171, "quant_sparsity": 0.302734375, "pruning_sqnr": 10.461744514174633, "pruning_mse": 0.00444793701171875, "pruning_sqnr_corrected": 7.545573617582627, "pruning_mse_corrected": 0.00870513916015625}, "features.2.conv.0.0": {"sample_kurtosis": 0.7713263416532259, "quant_sqnr": 23.25241098657743, "quant_mse": 0.00014020121307112277, "quant_sparsity": 0.0970052108168602, "pruning_sqnr": 7.531786805570121, "pruning_mse": 0.0052337646484375, "pruning_sqnr_corrected": 6.888626122811634, "pruning_mse_corrected": 0.006069183349609375}, "features.2.conv.1.0": {"sample_kurtosis": 0.11227541564666854, "quant_sqnr": 24.788225747466456, "quant_mse": 8.521645941073075e-05, "quant_sparsity": 0.0520833320915699, "pruning_sqnr": 6.783589690355079, "pruning_mse": 0.005382537841796875, "pruning_sqnr_corrected": 6.463282089270694, "pruning_mse_corrected": 0.005794525146484375}, "features.2.conv.2": {"sample_kurtosis": 1.105005620577928, "quant_sqnr": 22.24472706272863, "quant_mse": 0.00015515713312197477, "quant_sparsity": 0.110243059694767, "pruning_sqnr": 7.513580737957071, "pruning_mse": 0.004611968994140625, "pruning_sqnr_corrected": 6.769324735864678, "pruning_mse_corrected": 0.005474090576171875}, "features.3.conv.0.0": {"sample_kurtosis": 0.7425244826962136, "quant_sqnr": 22.86973836004838, "quant_mse": 7.037164323264733e-05, "quant_sparsity": 0.09085648506879807, "pruning_sqnr": 7.34026035622499, "pruning_mse": 0.002513885498046875, "pruning_sqnr_corrected": 6.71526793445936, "pruning_mse_corrected": 0.002902984619140625}, "features.3.conv.1.0": {"sample_kurtosis": 2.0546938775510206, "quant_sqnr": 21.96083498147739, "quant_mse": 0.0002176128764403984, "quant_sparsity": 0.1697530895471573, "pruning_sqnr": 9.7275963495803, "pruning_mse": 0.00363922119140625, "pruning_sqnr_corrected": 8.291099346301266, "pruning_mse_corrected": 0.00506591796875}, "features.3.conv.2": {"sample_kurtosis": 0.6293830154519275, "quant_sqnr": 23.092967715375735, "quant_mse": 6.662133091595024e-05, "quant_sparsity": 0.08478008955717087, "pruning_sqnr": 7.385366413300196, "pruning_mse": 0.00247955322265625, "pruning_sqnr_corrected": 6.819249351156479, "pruning_mse_corrected": 0.0028247833251953125}, "features.4.conv.0.0": {"sample_kurtosis": 1.1774741977857008, "quant_sqnr": 21.893127444952114, "quant_mse": 0.0001441642380086705, "quant_sparsity": 0.11255787312984467, "pruning_sqnr": 7.615296947584788, "pruning_mse": 0.0038604736328125, "pruning_sqnr_corrected": 6.8320758743199175, "pruning_mse_corrected": 0.0046234130859375}, "features.4.conv.1.0": {"sample_kurtosis": -1.0405709015528593, "quant_sqnr": 27.31230314170817, "quant_mse": 2.7072006560047157e-05, "quant_sparsity": 0.012345679104328156, "pruning_sqnr": 4.836469569019371, "pruning_mse": 0.004787445068359375, "pruning_sqnr_corrected": 4.781451321649859, "pruning_mse_corrected": 0.004848480224609375}, "features.4.conv.2": {"sample_kurtosis": 0.7341124908692476, "quant_sqnr": 22.812130476102116, "quant_mse": 9.454938845010474e-05, "quant_sparsity": 0.0954861119389534, "pruning_sqnr": 7.467598470611687, "pruning_mse": 0.0032367706298828125, "pruning_sqnr_corrected": 6.804350200651722, "pruning_mse_corrected": 0.0037708282470703125}, "features.5.conv.0.0": {"sample_kurtosis": 0.8305477380534292, "quant_sqnr": 21.373526497038338, "quant_mse": 5.569143104366958e-05, "quant_sparsity": 0.09521484375, "pruning_sqnr": 7.253395990877833, "pruning_mse": 0.001438140869140625, "pruning_sqnr_corrected": 6.619455093263399, "pruning_mse_corrected": 0.0016641616821289062}, "features.5.conv.1.0": {"sample_kurtosis": 2.794875630886631, "quant_sqnr": 21.3567955494044, "quant_mse": 0.00014558549446519464, "quant_sparsity": 0.16608797013759613, "pruning_sqnr": 10.177166247582498, "pruning_mse": 0.0019102096557617188, "pruning_sqnr_corrected": 8.896452940494182, "pruning_mse_corrected": 0.0025653839111328125}, "features.5.conv.2": {"sample_kurtosis": 0.40923257100449106, "quant_sqnr": 23.619748748482436, "quant_mse": 3.204181120963767e-05, "quant_sparsity": 0.0847981795668602, "pruning_sqnr": 7.257274388334963, "pruning_mse": 0.0013866424560546875, "pruning_sqnr_corrected": 6.684454593321547, "pruning_mse_corrected": 0.0015821456909179688}, "features.6.conv.0.0": {"sample_kurtosis": 0.3869644861021997, "quant_sqnr": 23.50621363861155, "quant_mse": 3.095076681347564e-05, "quant_sparsity": 0.08740234375, "pruning_sqnr": 7.338166777227306, "pruning_mse": 0.0012807846069335938, "pruning_sqnr_corrected": 6.735267643282976, "pruning_mse_corrected": 0.0014715194702148438}, "features.6.conv.1.0": {"sample_kurtosis": 1.824395498632306, "quant_sqnr": 21.92046302655543, "quant_mse": 9.030949149746448e-05, "quant_sparsity": 0.1388888955116272, "pruning_sqnr": 9.140732805214881, "pruning_mse": 0.001712799072265625, "pruning_sqnr_corrected": 8.055203098940936, "pruning_mse_corrected": 0.0021991729736328125}, "features.6.conv.2": {"sample_kurtosis": 0.2631791738730036, "quant_sqnr": 23.327589692751296, "quant_mse": 2.9927714422228746e-05, "quant_sparsity": 0.0872395858168602, "pruning_sqnr": 7.0006483789461305, "pruning_mse": 0.0012845993041992188, "pruning_sqnr_corrected": 6.4219381378612, "pruning_mse_corrected": 0.0014677047729492188}, "features.7.conv.0.0": {"sample_kurtosis": 0.5273879143146747, "quant_sqnr": 23.84261557221415, "quant_mse": 6.764922000002116e-05, "quant_sparsity": 0.0859375, "pruning_sqnr": 7.508244246726758, "pruning_mse": 0.0029087066650390625, "pruning_sqnr_corrected": 6.9006467932545865, "pruning_mse_corrected": 0.003345489501953125}, "features.7.conv.1.0": {"sample_kurtosis": -0.9832325155352102, "quant_sqnr": 27.025705426713863, "quant_mse": 2.4560547899454832e-05, "quant_sparsity": 0.0057870373129844666, "pruning_sqnr": 5.055247624611856, "pruning_mse": 0.0038661956787109375, "pruning_sqnr_corrected": 5.027483437282955, "pruning_mse_corrected": 0.0038909912109375}, "features.7.conv.2": {"sample_kurtosis": 0.382707903424393, "quant_sqnr": 23.521037887545546, "quant_mse": 4.622555570676923e-05, "quant_sparsity": 0.0882161483168602, "pruning_sqnr": 7.174395567155631, "pruning_mse": 0.0019931793212890625, "pruning_sqnr_corrected": 6.584616967562253, "pruning_mse_corrected": 0.0022830963134765625}, "features.8.conv.0.0": {"sample_kurtosis": 0.4539760542755129, "quant_sqnr": 23.07319378774539, "quant_mse": 1.6054566003731452e-05, "quant_sparsity": 0.0903727263212204, "pruning_sqnr": 7.199368734487754, "pruning_mse": 0.0006208419799804688, "pruning_sqnr_corrected": 6.587462248326692, "pruning_mse_corrected": 0.0007147789001464844}, "features.8.conv.1.0": {"sample_kurtosis": 2.691072064910501, "quant_sqnr": 22.317066128564026, "quant_mse": 6.846598989795893e-05, "quant_sparsity": 0.13946759700775146, "pruning_sqnr": 10.078769501428217, "pruning_mse": 0.0011463165283203125, "pruning_sqnr_corrected": 9.134308203301625, "pruning_mse_corrected": 0.0014247894287109375}, "features.8.conv.2": {"sample_kurtosis": 0.2691034671313628, "quant_sqnr": 23.704555108304582, "quant_mse": 1.3833565390086733e-05, "quant_sparsity": 0.08203125, "pruning_sqnr": 7.06888139814547, "pruning_mse": 0.0006375312805175781, "pruning_sqnr_corrected": 6.5146177321374505,