{"features.0.0": {"sample_kurtosis": 12.080690339218409, "quant_sqnr": 18.195331461126244, "quant_mse": 0.007879279553890228, "quant_sparsity": 0.40046295523643494, "pruning_sqnr": 12.611227142005879, "pruning_mse": 0.02850341796875, "pruning_sqnr_corrected": 8.249294099967262, "pruning_mse_corrected": 0.07781982421875}, "features.1.block.0.0": {"sample_kurtosis": 2.6661768093412057, "quant_sqnr": 25.29998717559932, "quant_mse": 0.005193451885133982, "quant_sparsity": 0.2222222238779068, "pruning_sqnr": 13.317987566302536, "pruning_mse": 0.08197021484375, "pruning_sqnr_corrected": 11.270325023046173, "pruning_mse_corrected": 0.13134765625}, "features.1.block.1.fc1": {"sample_kurtosis": -3.0, "quant_sqnr": 21.303091508279262, "quant_mse": 1.3246227448249215e-09, "quant_sparsity": 0.875, "pruning_sqnr": Infinity, "pruning_mse": 0.0, "pruning_sqnr_corrected": 4.771212547196624, "pruning_mse_corrected": 5.960464477539063e-08}, "features.1.block.1.fc2": {"sample_kurtosis": -3.0, "quant_sqnr": 31.42507334223322, "quant_mse": 3.005182214188551e-10, "quant_sparsity": 0.875, "pruning_sqnr": Infinity, "pruning_mse": 0.0, "pruning_sqnr_corrected": 3.679767852945944, "pruning_mse_corrected": 1.7881393432617188e-07}, "features.1.block.2.0": {"sample_kurtosis": 5.293074769767536, "quant_sqnr": 21.08854097422002, "quant_mse": 0.004811158403754234, "quant_sparsity": 0.37890625, "pruning_sqnr": 13.60101423324188, "pruning_mse": 0.0269775390625, "pruning_sqnr_corrected": 9.303418380545882, "pruning_mse_corrected": 0.07257080078125}, "features.2.block.0.0": {"sample_kurtosis": 6.8081013955249645, "quant_sqnr": 19.714767870885016, "quant_mse": 0.002706204541027546, "quant_sparsity": 0.3411458432674408, "pruning_sqnr": 12.90898410454071, "pruning_mse": 0.012969970703125, "pruning_sqnr_corrected": 9.33860866421381, "pruning_mse_corrected": 0.029510498046875}, "features.2.block.1.0": {"sample_kurtosis": 2.600563482764893, "quant_sqnr": 22.26120210018128, "quant_mse": 0.0015694486210122705, "quant_sparsity": 0.2052469104528427, "pruning_sqnr": 9.13242260455068, "pruning_mse": 0.032257080078125, "pruning_sqnr_corrected": 7.497965269260312, "pruning_mse_corrected": 0.0469970703125}, "features.2.block.2.0": {"sample_kurtosis": 9.835738948010734, "quant_sqnr": 18.691748602861257, "quant_mse": 0.0029053238686174154, "quant_sparsity": 0.3802083432674408, "pruning_sqnr": 12.498500720694315, "pruning_mse": 0.01209259033203125, "pruning_sqnr_corrected": 8.641930601707049, "pruning_mse_corrected": 0.029388427734375}, "features.3.block.0.0": {"sample_kurtosis": 13.42412763172388, "quant_sqnr": 18.089686309684534, "quant_mse": 0.0016336111584678292, "quant_sparsity": 0.4905303120613098, "pruning_sqnr": 14.859324531655558, "pruning_mse": 0.003437042236328125, "pruning_sqnr_corrected": 9.274396440766797, "pruning_mse_corrected": 0.0124359130859375}, "features.3.block.1.0": {"sample_kurtosis": 5.541663031871151, "quant_sqnr": 22.20076246792635, "quant_mse": 0.0012531509855762124, "quant_sparsity": 0.4457070827484131, "pruning_sqnr": 16.592516634664307, "pruning_mse": 0.004558563232421875, "pruning_sqnr_corrected": 10.010206690524072, "pruning_mse_corrected": 0.020751953125}, "features.3.block.2.0": {"sample_kurtosis": 3.978134836782176, "quant_sqnr": 21.614896367347754, "quant_mse": 0.0005584204918704927, "quant_sparsity": 0.3172348439693451, "pruning_sqnr": 11.623406895860635, "pruning_mse": 0.005573272705078125, "pruning_sqnr_corrected": 8.554058513351706, "pruning_mse_corrected": 0.01129913330078125}, "features.4.block.0.0": {"sample_kurtosis": 6.707065885177601, "quant_sqnr": 19.845098272689373, "quant_mse": 0.0015104437479749322, "quant_sparsity": 0.2821180522441864, "pruning_sqnr": 11.60221491834748, "pruning_mse": 0.01007843017578125, "pruning_sqnr_corrected": 9.126514710089133, "pruning_mse_corrected": 0.017822265625}, "features.4.block.1.0": {"sample_kurtosis": 2.024568569317471, "quant_sqnr": 24.01529404951426, "quant_mse": 0.00023232483363244683, "quant_sparsity": 0.24583333730697632, "pruning_sqnr": 12.618856756655335, "pruning_mse": 0.003204345703125, "pruning_sqnr_corrected": 9.313752743302052, "pruning_mse_corrected": 0.00685882568359375}, "features.4.block.2.fc1": {"sample_kurtosis": 450.91662633189947, "quant_sqnr": 19.64484332926815, "quant_mse": 9.521460742689669e-05, "quant_sparsity": 0.967881977558136, "pruning_sqnr": Infinity, "pruning_mse": 0.0, "pruning_sqnr_corrected": 9.122494368302279, "pruning_mse_corrected": 0.0010738372802734375}, "features.4.block.2.fc2": {"sample_kurtosis": 49.75830802909399, "quant_sqnr": 27.707445197118204, "quant_mse": 1.5754072592244484e-05, "quant_sparsity": 0.9596354365348816, "pruning_sqnr": Infinity, "pruning_mse": 0.0, "pruning_sqnr_corrected": 5.589849952863921, "pruning_mse_corrected": 0.0025653839111328125}, "features.4.block.3.0": {"sample_kurtosis": 2.0216519289352437, "quant_sqnr": 21.765940832775446, "quant_mse": 0.0007043435471132398, "quant_sparsity": 0.1263020932674408, "pruning_sqnr": 8.733105778230174, "pruning_mse": 0.01416015625, "pruning_sqnr_corrected": 7.8091666597992475, "pruning_mse_corrected": 0.01751708984375}, "features.5.block.0.0": {"sample_kurtosis": 1.8605622946164146, "quant_sqnr": 21.806294021106805, "quant_mse": 0.000252877565799281, "quant_sparsity": 0.13125000894069672, "pruning_sqnr": 8.578168526311302, "pruning_mse": 0.00531768798828125, "pruning_sqnr_corrected": 7.625299055526478, "pruning_mse_corrected": 0.006622314453125}, "features.5.block.1.0": {"sample_kurtosis": 18.635125965515698, "quant_sqnr": 19.196114400784868, "quant_mse": 0.0005302806966938078, "quant_sparsity": 0.6466666460037231, "pruning_sqnr": 21.200291492508487, "pruning_mse": 0.0003342628479003906, "pruning_sqnr_corrected": 12.885053212708534, "pruning_mse_corrected": 0.0022678375244140625}, "features.5.block.2.fc1": {"sample_kurtosis": 22.685893425663888, "quant_sqnr": 14.378277870316797, "quant_mse": 0.0009326250874437392, "quant_sparsity": 0.32337242364883423, "pruning_sqnr": 10.782747118364576, "pruning_mse": 0.0021343231201171875, "pruning_sqnr_corrected": 8.213236471098254, "pruning_mse_corrected": 0.003856658935546875}, "features.5.block.2.fc2": {"sample_kurtosis": 29.952229818019184, "quant_sqnr": 13.557822240093069, "quant_mse": 0.001157493912614882, "quant_sparsity": 0.3306640684604645, "pruning_sqnr": 10.292923104151173, "pruning_mse": 0.0024547576904296875, "pruning_sqnr_corrected": 7.775208329672374, "pruning_mse_corrected": 0.004383087158203125}, "features.5.block.3.0": {"sample_kurtosis": 3.322728173143549, "quant_sqnr": 20.050227886053396, "quant_mse": 0.0003330399631522596, "quant_sparsity": 0.1640625, "pruning_sqnr": 8.937499607378001, "pruning_mse": 0.004302978515625, "pruning_sqnr_corrected": 7.737480918631695, "pruning_mse_corrected": 0.005672454833984375}, "features.6.block.0.0": {"sample_kurtosis": 1.650767424327995, "quant_sqnr": 21.955681583040267, "quant_mse": 0.00024004743318073452, "quant_sparsity": 0.12583333253860474, "pruning_sqnr": 8.48897975279504, "pruning_mse": 0.00533294677734375, "pruning_sqnr_corrected": 7.5661015341524385, "pruning_mse_corrected": 0.006595611572265625}, "features.6.block.1.0": {"sample_kurtosis": 12.694798726257677, "quant_sqnr": 19.581440306959294, "quant_mse": 0.00043485083733685315, "quant_sparsity": 0.5113333463668823, "pruning_sqnr": 17.732288320294266, "pruning_mse": 0.0006656646728515625, "pruning_sqnr_corrected": 11.796508108546163, "pruning_mse_corrected": 0.0026111602783203125}, "features.6.block.2.fc1": {"sample_kurtosis": 13.920654528065128, "quant_sqnr": 16.123269624434094, "quant_mse": 0.00046942222979851067, "quant_sparsity": 0.2684895992279053, "pruning_sqnr": 9.872631785970674, "pruning_mse": 0.001979827880859375, "pruning_sqnr_corrected": 7.907403776916642, "pruning_mse_corrected": 0.00311279296875}, "features.6.block.2.fc2": {"sample_kurtosis": 18.777773671714044, "quant_sqnr": 15.102082114718412, "quant_mse": 0.0006343908607959747,