{"features.0.0": {"sample_kurtosis": 12.080690339218409, "quant_sqnr": 9.339335875013736, "quant_mse": 0.060546085238456726, "quant_sparsity": 0.6273148059844971, "pruning_sqnr": 8.249294099967262, "pruning_mse": 0.07781982421875, "pruning_sqnr_corrected": 4.656520751207631, "pruning_mse_corrected": 0.177978515625}, "features.1.block.0.0": {"sample_kurtosis": 2.6661768093412057, "quant_sqnr": 13.306492771574575, "quant_mse": 0.0821874588727951, "quant_sparsity": 0.5625, "pruning_sqnr": 9.525587292225552, "pruning_mse": 0.1962890625, "pruning_sqnr_corrected": 4.194306709362925, "pruning_mse_corrected": 0.669921875}, "features.1.block.1.fc1": {"sample_kurtosis": -3.0, "quant_sqnr": 6.904882047657448, "quant_mse": 3.646810142754475e-08, "quant_sparsity": 0.9375, "pruning_sqnr": Infinity, "pruning_mse": 0.0, "pruning_sqnr_corrected": 1.7609125905568124, "pruning_mse_corrected": 1.1920928955078125e-07}, "features.1.block.1.fc2": {"sample_kurtosis": -3.0, "quant_sqnr": 18.715724555463314, "quant_mse": 5.607970088306047e-09, "quant_sparsity": 0.875, "pruning_sqnr": Infinity, "pruning_mse": 0.0, "pruning_sqnr_corrected": 2.430380486862944, "pruning_mse_corrected": 2.384185791015625e-07}, "features.1.block.2.0": {"sample_kurtosis": 5.293074769767536, "quant_sqnr": 10.516145954413158, "quant_mse": 0.054889485239982605, "quant_sparsity": 0.640625, "pruning_sqnr": 8.989928388508986, "pruning_mse": 0.0780029296875, "pruning_sqnr_corrected": 4.41331232047082, "pruning_mse_corrected": 0.2237548828125}, "features.2.block.0.0": {"sample_kurtosis": 6.8081013955249645, "quant_sqnr": 10.596391792337316, "quant_mse": 0.02209012769162655, "quant_sparsity": 0.6137152910232544, "pruning_sqnr": 8.70069317834201, "pruning_mse": 0.0341796875, "pruning_sqnr_corrected": 4.6474735553956386, "pruning_mse_corrected": 0.0869140625}, "features.2.block.1.0": {"sample_kurtosis": 2.600563482764893, "quant_sqnr": 12.340915653061305, "quant_mse": 0.015409045852720737, "quant_sparsity": 0.41820988059043884, "pruning_sqnr": 6.105718681971723, "pruning_mse": 0.06475830078125, "pruning_sqnr_corrected": 4.225039527632088, "pruning_mse_corrected": 0.099853515625}, "features.2.block.2.0": {"sample_kurtosis": 9.835738948010734, "quant_sqnr": 9.784886307562706, "quant_mse": 0.022588156163692474, "quant_sparsity": 0.6111111044883728, "pruning_sqnr": 8.432830294439166, "pruning_mse": 0.0308380126953125, "pruning_sqnr_corrected": 4.5406870694715895, "pruning_mse_corrected": 0.0755615234375}, "features.3.block.0.0": {"sample_kurtosis": 13.42412763172388, "quant_sqnr": 9.145599441982112, "quant_mse": 0.012810243293642998, "quant_sparsity": 0.6917613744735718, "pruning_sqnr": 10.297113854568442, "pruning_mse": 0.00982666015625, "pruning_sqnr_corrected": 4.938121301839957, "pruning_mse_corrected": 0.03375244140625}, "features.3.block.1.0": {"sample_kurtosis": 5.541663031871151, "quant_sqnr": 11.825591427855606, "quant_mse": 0.013662195764482021, "quant_sparsity": 0.7108585834503174, "pruning_sqnr": 10.701015881957066, "pruning_mse": 0.0177001953125, "pruning_sqnr_corrected": 3.923059075160312, "pruning_mse_corrected": 0.08428955078125}, "features.3.block.2.0": {"sample_kurtosis": 3.978134836782176, "quant_sqnr": 11.400590787330163, "quant_mse": 0.005866673309355974, "quant_sparsity": 0.5208333730697632, "pruning_sqnr": 7.740794553038515, "pruning_mse": 0.0136260986328125, "pruning_sqnr_corrected": 4.468635833037354, "pruning_mse_corrected": 0.0289459228515625}, "features.4.block.0.0": {"sample_kurtosis": 6.707065885177601, "quant_sqnr": 10.02323193395429, "quant_mse": 0.01449743565171957, "quant_sparsity": 0.5711805820465088, "pruning_sqnr": 8.11302293471112, "pruning_mse": 0.0225067138671875, "pruning_sqnr_corrected": 4.776671938008612, "pruning_mse_corrected": 0.04852294921875}, "features.4.block.1.0": {"sample_kurtosis": 2.024568569317471, "quant_sqnr": 13.079590186473542, "quant_mse": 0.002881814492866397, "quant_sparsity": 0.5570833683013916, "pruning_sqnr": 7.522351961189511, "pruning_mse": 0.0103607177734375, "pruning_sqnr_corrected": 3.4605886727065736, "pruning_mse_corrected": 0.026397705078125}, "features.4.block.2.fc1": {"sample_kurtosis": 450.91662633189947, "quant_sqnr": 8.725446770540003, "quant_mse": 0.0011766389943659306, "quant_sparsity": 0.9856770634651184, "pruning_sqnr": Infinity, "pruning_mse": 0.0, "pruning_sqnr_corrected": 4.320535180690051, "pruning_mse_corrected": 0.0032444000244140625}, "features.4.block.2.fc2": {"sample_kurtosis": 49.75830802909399, "quant_sqnr": 16.102542046430067, "quant_mse": 0.0002279728651046753, "quant_sparsity": 0.9631076455116272, "pruning_sqnr": Infinity, "pruning_mse": 0.0, "pruning_sqnr_corrected": 2.950103263651532, "pruning_mse_corrected": 0.004711151123046875}, "features.4.block.3.0": {"sample_kurtosis": 2.0216519289352437, "quant_sqnr": 11.967064393202287, "quant_mse": 0.0067246886901557446, "quant_sparsity": 0.3463541865348816, "pruning_sqnr": 5.807871660568046, "pruning_mse": 0.02777099609375, "pruning_sqnr_corrected": 4.225572627221339, "pruning_mse_corrected": 0.03997802734375}, "features.5.block.0.0": {"sample_kurtosis": 1.8605622946164146, "quant_sqnr": 12.06729100861213, "quant_mse": 0.0023812807630747557, "quant_sparsity": 0.34062501788139343, "pruning_sqnr": 5.691103355187152, "pruning_mse": 0.01033782958984375, "pruning_sqnr_corrected": 4.130240953407769, "pruning_mse_corrected": 0.01480865478515625}, "features.5.block.1.0": {"sample_kurtosis": 18.635125965515698, "quant_sqnr": 10.90126544567064, "quant_mse": 0.0035808878019452095, "quant_sparsity": 0.8736666440963745, "pruning_sqnr": 16.64066217923931, "pruning_mse": 0.0009551048278808594, "pruning_sqnr_corrected": 4.410655043663461, "pruning_mse_corrected": 0.015960693359375}, "features.5.block.2.fc1": {"sample_kurtosis": 22.685893425663888, "quant_sqnr": 8.349796870659066, "quant_mse": 0.0037372761871665716, "quant_sparsity": 0.531445324420929, "pruning_sqnr": 7.593762522778311, "pruning_mse": 0.00444793701171875, "pruning_sqnr_corrected": 4.808971861581225, "pruning_mse_corrected": 0.00844573974609375}, "features.5.block.2.fc2": {"sample_kurtosis": 29.952229818019184, "quant_sqnr": 7.842583227958173, "quant_mse": 0.0043156142346560955, "quant_sparsity": 0.4651692807674408, "pruning_sqnr": 7.242317105824948, "pruning_mse": 0.004955291748046875, "pruning_sqnr_corrected": 4.950235470197897, "pruning_mse_corrected": 0.00839996337890625}, "features.5.block.3.0": {"sample_kurtosis": 3.322728173143549, "quant_sqnr": 10.975542649059513, "quant_mse": 0.002691317116841674, "quant_sparsity": 0.3772916793823242, "pruning_sqnr": 6.0166678670001295, "pruning_mse": 0.00843048095703125, "pruning_sqnr_corrected": 4.291272515171109, "pruning_mse_corrected": 0.012542724609375}, "features.6.block.0.0": {"sample_kurtosis": 1.650767424327995, "quant_sqnr": 12.210189042665103, "quant_mse": 0.0022638430818915367, "quant_sparsity": 0.3427083492279053, "pruning_sqnr": 5.5665458386877855, "pruning_mse": 0.0104522705078125, "pruning_sqnr_corrected": 4.020063005736026, "pruning_mse_corrected": 0.014923095703125}, "features.6.block.1.0": {"sample_kurtosis": 12.694798726257677, "quant_sqnr": 10.454536297715096, "quant_mse": 0.0035565646830946207, "quant_sparsity": 0.8009999990463257, "pruning_sqnr": 13.299546339334768, "pruning_mse": 0.0018472671508789062, "pruning_sqnr_corrected": 4.835453462823701, "pruning_mse_corrected": 0.012969970703125}, "features.6.block.2.fc1": {"sample_kurtosis": 13.920654528065128, "quant_sqnr": 8.708141577615603, "quant_mse": 0.002588668605312705, "quant_sparsity": 0.4815104305744171, "pruning_sqnr": 6.93617527393436, "pruning_mse": 0.0038928985595703125, "pruning_sqnr_corrected": 4.6791325293283865, "pruning_mse_corrected": 0.0065460205078125}, "features.6.block.2.fc2": {"sample_kurtosis": 18.777773671714044, "quant_sqnr": 8.63431021517484, "quant_mse": 0.002812769263982773, "quant_sparsity": 0.4244791865348816, "pruning_sqnr": 6.472442503493474,