{"features.0.0": {"sample_kurtosis": 7.659587887829144, "quant_sqnr": 25.302183902143884, "quant_mse": 0.0001537515636300668, "quant_sparsity": 0.33449074625968933, "pruning_sqnr": 16.687102329908203, "pruning_mse": 0.001117706298828125, "pruning_sqnr_corrected": 11.760594763719316, "pruning_mse_corrected": 0.003475189208984375}, "features.1.conv.0.0": {"sample_kurtosis": 8.617747618805444, "quant_sqnr": 26.831550493244777, "quant_mse": 0.0004696765972767025, "quant_sparsity": 0.40625, "pruning_sqnr": 20.633765271591543, "pruning_mse": 0.001956939697265625, "pruning_sqnr_corrected": 13.53208007329053, "pruning_mse_corrected": 0.010040283203125}, "features.1.conv.1": {"sample_kurtosis": 2.8184301173601582, "quant_sqnr": 27.23543610893242, "quant_mse": 9.349523315904662e-05, "quant_sparsity": 0.2578125, "pruning_sqnr": 12.640683007886548, "pruning_mse": 0.00269317626953125, "pruning_sqnr_corrected": 9.391041787038084, "pruning_mse_corrected": 0.0056915283203125}, "features.2.conv.0.0": {"sample_kurtosis": 0.7713263416532259, "quant_sqnr": 28.705288225200064, "quant_mse": 3.9945149183040485e-05, "quant_sparsity": 0.0651041716337204, "pruning_sqnr": 8.966558769865337, "pruning_mse": 0.00376129150390625, "pruning_sqnr_corrected": 8.405399350076022, "pruning_mse_corrected": 0.00428009033203125}, "features.2.conv.1.0": {"sample_kurtosis": 0.11227541564666854, "quant_sqnr": 30.609312047469825, "quant_mse": 2.2305648599285632e-05, "quant_sparsity": 0.023148149251937866, "pruning_sqnr": 8.066966837199177, "pruning_mse": 0.00400543212890625, "pruning_sqnr_corrected": 7.896633444211374, "pruning_mse_corrected": 0.0041656494140625}, "features.2.conv.2": {"sample_kurtosis": 1.105005620577928, "quant_sqnr": 27.850703186609014, "quant_mse": 4.267505937605165e-05, "quant_sparsity": 0.0716145858168602, "pruning_sqnr": 8.910324542266652, "pruning_mse": 0.0033435821533203125, "pruning_sqnr_corrected": 8.314022997237181, "pruning_mse_corrected": 0.0038356781005859375}, "features.3.conv.0.0": {"sample_kurtosis": 0.7425244826962136, "quant_sqnr": 28.398189158203774, "quant_mse": 1.9703918951563537e-05, "quant_sparsity": 0.05179398134350777, "pruning_sqnr": 8.785096373712271, "pruning_mse": 0.0018024444580078125, "pruning_sqnr_corrected": 8.323387298522478, "pruning_mse_corrected": 0.0020046234130859375}, "features.3.conv.1.0": {"sample_kurtosis": 2.0546938775510206, "quant_sqnr": 27.401979824285377, "quant_mse": 6.216845940798521e-05, "quant_sparsity": 0.09799382835626602, "pruning_sqnr": 11.502187517803925, "pruning_mse": 0.00241851806640625, "pruning_sqnr_corrected": 10.454344749400548, "pruning_mse_corrected": 0.003078460693359375}, "features.3.conv.2": {"sample_kurtosis": 0.6293830154519275, "quant_sqnr": 28.571694163680654, "quant_mse": 1.8868642655434087e-05, "quant_sparsity": 0.04311342537403107, "pruning_sqnr": 8.77278031379004, "pruning_mse": 0.0018014907836914062, "pruning_sqnr_corrected": 8.409095500395782, "pruning_mse_corrected": 0.0019588470458984375}, "features.4.conv.0.0": {"sample_kurtosis": 1.1774741977857008, "quant_sqnr": 27.30995434300312, "quant_mse": 4.141663885093294e-05, "quant_sparsity": 0.06452546268701553, "pruning_sqnr": 9.066718174550658, "pruning_mse": 0.0027637481689453125, "pruning_sqnr_corrected": 8.494673493547928, "pruning_mse_corrected": 0.0031528472900390625}, "features.4.conv.1.0": {"sample_kurtosis": -1.0405709015528593, "quant_sqnr": 33.270815856093954, "quant_mse": 6.865452633064706e-06, "quant_sparsity": 0.006172839552164078, "pruning_sqnr": 5.803407416347261, "pruning_mse": 0.0038318634033203125, "pruning_sqnr_corrected": 5.766812373587136, "pruning_mse_corrected": 0.003864288330078125}, "features.4.conv.2": {"sample_kurtosis": 0.7341124908692476, "quant_sqnr": 27.503451232151413, "quant_mse": 3.210159775335342e-05, "quant_sparsity": 0.0531684048473835, "pruning_sqnr": 8.900818587040964, "pruning_mse": 0.00232696533203125, "pruning_sqnr_corrected": 8.441819998478, "pruning_mse_corrected": 0.00258636474609375}, "features.5.conv.0.0": {"sample_kurtosis": 0.8305477380534292, "quant_sqnr": 25.991951551627523, "quant_mse": 1.9228520613978617e-05, "quant_sparsity": 0.0636393278837204, "pruning_sqnr": 8.663144426809149, "pruning_mse": 0.0010395050048828125, "pruning_sqnr_corrected": 8.11371240992418, "pruning_mse_corrected": 0.0011796951293945312}, "features.5.conv.1.0": {"sample_kurtosis": 2.794875630886631, "quant_sqnr": 26.95720670678387, "quant_mse": 4.009377880720422e-05, "quant_sparsity": 0.08217592537403107, "pruning_sqnr": 11.760704440597799, "pruning_mse": 0.0013265609741210938, "pruning_sqnr_corrected": 10.979833362094876, "pruning_mse_corrected": 0.0015878677368164062}, "features.5.conv.2": {"sample_kurtosis": 0.40923257100449106, "quant_sqnr": 28.686994230293116, "quant_mse": 9.976828550861683e-06, "quant_sparsity": 0.0485026054084301, "pruning_sqnr": 8.675163571629575, "pruning_mse": 0.0010004043579101562, "pruning_sqnr_corrected": 8.253340112720052, "pruning_mse_corrected": 0.001102447509765625}, "features.6.conv.0.0": {"sample_kurtosis": 0.3869644861021997, "quant_sqnr": 28.887259941549015, "quant_mse": 8.965340384747833e-06, "quant_sparsity": 0.0467122420668602, "pruning_sqnr": 8.769155639759527, "pruning_mse": 0.0009212493896484375, "pruning_sqnr_corrected": 8.357681736459957, "pruning_mse_corrected": 0.0010128021240234375}, "features.6.conv.1.0": {"sample_kurtosis": 1.824395498632306, "quant_sqnr": 27.387257052814604, "quant_mse": 2.564802889537532e-05, "quant_sparsity": 0.08564814925193787, "pruning_sqnr": 10.69044335166816, "pruning_mse": 0.0011987686157226562, "pruning_sqnr_corrected": 9.899782713190184, "pruning_mse_corrected": 0.001438140869140625}, "features.6.conv.2": {"sample_kurtosis": 0.2631791738730036, "quant_sqnr": 28.66894295301588, "quant_mse": 8.748593245400116e-06, "quant_sparsity": 0.0515950545668602, "pruning_sqnr": 8.393156675496943, "pruning_mse": 0.0009322166442871094, "pruning_sqnr_corrected": 7.956067396642883, "pruning_mse_corrected": 0.0010309219360351562}, "features.7.conv.0.0": {"sample_kurtosis": 0.5273879143146747, "quant_sqnr": 29.23149915543744, "quant_mse": 1.9560251530492678e-05, "quant_sparsity": 0.0504557304084301, "pruning_sqnr": 8.970663885997055, "pruning_mse": 0.0020771026611328125, "pruning_sqnr_corrected": 8.520273340703675, "pruning_mse_corrected": 0.0023040771484375}, "features.7.conv.1.0": {"sample_kurtosis": -0.9832325155352102, "quant_sqnr": 32.94801781576771, "quant_mse": 6.28068210062338e-06, "quant_sparsity": 0.0034722222480922937, "pruning_sqnr": 6.055526351223445, "pruning_mse": 0.003070831298828125, "pruning_sqnr_corrected": 6.0366849124779325, "pruning_mse_corrected": 0.0030841827392578125}, "features.7.conv.2": {"sample_kurtosis": 0.382707903424393, "quant_sqnr": 28.745440592821314, "quant_mse": 1.3881674931326415e-05, "quant_sparsity": 0.0484212264418602, "pruning_sqnr": 8.588966030510273, "pruning_mse": 0.0014390945434570312, "pruning_sqnr_corrected": 8.16954823378525, "pruning_mse_corrected": 0.0015850067138671875}, "features.8.conv.0.0": {"sample_kurtosis": 0.4539760542755129, "quant_sqnr": 27.981422435471373, "quant_mse": 5.185321697354084e-06, "quant_sparsity": 0.0517171248793602, "pruning_sqnr": 8.616510732444043, "pruning_mse": 0.00044798851013183594, "pruning_sqnr_corrected": 8.166801387174429, "pruning_mse_corrected": 0.0004968643188476562}, "features.8.conv.1.0": {"sample_kurtosis": 2.691072064910501, "quant_sqnr": 27.909510656895534, "quant_mse": 1.888993392640259e-05, "quant_sparsity": 0.07783564925193787, "pruning_sqnr": 11.472649328769752, "pruning_mse": 0.00083160400390625, "pruning_sqnr_corrected": 10.81957664780515, "pruning_mse_corrected": 0.0009665489196777344}, "features.8.conv.2": {"sample_kurtosis": 0.2691034671313628, "quant_sqnr": 28.93960854173531, "quant_mse": 4.144086233281996e-06, "quant_sparsity": 0.0467529296875, "pruning_sqnr": 8.475930729935298, "pruning_mse": 0.0004611015319824219, "pruning_sqnr_corrected": 8.073041631751908,