{"features.0.0": {"sample_kurtosis": 12.080690339218409, "quant_sqnr": 24.156379292418563, "quant_mse": 0.0019970168359577656, "quant_sparsity": 0.25462964177131653, "pruning_sqnr": 14.895305127014824, "pruning_mse": 0.016845703125, "pruning_sqnr_corrected": 11.465360154939653, "pruning_mse_corrected": 0.037109375}, "features.1.block.0.0": {"sample_kurtosis": 2.6661768093412057, "quant_sqnr": 30.950817124547978, "quant_mse": 0.0014137516263872385, "quant_sparsity": 0.1458333283662796, "pruning_sqnr": 15.423692597464223, "pruning_mse": 0.05047607421875, "pruning_sqnr_corrected": 13.785274614948364, "pruning_mse_corrected": 0.0736083984375}, "features.1.block.1.fc1": {"sample_kurtosis": -3.0, "quant_sqnr": 26.846346109445935, "quant_mse": 3.696296047017711e-10, "quant_sparsity": 0.875, "pruning_sqnr": Infinity, "pruning_mse": 0.0, "pruning_sqnr_corrected": 4.771212547196624, "pruning_mse_corrected": 5.960464477539063e-08}, "features.1.block.1.fc2": {"sample_kurtosis": -3.0, "quant_sqnr": 37.339784791963524, "quant_mse": 7.698385678933661e-11, "quant_sparsity": 0.875, "pruning_sqnr": Infinity, "pruning_mse": 0.0, "pruning_sqnr_corrected": 3.679767852945944, "pruning_mse_corrected": 1.7881393432617188e-07}, "features.1.block.2.0": {"sample_kurtosis": 5.293074769767536, "quant_sqnr": 26.728872442169276, "quant_mse": 0.0013128542341291904, "quant_sparsity": 0.2578125, "pruning_sqnr": 15.701571860606187, "pruning_mse": 0.016632080078125, "pruning_sqnr_corrected": 12.538597464122931, "pruning_mse_corrected": 0.034454345703125}, "features.2.block.0.0": {"sample_kurtosis": 6.8081013955249645, "quant_sqnr": 24.67948222344317, "quant_mse": 0.0008627583738416433, "quant_sparsity": 0.2604166567325592, "pruning_sqnr": 15.03896602321809, "pruning_mse": 0.00794219970703125, "pruning_sqnr_corrected": 11.718755326179593, "pruning_mse_corrected": 0.017059326171875}, "features.2.block.1.0": {"sample_kurtosis": 2.600563482764893, "quant_sqnr": 27.65046866435924, "quant_mse": 0.0004537539789453149, "quant_sparsity": 0.14814814925193787, "pruning_sqnr": 10.882050815779166, "pruning_mse": 0.0215606689453125, "pruning_sqnr_corrected": 9.297828298652366, "pruning_mse_corrected": 0.0310516357421875}, "features.2.block.2.0": {"sample_kurtosis": 9.835738948010734, "quant_sqnr": 23.878621763830402, "quant_mse": 0.0008800497744232416, "quant_sparsity": 0.27488425374031067, "pruning_sqnr": 14.62213073696927, "pruning_mse": 0.007415771484375, "pruning_sqnr_corrected": 11.162305821085006, "pruning_mse_corrected": 0.016448974609375}, "features.3.block.0.0": {"sample_kurtosis": 13.42412763172388, "quant_sqnr": 23.39448848393011, "quant_mse": 0.00048158003482967615, "quant_sparsity": 0.3697916865348816, "pruning_sqnr": 17.32236344009906, "pruning_mse": 0.001949310302734375, "pruning_sqnr_corrected": 12.071534838034843, "pruning_mse_corrected": 0.00653076171875}, "features.3.block.1.0": {"sample_kurtosis": 5.541663031871151, "quant_sqnr": 27.82461301572586, "quant_mse": 0.000343256164342165, "quant_sparsity": 0.3156565725803375, "pruning_sqnr": 19.037914392112338, "pruning_mse": 0.0025959014892578125, "pruning_sqnr_corrected": 14.284821901125486, "pruning_mse_corrected": 0.007755279541015625}, "features.3.block.2.0": {"sample_kurtosis": 3.978134836782176, "quant_sqnr": 27.245598058831074, "quant_mse": 0.00015271833399310708, "quant_sparsity": 0.24905303120613098, "pruning_sqnr": 13.744406116221587, "pruning_mse": 0.0034198760986328125, "pruning_sqnr_corrected": 10.626453984702678, "pruning_mse_corrected": 0.00701141357421875}, "features.4.block.0.0": {"sample_kurtosis": 6.707065885177601, "quant_sqnr": 25.19309651704921, "quant_mse": 0.0004408640961628407, "quant_sparsity": 0.1714409738779068, "pruning_sqnr": 13.421045330006084, "pruning_mse": 0.00662994384765625, "pruning_sqnr_corrected": 11.549929021872906, "pruning_mse_corrected": 0.01020050048828125}, "features.4.block.1.0": {"sample_kurtosis": 2.024568569317471, "quant_sqnr": 29.618534795118666, "quant_mse": 6.393984222086146e-05, "quant_sparsity": 0.14291666448116302, "pruning_sqnr": 15.115334242103378, "pruning_mse": 0.0018033981323242188, "pruning_sqnr_corrected": 13.025035265737975, "pruning_mse_corrected": 0.002918243408203125}, "features.4.block.2.fc1": {"sample_kurtosis": 450.91662633189947, "quant_sqnr": 25.117741201760428, "quant_mse": 2.7003110517398454e-05, "quant_sparsity": 0.9652777910232544, "pruning_sqnr": Infinity, "pruning_mse": 0.0, "pruning_sqnr_corrected": 10.604264910902367, "pruning_mse_corrected": 0.0007634162902832031}, "features.4.block.2.fc2": {"sample_kurtosis": 49.75830802909399, "quant_sqnr": 33.50575159251266, "quant_mse": 4.145359525864478e-06, "quant_sparsity": 0.9592013955116272, "pruning_sqnr": Infinity, "pruning_mse": 0.0, "pruning_sqnr_corrected": 6.8446222481167185, "pruning_mse_corrected": 0.0019216537475585938}, "features.4.block.3.0": {"sample_kurtosis": 2.0216519289352437, "quant_sqnr": 27.223330633860684, "quant_mse": 0.0002004682319238782, "quant_sparsity": 0.0729166716337204, "pruning_sqnr": 10.252808057176122, "pruning_mse": 0.009979248046875, "pruning_sqnr_corrected": 9.577651954661896, "pruning_mse_corrected": 0.01165771484375}, "features.5.block.0.0": {"sample_kurtosis": 1.8605622946164146, "quant_sqnr": 27.078265784220264, "quant_mse": 7.511265721404925e-05, "quant_sparsity": 0.06968750059604645, "pruning_sqnr": 10.077624737234842, "pruning_mse": 0.003765106201171875, "pruning_sqnr_corrected": 9.447939819749063, "pruning_mse_corrected": 0.004352569580078125}, "features.5.block.1.0": {"sample_kurtosis": 18.635125965515698, "quant_sqnr": 23.89103971517457, "quant_mse": 0.00017989259504247457, "quant_sparsity": 0.4596666693687439, "pruning_sqnr": 23.198338921836633, "pruning_mse": 0.0002110004425048828, "pruning_sqnr_corrected": 17.274500993421135, "pruning_mse_corrected": 0.0008254051208496094}, "features.5.block.2.fc1": {"sample_kurtosis": 22.685893425663888, "quant_sqnr": 18.07168559924151, "quant_mse": 0.00039844310958869755, "quant_sparsity": 0.2379557341337204, "pruning_sqnr": 12.406140731923257, "pruning_mse": 0.001468658447265625, "pruning_sqnr_corrected": 10.101651518140518, "pruning_mse_corrected": 0.0024967193603515625}, "features.5.block.2.fc2": {"sample_kurtosis": 29.952229818019184, "quant_sqnr": 17.608840961906917, "quant_mse": 0.00045542497537098825, "quant_sparsity": 0.23782552778720856, "pruning_sqnr": 11.848696896379336, "pruning_mse": 0.0017156600952148438, "pruning_sqnr_corrected": 9.642296646590554, "pruning_mse_corrected": 0.0028514862060546875}, "features.5.block.3.0": {"sample_kurtosis": 3.322728173143549, "quant_sqnr": 24.89871443201896, "quant_mse": 0.00010905553062912077, "quant_sparsity": 0.09479166567325592, "pruning_sqnr": 10.448732802479734, "pruning_mse": 0.0030384063720703125, "pruning_sqnr_corrected": 9.581694503873784, "pruning_mse_corrected": 0.0037097930908203125}, "features.6.block.0.0": {"sample_kurtosis": 1.650767424327995, "quant_sqnr": 26.512348828166445, "quant_mse": 8.406792767345905e-05, "quant_sparsity": 0.07218749821186066, "pruning_sqnr": 9.998680423906686, "pruning_mse": 0.0037670135498046875, "pruning_sqnr_corrected": 9.337073063355547, "pruning_mse_corrected": 0.00438690185546875}, "features.6.block.1.0": {"sample_kurtosis": 12.694798726257677, "quant_sqnr": 24.8340528010173, "quant_mse": 0.00012974154378753155, "quant_sparsity": 0.32383331656455994, "pruning_sqnr": 19.763544365018735, "pruning_mse": 0.0004169940948486328, "pruning_sqnr_corrected": 15.788616162838691, "pruning_mse_corrected": 0.001041412353515625}, "features.6.block.2.fc1": {"sample_kurtosis": 13.920654528065128, "quant_sqnr": 20.833455451631046, "quant_mse": 0.00015868835907895118, "quant_sparsity": 0.16946615278720856, "pruning_sqnr": 11.392462016481769, "pruning_mse": 0.0013952255249023438, "pruning_sqnr_corrected": 9.84760033443263, "pruning_mse_corrected": 0.00199127197265625}, "features.6.block.2.fc2": {"sample_kurtosis": 18.777773671714044,