{"features.0.0": {"sample_kurtosis": 12.080690339218409, "quant_sqnr": 5.769569893300699, "quant_mse": 0.137740820646286, "quant_sparsity": 0.7013888955116272, "pruning_sqnr": 6.302790578153478, "pruning_mse": 0.121826171875, "pruning_sqnr_corrected": 3.378187734447178, "pruning_mse_corrected": 0.2388916015625}, "features.1.block.0.0": {"sample_kurtosis": 2.6661768093412057, "quant_sqnr": 7.549656979022158, "quant_mse": 0.3093777894973755, "quant_sparsity": 0.7847222089767456, "pruning_sqnr": 6.304423356813703, "pruning_mse": 0.412109375, "pruning_sqnr_corrected": 1.2897420963103516, "pruning_mse_corrected": 1.3076171875}, "features.1.block.1.fc1": {"sample_kurtosis": -3.0, "quant_sqnr": 0.4410244289498013, "quant_mse": 1.6154700688275625e-07, "quant_sparsity": 0.9921875, "pruning_sqnr": Infinity, "pruning_mse": 0.0, "pruning_sqnr_corrected": 1.7609125905568124, "pruning_mse_corrected": 1.1920928955078125e-07}, "features.1.block.1.fc2": {"sample_kurtosis": -3.0, "quant_sqnr": 11.139422244196817, "quant_mse": 3.2094892077338955e-08, "quant_sparsity": 0.8828125, "pruning_sqnr": Infinity, "pruning_mse": 0.0, "pruning_sqnr_corrected": 1.46128035678238, "pruning_mse_corrected": 2.980232238769531e-07}, "features.1.block.2.0": {"sample_kurtosis": 5.293074769767536, "quant_sqnr": 6.0626127087612804, "quant_mse": 0.15305322408676147, "quant_sparsity": 0.77734375, "pruning_sqnr": 6.46447466614017, "pruning_mse": 0.1395263671875, "pruning_sqnr_corrected": 2.346716810311357, "pruning_mse_corrected": 0.360107421875}, "features.2.block.0.0": {"sample_kurtosis": 6.8081013955249645, "quant_sqnr": 6.409848757459857, "quant_mse": 0.057923197746276855, "quant_sparsity": 0.7118055820465088, "pruning_sqnr": 6.573111491065699, "pruning_mse": 0.0557861328125, "pruning_sqnr_corrected": 2.939748895427088, "pruning_mse_corrected": 0.1287841796875}, "features.2.block.1.0": {"sample_kurtosis": 2.600563482764893, "quant_sqnr": 7.557959119651404, "quant_mse": 0.046352311968803406, "quant_sparsity": 0.5509259104728699, "pruning_sqnr": 4.6280960864551846, "pruning_mse": 0.09100341796875, "pruning_sqnr_corrected": 2.7042503669595797, "pruning_mse_corrected": 0.1417236328125}, "features.2.block.2.0": {"sample_kurtosis": 9.835738948010734, "quant_sqnr": 6.1517107042997585, "quant_mse": 0.05214327946305275, "quant_sparsity": 0.7285879850387573, "pruning_sqnr": 6.298093043108759, "pruning_mse": 0.0504150390625, "pruning_sqnr_corrected": 2.9636934932236416, "pruning_mse_corrected": 0.108642578125}, "features.3.block.0.0": {"sample_kurtosis": 13.42412763172388, "quant_sqnr": 5.388402222068449, "quant_mse": 0.030428258702158928, "quant_sparsity": 0.8035038113594055, "pruning_sqnr": 7.948421258479769, "pruning_mse": 0.016876220703125, "pruning_sqnr_corrected": 2.925483864149221, "pruning_mse_corrected": 0.05364990234375}, "features.3.block.1.0": {"sample_kurtosis": 5.541663031871151, "quant_sqnr": 6.945271169556988, "quant_mse": 0.04202933609485626, "quant_sparsity": 0.7777777910232544, "pruning_sqnr": 7.65343720012482, "pruning_mse": 0.03570556640625, "pruning_sqnr_corrected": 2.102802913607432, "pruning_mse_corrected": 0.128173828125}, "features.3.block.2.0": {"sample_kurtosis": 3.978134836782176, "quant_sqnr": 6.627472948352839, "quant_mse": 0.01760774292051792, "quant_sparsity": 0.6567234992980957, "pruning_sqnr": 5.686847237950534, "pruning_mse": 0.0218658447265625, "pruning_sqnr_corrected": 2.6044136675842653, "pruning_mse_corrected": 0.044464111328125}, "features.4.block.0.0": {"sample_kurtosis": 6.707065885177601, "quant_sqnr": 5.75312070162818, "quant_mse": 0.038752730935811996, "quant_sparsity": 0.7026909589767456, "pruning_sqnr": 6.240684565921711, "pruning_mse": 0.034637451171875, "pruning_sqnr_corrected": 2.9167449178258327, "pruning_mse_corrected": 0.074462890625}, "features.4.block.1.0": {"sample_kurtosis": 2.024568569317471, "quant_sqnr": 8.105169733630719, "quant_mse": 0.00905958004295826, "quant_sparsity": 0.6720833778381348, "pruning_sqnr": 5.170341143540825, "pruning_mse": 0.0178070068359375, "pruning_sqnr_corrected": 1.7756478996549756, "pruning_mse_corrected": 0.038909912109375}, "features.4.block.2.fc1": {"sample_kurtosis": 450.91662633189947, "quant_sqnr": 5.6771875781414245, "quant_mse": 0.0023739368189126253, "quant_sparsity": 0.9878472089767456, "pruning_sqnr": Infinity, "pruning_mse": 0.0, "pruning_sqnr_corrected": 3.5977789493332493, "pruning_mse_corrected": 0.0038318634033203125}, "features.4.block.2.fc2": {"sample_kurtosis": 49.75830802909399, "quant_sqnr": 8.883054312651295, "quant_mse": 0.0012017992557957768, "quant_sparsity": 0.9730902910232544, "pruning_sqnr": Infinity, "pruning_mse": 0.0, "pruning_sqnr_corrected": 1.5930484167120151, "pruning_mse_corrected": 0.006439208984375}, "features.4.block.3.0": {"sample_kurtosis": 2.0216519289352437, "quant_sqnr": 7.076305152147205, "quant_mse": 0.02073710411787033, "quant_sparsity": 0.5393229722976685, "pruning_sqnr": 4.285660447188329, "pruning_mse": 0.0394287109375, "pruning_sqnr_corrected": 2.4075729835048865, "pruning_mse_corrected": 0.060760498046875}, "features.5.block.0.0": {"sample_kurtosis": 1.8605622946164146, "quant_sqnr": 7.173570943417817, "quant_mse": 0.0073482277803123, "quant_sparsity": 0.4923958480358124, "pruning_sqnr": 4.16393347940624, "pruning_mse": 0.0146942138671875, "pruning_sqnr_corrected": 2.4987747321659985, "pruning_mse_corrected": 0.0215606689453125}, "features.5.block.1.0": {"sample_kurtosis": 18.635125965515698, "quant_sqnr": 6.950372227883344, "quant_mse": 0.008893650025129318, "quant_sparsity": 0.9340000152587891, "pruning_sqnr": 13.691500715910472, "pruning_mse": 0.0018835067749023438, "pruning_sqnr_corrected": 1.6481024864599216, "pruning_mse_corrected": 0.0301513671875}, "features.5.block.2.fc1": {"sample_kurtosis": 22.685893425663888, "quant_sqnr": 5.356475181470009, "quant_mse": 0.007445388473570347, "quant_sparsity": 0.6553385853767395, "pruning_sqnr": 5.902939323732661, "pruning_mse": 0.006565093994140625, "pruning_sqnr_corrected": 3.2419430894576777, "pruning_mse_corrected": 0.012115478515625}, "features.5.block.2.fc2": {"sample_kurtosis": 29.952229818019184, "quant_sqnr": 5.255355349632678, "quant_mse": 0.007830065675079823, "quant_sparsity": 0.5858724117279053, "pruning_sqnr": 5.634520661051438, "pruning_mse": 0.007175445556640625, "pruning_sqnr_corrected": 3.4229652410907416, "pruning_mse_corrected": 0.01194000244140625}, "features.5.block.3.0": {"sample_kurtosis": 3.322728173143549, "quant_sqnr": 6.51021757003234, "quant_mse": 0.00752484193071723, "quant_sparsity": 0.557812511920929, "pruning_sqnr": 4.499600682525523, "pruning_mse": 0.01195526123046875, "pruning_sqnr_corrected": 2.6121369874071116, "pruning_mse_corrected": 0.018463134765625}, "features.6.block.0.0": {"sample_kurtosis": 1.650767424327995, "quant_sqnr": 7.146537608154383, "quant_mse": 0.007264595944434404, "quant_sparsity": 0.49791666865348816, "pruning_sqnr": 4.060213783104388, "pruning_mse": 0.0147857666015625, "pruning_sqnr_corrected": 2.425104586454191, "pruning_mse_corrected": 0.02154541015625}, "features.6.block.1.0": {"sample_kurtosis": 12.694798726257677, "quant_sqnr": 6.005913465057413, "quant_mse": 0.009905878454446793, "quant_sparsity": 0.9106666445732117, "pruning_sqnr": 10.500578884935273, "pruning_mse": 0.0035190582275390625, "pruning_sqnr_corrected": 1.7092003262711186, "pruning_mse_corrected": 0.026641845703125}, "features.6.block.2.fc1": {"sample_kurtosis": 13.920654528065128, "quant_sqnr": 5.527662928978046, "quant_mse": 0.00538423890247941, "quant_sparsity": 0.6155599355697632, "pruning_sqnr": 5.410625342105504, "pruning_mse": 0.00553131103515625, "pruning_sqnr_corrected": 3.2258135768269542, "pruning_mse_corrected": 0.00914764404296875}, "features.6.block.2.fc2": {"sample_kurtosis": 18.777773671714044, "quant_sqnr": 5.706665272463689, "quant_mse": 0.00551948556676507, "quant_sparsity": 0.5400390625, "pruning_sqnr": 4.978550416748202, "pruning_mse": 0.006526947021484375,