{"features.0.0": {"sample_kurtosis": 7.659587887829144, "quant_sqnr": 31.32202140167562, "quant_mse": 3.844463935820386e-05, "quant_sparsity": 0.2638888955116272, "pruning_sqnr": 19.61299935052717, "pruning_mse": 0.0005698204040527344, "pruning_sqnr_corrected": 14.500600355941868, "pruning_mse_corrected": 0.0018491744995117188}, "features.1.conv.0.0": {"sample_kurtosis": 8.617747618805444, "quant_sqnr": 32.45607293220138, "quant_mse": 0.0001286313054151833, "quant_sparsity": 0.2986111044883728, "pruning_sqnr": 23.482042758241764, "pruning_mse": 0.0010156631469726562, "pruning_sqnr_corrected": 17.758891048105163, "pruning_mse_corrected": 0.0037937164306640625}, "features.1.conv.1": {"sample_kurtosis": 2.8184301173601582, "quant_sqnr": 33.16174484022086, "quant_mse": 2.3886834242148325e-05, "quant_sparsity": 0.20703125, "pruning_sqnr": 14.966601395969734, "pruning_mse": 0.0015764236450195312, "pruning_sqnr_corrected": 11.654392799534076, "pruning_mse_corrected": 0.00337982177734375}, "features.2.conv.0.0": {"sample_kurtosis": 0.7713263416532259, "quant_sqnr": 34.72475548566549, "quant_mse": 9.988892088585999e-06, "quant_sparsity": 0.03515625, "pruning_sqnr": 10.535760548681946, "pruning_mse": 0.002620697021484375, "pruning_sqnr_corrected": 10.148928549235766, "pruning_mse_corrected": 0.002864837646484375}, "features.2.conv.1.0": {"sample_kurtosis": 0.11227541564666854, "quant_sqnr": 36.65565942743386, "quant_mse": 5.543449788092403e-06, "quant_sparsity": 0.011574074625968933, "pruning_sqnr": 9.456461347710324, "pruning_mse": 0.0029087066650390625, "pruning_sqnr_corrected": 9.3495700043465, "pruning_mse_corrected": 0.0029811859130859375}, "features.2.conv.2": {"sample_kurtosis": 1.105005620577928, "quant_sqnr": 33.64414951284935, "quant_mse": 1.1241635547776241e-05, "quant_sparsity": 0.0381944440305233, "pruning_sqnr": 10.41392685158225, "pruning_mse": 0.0023651123046875, "pruning_sqnr_corrected": 10.0, "pruning_mse_corrected": 0.00260162353515625}, "features.3.conv.0.0": {"sample_kurtosis": 0.7425244826962136, "quant_sqnr": 33.99931894148777, "quant_mse": 5.4254983297141735e-06, "quant_sparsity": 0.027488425374031067, "pruning_sqnr": 10.337399863948498, "pruning_mse": 0.0012607574462890625, "pruning_sqnr_corrected": 10.032952106974236, "pruning_mse_corrected": 0.0013523101806640625}, "features.3.conv.1.0": {"sample_kurtosis": 2.0546938775510206, "quant_sqnr": 32.96844268401631, "quant_mse": 1.725535184959881e-05, "quant_sparsity": 0.054012347012758255, "pruning_sqnr": 13.339983685386931, "pruning_mse": 0.0015840530395507812, "pruning_sqnr_corrected": 12.65895200390305, "pruning_mse_corrected": 0.0018529891967773438}, "features.3.conv.2": {"sample_kurtosis": 0.6293830154519275, "quant_sqnr": 34.07529096300773, "quant_mse": 5.313503606885206e-06, "quant_sparsity": 0.0243055559694767, "pruning_sqnr": 10.2640519093603, "pruning_mse": 0.001277923583984375, "pruning_sqnr_corrected": 10.009159113733679, "pruning_mse_corrected": 0.0013551712036132812}, "features.4.conv.0.0": {"sample_kurtosis": 1.1774741977857008, "quant_sqnr": 33.03009142063524, "quant_mse": 1.1095864465460181e-05, "quant_sparsity": 0.031828705221414566, "pruning_sqnr": 10.64926423701567, "pruning_mse": 0.0019197463989257812, "pruning_sqnr_corrected": 10.283260837501032, "pruning_mse_corrected": 0.0020885467529296875}, "features.4.conv.1.0": {"sample_kurtosis": -1.0405709015528593, "quant_sqnr": 39.23258830993788, "quant_mse": 1.7397703686583554e-06, "quant_sparsity": 0.003086419776082039, "pruning_sqnr": 6.827437516281271, "pruning_mse": 0.0030269622802734375, "pruning_sqnr_corrected": 6.81377614981325, "pruning_mse_corrected": 0.0030364990234375}, "features.4.conv.2": {"sample_kurtosis": 0.7341124908692476, "quant_sqnr": 32.687058016127814, "quant_mse": 9.731190402817447e-06, "quant_sparsity": 0.0323350690305233, "pruning_sqnr": 10.424485255476021, "pruning_mse": 0.0016384124755859375, "pruning_sqnr_corrected": 10.070257770248631, "pruning_mse_corrected": 0.00177764892578125}, "features.5.conv.0.0": {"sample_kurtosis": 0.8305477380534292, "quant_sqnr": 31.066560532564868, "quant_mse": 5.977023647574242e-06, "quant_sparsity": 0.03857421875, "pruning_sqnr": 10.178146008201077, "pruning_mse": 0.0007333755493164062, "pruning_sqnr_corrected": 9.758575302908318, "pruning_mse_corrected": 0.0008077621459960938}, "features.5.conv.1.0": {"sample_kurtosis": 2.794875630886631, "quant_sqnr": 32.534563231755214, "quant_mse": 1.1100469237135258e-05, "quant_sparsity": 0.05092592537403107, "pruning_sqnr": 13.384856362749826, "pruning_mse": 0.0009126663208007812, "pruning_sqnr_corrected": 12.80380252054414, "pruning_mse_corrected": 0.0010433197021484375}, "features.5.conv.2": {"sample_kurtosis": 0.40923257100449106, "quant_sqnr": 34.188816307543846, "quant_mse": 2.81067286778125e-06, "quant_sparsity": 0.02685546875, "pruning_sqnr": 10.214140310190166, "pruning_mse": 0.000701904296875, "pruning_sqnr_corrected": 9.914901476915936, "pruning_mse_corrected": 0.0007519721984863281}, "features.6.conv.0.0": {"sample_kurtosis": 0.3869644861021997, "quant_sqnr": 34.178230938166394, "quant_mse": 2.651366003192379e-06, "quant_sparsity": 0.02376302145421505, "pruning_sqnr": 10.306629965243825, "pruning_mse": 0.0006465911865234375, "pruning_sqnr_corrected": 10.048618921188218, "pruning_mse_corrected": 0.0006861686706542969}, "features.6.conv.1.0": {"sample_kurtosis": 1.824395498632306, "quant_sqnr": 33.11081730216714, "quant_mse": 6.865907835162943e-06, "quant_sparsity": 0.04629629850387573, "pruning_sqnr": 12.301101293898624, "pruning_mse": 0.0008273124694824219, "pruning_sqnr_corrected": 11.76268125065824, "pruning_mse_corrected": 0.0009365081787109375}, "features.6.conv.2": {"sample_kurtosis": 0.2631791738730036, "quant_sqnr": 34.211430952456595, "quant_mse": 2.441683818688034e-06, "quant_sparsity": 0.02880859375, "pruning_sqnr": 9.893263391608407, "pruning_mse": 0.000659942626953125, "pruning_sqnr_corrected": 9.584436198570232, "pruning_mse_corrected": 0.0007085800170898438}, "features.7.conv.0.0": {"sample_kurtosis": 0.5273879143146747, "quant_sqnr": 34.69491557167059, "quant_mse": 5.559462351811817e-06, "quant_sparsity": 0.0289713554084301, "pruning_sqnr": 10.529950499664631, "pruning_mse": 0.0014505386352539062, "pruning_sqnr_corrected": 10.213409646841573, "pruning_mse_corrected": 0.001560211181640625}, "features.7.conv.1.0": {"sample_kurtosis": -0.9832325155352102, "quant_sqnr": 38.9523125311656, "quant_mse": 1.5760766700623208e-06, "quant_sparsity": 0.0011574074160307646, "pruning_sqnr": 7.096018962707529, "pruning_mse": 0.0024166107177734375, "pruning_sqnr_corrected": 7.096018962707529, "pruning_mse_corrected": 0.0024166107177734375}, "features.7.conv.2": {"sample_kurtosis": 0.382707903424393, "quant_sqnr": 34.152192185563834, "quant_mse": 3.997299700131407e-06, "quant_sparsity": 0.0267740897834301, "pruning_sqnr": 10.110525783033204, "pruning_mse": 0.0010137557983398438, "pruning_sqnr_corrected": 9.818253781388824, "pruning_mse_corrected": 0.0010843276977539062}, "features.8.conv.0.0": {"sample_kurtosis": 0.4539760542755129, "quant_sqnr": 33.07685088422771, "quant_mse": 1.6041052504078834e-06, "quant_sparsity": 0.029052734375, "pruning_sqnr": 10.140180091574289, "pruning_mse": 0.0003154277801513672, "pruning_sqnr_corrected": 9.823729532606455, "pruning_mse_corrected": 0.00033926963806152344}, "features.8.conv.1.0": {"sample_kurtosis": 2.691072064910501, "quant_sqnr": 33.68909344782043, "quant_mse": 4.991972218704177e-06, "quant_sparsity": 0.040509261190891266, "pruning_sqnr": 12.919014004654672, "pruning_mse": 0.0005960464477539062, "pruning_sqnr_corrected": 12.501929795740311, "pruning_mse_corrected": 0.0006561279296875}, "features.8.conv.2": {"sample_kurtosis": 0.2691034671313628, "quant_sqnr": 34.3615117176922, "quant_mse": 1.1891550002474105e-06, "quant_sparsity": 0.02490234375, "pruning_sqnr": 9.979634453564152, "pruning_mse": 0.0003261566162109375, "pruning_sqnr_corrected": 9.708881677634944,