{"features.0.0": {"sample_kurtosis": 12.080690339218409, "quant_sqnr": 13.149317586105912, "quant_mse": 0.025181865319609642, "quant_sparsity": 0.5439814925193787, "pruning_sqnr": 10.436669517122619, "pruning_mse": 0.047027587890625, "pruning_sqnr_corrected": 6.020599913279624, "pruning_mse_corrected": 0.1300048828125}, "features.1.block.0.0": {"sample_kurtosis": 2.6661768093412057, "quant_sqnr": 18.61200856589118, "quant_mse": 0.024224452674388885, "quant_sparsity": 0.4166666567325592, "pruning_sqnr": 11.464293988725549, "pruning_mse": 0.1256103515625, "pruning_sqnr_corrected": 7.896289162248449, "pruning_mse_corrected": 0.28564453125}, "features.1.block.1.fc1": {"sample_kurtosis": -3.0, "quant_sqnr": 15.004985214197522, "quant_mse": 5.648105982913876e-09, "quant_sparsity": 0.8828125, "pruning_sqnr": Infinity, "pruning_mse": 0.0, "pruning_sqnr_corrected": 4.771212547196624, "pruning_mse_corrected": 5.960464477539063e-08}, "features.1.block.1.fc2": {"sample_kurtosis": -3.0, "quant_sqnr": 26.409913338272652, "quant_mse": 9.536451628378018e-10, "quant_sparsity": 0.875, "pruning_sqnr": Infinity, "pruning_mse": 0.0, "pruning_sqnr_corrected": 2.430380486862944, "pruning_mse_corrected": 2.384185791015625e-07}, "features.1.block.2.0": {"sample_kurtosis": 5.293074769767536, "quant_sqnr": 15.77582850257958, "quant_mse": 0.016350118443369865, "quant_sparsity": 0.49609375, "pruning_sqnr": 11.422008325528239, "pruning_mse": 0.0445556640625, "pruning_sqnr_corrected": 6.615246236161187, "pruning_mse_corrected": 0.134765625}, "features.2.block.0.0": {"sample_kurtosis": 6.8081013955249645, "quant_sqnr": 15.057725526462542, "quant_mse": 0.007907967083156109, "quant_sparsity": 0.4635416567325592, "pruning_sqnr": 10.77927870049528, "pruning_mse": 0.02117919921875, "pruning_sqnr_corrected": 6.906303823954474, "pruning_mse_corrected": 0.051666259765625}, "features.2.block.1.0": {"sample_kurtosis": 2.600563482764893, "quant_sqnr": 17.496966629467618, "quant_mse": 0.004700787831097841, "quant_sparsity": 0.29320988059043884, "pruning_sqnr": 7.53478210706073, "pruning_mse": 0.046600341796875, "pruning_sqnr_corrected": 5.859074958370552, "pruning_mse_corrected": 0.06854248046875}, "features.2.block.2.0": {"sample_kurtosis": 9.835738948010734, "quant_sqnr": 13.986186801346951, "quant_mse": 0.008585206232964993, "quant_sparsity": 0.5040509104728699, "pruning_sqnr": 10.46072728075779, "pruning_mse": 0.0193328857421875, "pruning_sqnr_corrected": 6.2797296127087865, "pruning_mse_corrected": 0.050628662109375}, "features.3.block.0.0": {"sample_kurtosis": 13.42412763172388, "quant_sqnr": 13.438801693427227, "quant_mse": 0.0047669121995568275, "quant_sparsity": 0.591382622718811, "pruning_sqnr": 12.542660284491255, "pruning_mse": 0.005859375, "pruning_sqnr_corrected": 6.990329866408067, "pruning_mse_corrected": 0.0210418701171875}, "features.3.block.1.0": {"sample_kurtosis": 5.541663031871151, "quant_sqnr": 16.80240390152551, "quant_mse": 0.0043434943072497845, "quant_sparsity": 0.5719696879386902, "pruning_sqnr": 13.94987232972533, "pruning_mse": 0.0083770751953125, "pruning_sqnr_corrected": 6.784973529676734, "pruning_mse_corrected": 0.043609619140625}, "features.3.block.2.0": {"sample_kurtosis": 3.978134836782176, "quant_sqnr": 16.430450370198045, "quant_mse": 0.001842493424192071, "quant_sparsity": 0.4105113744735718, "pruning_sqnr": 9.648855862265872, "pruning_mse": 0.00878143310546875, "pruning_sqnr_corrected": 6.457496681447731, "pruning_mse_corrected": 0.018310546875}, "features.4.block.0.0": {"sample_kurtosis": 6.707065885177601, "quant_sqnr": 14.573555359864145, "quant_mse": 0.005084624048322439, "quant_sparsity": 0.42578125, "pruning_sqnr": 9.818349753615951, "pruning_mse": 0.01519775390625, "pruning_sqnr_corrected": 6.827715995799912, "pruning_mse_corrected": 0.0302581787109375}, "features.4.block.1.0": {"sample_kurtosis": 2.024568569317471, "quant_sqnr": 18.460787511700495, "quant_mse": 0.0008347305119968951, "quant_sparsity": 0.38583335280418396, "pruning_sqnr": 9.883332683985122, "pruning_mse": 0.006015777587890625, "pruning_sqnr_corrected": 6.2913923934103195, "pruning_mse_corrected": 0.01375579833984375}, "features.4.block.2.fc1": {"sample_kurtosis": 450.91662633189947, "quant_sqnr": 13.156428462154201, "quant_mse": 0.00042417499935254455, "quant_sparsity": 0.9735243320465088, "pruning_sqnr": Infinity, "pruning_mse": 0.0, "pruning_sqnr_corrected": 6.612404548580697, "pruning_mse_corrected": 0.0019140243530273438}, "features.4.block.2.fc2": {"sample_kurtosis": 49.75830802909399, "quant_sqnr": 21.663084334814577, "quant_mse": 6.336200749501586e-05, "quant_sparsity": 0.960069477558136, "pruning_sqnr": Infinity, "pruning_mse": 0.0, "pruning_sqnr_corrected": 4.276358916397442, "pruning_mse_corrected": 0.00347137451171875}, "features.4.block.3.0": {"sample_kurtosis": 2.0216519289352437, "quant_sqnr": 16.840334381084755, "quant_mse": 0.0021895011886954308, "quant_sparsity": 0.2148437649011612, "pruning_sqnr": 7.272494029688516, "pruning_mse": 0.0198211669921875, "pruning_sqnr_corrected": 6.020599913279624, "pruning_mse_corrected": 0.0264434814453125}, "features.5.block.0.0": {"sample_kurtosis": 1.8605622946164146, "quant_sqnr": 16.790552269852498, "quant_mse": 0.0008025728748179972, "quant_sparsity": 0.22093750536441803, "pruning_sqnr": 7.129367904607877, "pruning_mse": 0.00742340087890625, "pruning_sqnr_corrected": 5.86105215016555, "pruning_mse_corrected": 0.00994110107421875}, "features.5.block.1.0": {"sample_kurtosis": 18.635125965515698, "quant_sqnr": 15.03015708431648, "quant_mse": 0.0013838899321854115, "quant_sparsity": 0.7801666855812073, "pruning_sqnr": 19.11900740365255, "pruning_mse": 0.0005397796630859375, "pruning_sqnr_corrected": 8.748545415071446, "pruning_mse_corrected": 0.005878448486328125}, "features.5.block.2.fc1": {"sample_kurtosis": 22.685893425663888, "quant_sqnr": 11.296739086327989, "quant_mse": 0.0018960988381877542, "quant_sparsity": 0.42337241768836975, "pruning_sqnr": 9.197397608957358, "pruning_mse": 0.00307464599609375, "pruning_sqnr_corrected": 6.43945588647828, "pruning_mse_corrected": 0.005802154541015625}, "features.5.block.2.fc2": {"sample_kurtosis": 29.952229818019184, "quant_sqnr": 10.381209616930198, "quant_mse": 0.002405359409749508, "quant_sparsity": 0.3926432430744171, "pruning_sqnr": 8.768946659216912, "pruning_mse": 0.00348663330078125, "pruning_sqnr_corrected": 6.3426408667755005, "pruning_mse_corrected": 0.00609588623046875}, "features.5.block.3.0": {"sample_kurtosis": 3.322728173143549, "quant_sqnr": 15.404543706360016, "quant_mse": 0.0009706547134555876, "quant_sparsity": 0.24947917461395264, "pruning_sqnr": 7.479520615117222, "pruning_mse": 0.00601959228515625, "pruning_sqnr_corrected": 6.0245355228095185, "pruning_mse_corrected": 0.00841522216796875}, "features.6.block.0.0": {"sample_kurtosis": 1.650767424327995, "quant_sqnr": 17.081316002813878, "quant_mse": 0.0007374517736025155, "quant_sparsity": 0.2121874988079071, "pruning_sqnr": 7.0281432103116535, "pruning_mse": 0.007465362548828125, "pruning_sqnr_corrected": 5.79097854463599, "pruning_mse_corrected": 0.00992584228515625}, "features.6.block.1.0": {"sample_kurtosis": 12.694798726257677, "quant_sqnr": 14.626712040664316, "quant_mse": 0.0013608590234071016, "quant_sparsity": 0.6713333129882812, "pruning_sqnr": 15.663179434195452, "pruning_mse": 0.001071929931640625, "pruning_sqnr_corrected": 8.331806753798526, "pruning_mse_corrected": 0.00579833984375}, "features.6.block.2.fc1": {"sample_kurtosis": 13.920654528065128, "quant_sqnr": 12.109476530677554, "quant_mse": 0.0011828861897811294, "quant_sparsity": 0.3678385615348816, "pruning_sqnr": 8.408961255864876, "pruning_mse": 0.002773284912109375, "pruning_sqnr_corrected": 6.228875290426192, "pruning_mse_corrected": 0.004581451416015625}, "features.6.block.2.fc2": {"sample_kurtosis": 18.777773671714044, "quant_sqnr": 11.640852580380038, "quant_mse": 0.0014076019870117307, "quant_sparsity": 0.33997398614883423,