{"features.0.0": {"sample_kurtosis": 7.659587887829144, "quant_sqnr": 10.352269156063354, "quant_mse": 0.004806301556527615, "quant_sparsity": 0.6412037014961243, "pruning_sqnr": 9.472119272817816, "pruning_mse": 0.005886077880859375, "pruning_sqnr_corrected": 4.781395306419674, "pruning_mse_corrected": 0.017333984375}, "features.1.conv.0.0": {"sample_kurtosis": 8.617747618805444, "quant_sqnr": 11.25427048935716, "quant_mse": 0.01696394756436348, "quant_sparsity": 0.7361111044883728, "pruning_sqnr": 11.328137389933055, "pruning_mse": 0.0166778564453125, "pruning_sqnr_corrected": 4.07407293250971, "pruning_mse_corrected": 0.088623046875}, "features.1.conv.1": {"sample_kurtosis": 2.8184301173601582, "quant_sqnr": 12.465059680528652, "quant_mse": 0.00280431704595685, "quant_sparsity": 0.47265625, "pruning_sqnr": 6.583330168756397, "pruning_mse": 0.0108642578125, "pruning_sqnr_corrected": 3.8047924201749, "pruning_mse_corrected": 0.020599365234375}, "features.2.conv.0.0": {"sample_kurtosis": 0.7713263416532259, "quant_sqnr": 12.908837525097375, "quant_mse": 0.001517431577667594, "quant_sparsity": 0.2760416865348816, "pruning_sqnr": 4.912052597690661, "pruning_mse": 0.0095672607421875, "pruning_sqnr_corrected": 3.7625074406736703, "pruning_mse_corrected": 0.0124664306640625}, "features.2.conv.1.0": {"sample_kurtosis": 0.11227541564666854, "quant_sqnr": 13.683450154910698, "quant_mse": 0.0010990084847435355, "quant_sparsity": 0.21990740299224854, "pruning_sqnr": 4.387198984253233, "pruning_mse": 0.00934600830078125, "pruning_sqnr_corrected": 3.601299315458229, "pruning_mse_corrected": 0.011199951171875}, "features.2.conv.2": {"sample_kurtosis": 1.105005620577928, "quant_sqnr": 12.334557368677801, "quant_mse": 0.0015198079636320472, "quant_sparsity": 0.2942708432674408, "pruning_sqnr": 4.854795116083182, "pruning_mse": 0.00850677490234375, "pruning_sqnr_corrected": 3.692948272225076, "pruning_mse_corrected": 0.01111602783203125}, "features.3.conv.0.0": {"sample_kurtosis": 0.7425244826962136, "quant_sqnr": 12.754117756480563, "quant_mse": 0.0007227028254419565, "quant_sparsity": 0.26793980598449707, "pruning_sqnr": 4.679778752797927, "pruning_mse": 0.004638671875, "pruning_sqnr_corrected": 3.6398296645565535, "pruning_mse_corrected": 0.005893707275390625}, "features.3.conv.1.0": {"sample_kurtosis": 2.0546938775510206, "quant_sqnr": 11.842125843803741, "quant_mse": 0.002236430998891592, "quant_sparsity": 0.4297839403152466, "pruning_sqnr": 6.338272844876078, "pruning_mse": 0.00794219970703125, "pruning_sqnr_corrected": 4.011020659142189, "pruning_mse_corrected": 0.01357269287109375}, "features.3.conv.2": {"sample_kurtosis": 0.6293830154519275, "quant_sqnr": 12.821273489566323, "quant_mse": 0.0007092228624969721, "quant_sparsity": 0.27228009700775146, "pruning_sqnr": 4.744456711795249, "pruning_mse": 0.00455474853515625, "pruning_sqnr_corrected": 3.6875009463683255, "pruning_mse_corrected": 0.005809783935546875}, "features.4.conv.0.0": {"sample_kurtosis": 1.1774741977857008, "quant_sqnr": 12.486685134200396, "quant_mse": 0.0012574819847941399, "quant_sparsity": 0.2899305522441864, "pruning_sqnr": 4.904782493404255, "pruning_mse": 0.007205963134765625, "pruning_sqnr_corrected": 3.7648184479312907, "pruning_mse_corrected": 0.009368896484375}, "features.4.conv.1.0": {"sample_kurtosis": -1.0405709015528593, "quant_sqnr": 15.292023284589824, "quant_mse": 0.0004310706281103194, "quant_sparsity": 0.06635802239179611, "pruning_sqnr": 3.030801701175989, "pruning_mse": 0.00725555419921875, "pruning_sqnr_corrected": 2.8584488851259775, "pruning_mse_corrected": 0.007549285888671875}, "features.4.conv.2": {"sample_kurtosis": 0.7341124908692476, "quant_sqnr": 12.919196829595299, "quant_mse": 0.0009224696550518274, "quant_sparsity": 0.2803819477558136, "pruning_sqnr": 4.737415140682819, "pruning_mse": 0.006069183349609375, "pruning_sqnr_corrected": 3.6281125445360396, "pruning_mse_corrected": 0.00783538818359375}, "features.5.conv.0.0": {"sample_kurtosis": 0.8305477380534292, "quant_sqnr": 12.713324022354994, "quant_mse": 0.0004090803558938205, "quant_sparsity": 0.2459309995174408, "pruning_sqnr": 4.669424303897351, "pruning_mse": 0.0026073455810546875, "pruning_sqnr_corrected": 3.720066313449884, "pruning_mse_corrected": 0.0032444000244140625}, "features.5.conv.1.0": {"sample_kurtosis": 2.794875630886631, "quant_sqnr": 11.250836493643392, "quant_mse": 0.001491811708547175, "quant_sparsity": 0.43981480598449707, "pruning_sqnr": 6.949092115383772, "pruning_mse": 0.004016876220703125, "pruning_sqnr_corrected": 4.4456799617210425, "pruning_mse_corrected": 0.00714874267578125}, "features.5.conv.2": {"sample_kurtosis": 0.40923257100449106, "quant_sqnr": 13.254091780965691, "quant_mse": 0.000348564179148525, "quant_sparsity": 0.2711588740348816, "pruning_sqnr": 4.608057362607299, "pruning_mse": 0.002552032470703125, "pruning_sqnr_corrected": 3.5528282286103003, "pruning_mse_corrected": 0.003253936767578125}, "features.6.conv.0.0": {"sample_kurtosis": 0.3869644861021997, "quant_sqnr": 13.269012291717807, "quant_mse": 0.0003268824075348675, "quant_sparsity": 0.2679036557674408, "pruning_sqnr": 4.608369646196022, "pruning_mse": 0.0024013519287109375, "pruning_sqnr_corrected": 3.5349765725839295, "pruning_mse_corrected": 0.00307464599609375}, "features.6.conv.1.0": {"sample_kurtosis": 1.824395498632306, "quant_sqnr": 11.998306577578091, "quant_mse": 0.0008870519232004881, "quant_sparsity": 0.37557870149612427, "pruning_sqnr": 5.990057032377278, "pruning_mse": 0.0035381317138671875, "pruning_sqnr_corrected": 4.100734311274668, "pruning_mse_corrected": 0.005466461181640625}, "features.6.conv.2": {"sample_kurtosis": 0.2631791738730036, "quant_sqnr": 13.358069045327753, "quant_mse": 0.00029718413134105504, "quant_sparsity": 0.25390625, "pruning_sqnr": 4.388505550671634, "pruning_mse": 0.0023441314697265625, "pruning_sqnr_corrected": 3.4201122225812424, "pruning_mse_corrected": 0.0029296875}, "features.7.conv.0.0": {"sample_kurtosis": 0.5273879143146747, "quant_sqnr": 13.189307748954677, "quant_mse": 0.0007863095961511135, "quant_sparsity": 0.27001953125, "pruning_sqnr": 4.7651512135971785, "pruning_mse": 0.00547027587890625, "pruning_sqnr_corrected": 3.6730335597388866, "pruning_mse_corrected": 0.0070343017578125}, "features.7.conv.1.0": {"sample_kurtosis": -0.9832325155352102, "quant_sqnr": 15.36154495651764, "quant_mse": 0.00036029156763106585, "quant_sparsity": 0.048032406717538834, "pruning_sqnr": 3.1461979286692623, "pruning_mse": 0.006000518798828125, "pruning_sqnr_corrected": 3.0156550064169805, "pruning_mse_corrected": 0.006183624267578125}, "features.7.conv.2": {"sample_kurtosis": 0.382707903424393, "quant_sqnr": 13.311966869866627, "quant_mse": 0.0004850530531257391, "quant_sparsity": 0.2549642026424408, "pruning_sqnr": 4.552951601076231, "pruning_mse": 0.0036449432373046875, "pruning_sqnr_corrected": 3.5779467184626275, "pruning_mse_corrected": 0.0045623779296875}, "features.8.conv.0.0": {"sample_kurtosis": 0.4539760542755129, "quant_sqnr": 13.227987663886086, "quant_mse": 0.00015492417151108384, "quant_sparsity": 0.251953125, "pruning_sqnr": 4.56149956732811, "pruning_mse": 0.0011396408081054688, "pruning_sqnr_corrected": 3.5800604865351975, "pruning_mse_corrected": 0.0014286041259765625}, "features.8.conv.1.0": {"sample_kurtosis": 2.691072064910501, "quant_sqnr": 11.352196223201096, "quant_mse": 0.0008549916674382985, "quant_sparsity": 0.40133100748062134, "pruning_sqnr": 7.26431393457276, "pruning_mse": 0.0021915435791015625, "pruning_sqnr_corrected": 4.962716088148882, "pruning_mse_corrected": 0.00372314453125}, "features.8.conv.2": {"sample_kurtosis": 0.2691034671313628, "quant_sqnr": 13.52818188133583, "quant_mse": 0.00014406930131372064, "quant_sparsity": 0.2502034604549408, "pruning_sqnr": 4.459858457941683, "pruning_mse": 0.0011625289916992188, "pruning_sqnr_corrected": 3.50431777549764, "pruning_mse_corrected": 0.0014486312866210938},