{"features.0.0": {"sample_kurtosis": 7.659587887829144, "quant_sqnr": 37.26746038339469, "quant_mse": 9.778942512639333e-06, "quant_sparsity": 0.21064814925193787, "pruning_sqnr": 22.820317320910256, "pruning_mse": 0.0002722740173339844, "pruning_sqnr_corrected": 17.594573277354783, "pruning_mse_corrected": 0.0009069442749023438}, "features.1.conv.0.0": {"sample_kurtosis": 8.617747618805444, "quant_sqnr": 38.110872471794444, "quant_mse": 3.498377918731421e-05, "quant_sparsity": 0.2430555522441864, "pruning_sqnr": 26.541555080774273, "pruning_mse": 0.0005021095275878906, "pruning_sqnr_corrected": 20.945205163512057, "pruning_mse_corrected": 0.0018215179443359375}, "features.1.conv.1": {"sample_kurtosis": 2.8184301173601582, "quant_sqnr": 38.61465983011955, "quant_mse": 6.8056106101721525e-06, "quant_sparsity": 0.15625, "pruning_sqnr": 17.604492760128686, "pruning_mse": 0.0008587837219238281, "pruning_sqnr_corrected": 14.364080284314033, "pruning_mse_corrected": 0.0018110275268554688}, "features.2.conv.0.0": {"sample_kurtosis": 0.7713263416532259, "quant_sqnr": 40.48427517715136, "quant_mse": 2.651950126164593e-06, "quant_sparsity": 0.01888020895421505, "pruning_sqnr": 12.202869388536207, "pruning_mse": 0.0017852783203125, "pruning_sqnr_corrected": 11.948322721565734, "pruning_mse_corrected": 0.0018930435180664062}, "features.2.conv.1.0": {"sample_kurtosis": 0.11227541564666854, "quant_sqnr": 42.670400225319625, "quant_mse": 1.3877333913114853e-06, "quant_sparsity": 0.008101851679384708, "pruning_sqnr": 10.958945337709263, "pruning_mse": 0.0020580291748046875, "pruning_sqnr_corrected": 10.871286594820852, "pruning_mse_corrected": 0.0020999908447265625}, "features.2.conv.2": {"sample_kurtosis": 1.105005620577928, "quant_sqnr": 39.63445861558536, "quant_mse": 2.8300792109803297e-06, "quant_sparsity": 0.0212673619389534, "pruning_sqnr": 12.064185180637462, "pruning_mse": 0.001617431640625, "pruning_sqnr_corrected": 11.774465618889327, "pruning_mse_corrected": 0.0017290115356445312}, "features.3.conv.0.0": {"sample_kurtosis": 0.7425244826962136, "quant_sqnr": 39.908801723775944, "quant_mse": 1.3915260979047162e-06, "quant_sparsity": 0.014467592351138592, "pruning_sqnr": 12.02663431882346, "pruning_mse": 0.0008544921875, "pruning_sqnr_corrected": 11.830001651447146, "pruning_mse_corrected": 0.0008940696716308594}, "features.3.conv.1.0": {"sample_kurtosis": 2.0546938775510206, "quant_sqnr": 38.74746860859123, "quant_mse": 4.560592060443014e-06, "quant_sparsity": 0.029320988804101944, "pruning_sqnr": 15.193387187877194, "pruning_mse": 0.001033782958984375, "pruning_sqnr_corrected": 14.737415140682819, "pruning_mse_corrected": 0.001148223876953125}, "features.3.conv.2": {"sample_kurtosis": 0.6293830154519275, "quant_sqnr": 39.83091266812303, "quant_mse": 1.4119483466856764e-06, "quant_sparsity": 0.013599537312984467, "pruning_sqnr": 11.876030738056457, "pruning_mse": 0.0008816719055175781, "pruning_sqnr_corrected": 11.696582703093659, "pruning_mse_corrected": 0.0009188652038574219}, "features.4.conv.0.0": {"sample_kurtosis": 1.1774741977857008, "quant_sqnr": 38.98337380567844, "quant_mse": 2.817298764057341e-06, "quant_sparsity": 0.017650462687015533, "pruning_sqnr": 12.384364300952155, "pruning_mse": 0.0012874603271484375, "pruning_sqnr_corrected": 12.134341611251598, "pruning_mse_corrected": 0.0013637542724609375}, "features.4.conv.1.0": {"sample_kurtosis": -1.0405709015528593, "quant_sqnr": 45.14204066724558, "quant_mse": 4.4621759798246785e-07, "quant_sparsity": 0.002314814832061529, "pruning_sqnr": 7.9130220763017824, "pruning_mse": 0.00235748291015625, "pruning_sqnr_corrected": 7.898989932207401, "pruning_mse_corrected": 0.0023651123046875}, "features.4.conv.2": {"sample_kurtosis": 0.7341124908692476, "quant_sqnr": 38.4296730581643, "quant_mse": 2.5936087695299648e-06, "quant_sparsity": 0.01822916604578495, "pruning_sqnr": 12.08544073360754, "pruning_mse": 0.001117706298828125, "pruning_sqnr_corrected": 11.840499998805907, "pruning_mse_corrected": 0.00118255615234375}, "features.5.conv.0.0": {"sample_kurtosis": 0.8305477380534292, "quant_sqnr": 36.7958719868586, "quant_mse": 1.59791557052813e-06, "quant_sparsity": 0.0192057304084301, "pruning_sqnr": 11.811070180877262, "pruning_mse": 0.0005035400390625, "pruning_sqnr_corrected": 11.551653236905466, "pruning_mse_corrected": 0.0005345344543457031}, "features.5.conv.1.0": {"sample_kurtosis": 2.794875630886631, "quant_sqnr": 38.74508752328887, "quant_mse": 2.6563720894046128e-06, "quant_sparsity": 0.021990740671753883, "pruning_sqnr": 15.11862545982973, "pruning_mse": 0.0006122589111328125, "pruning_sqnr_corrected": 14.827570324790521, "pruning_mse_corrected": 0.0006546974182128906}, "features.5.conv.2": {"sample_kurtosis": 0.40923257100449106, "quant_sqnr": 40.049473240368876, "quant_mse": 7.290286703209858e-07, "quant_sparsity": 0.013834635727107525, "pruning_sqnr": 11.901912997331255, "pruning_mse": 0.00047588348388671875, "pruning_sqnr_corrected": 11.706213423542533, "pruning_mse_corrected": 0.0004978179931640625}, "features.6.conv.0.0": {"sample_kurtosis": 0.3869644861021997, "quant_sqnr": 39.73355694278616, "quant_mse": 7.377973361144541e-07, "quant_sparsity": 0.01302083395421505, "pruning_sqnr": 11.96077262400511, "pruning_mse": 0.0004417896270751953, "pruning_sqnr_corrected": 11.779455596399337, "pruning_mse_corrected": 0.00046062469482421875}, "features.6.conv.1.0": {"sample_kurtosis": 1.824395498632306, "quant_sqnr": 39.1475948249822, "quant_mse": 1.7100949207815574e-06, "quant_sparsity": 0.0243055559694767, "pruning_sqnr": 14.087117681631431, "pruning_mse": 0.0005483627319335938, "pruning_sqnr_corrected": 13.718052796423441, "pruning_mse_corrected": 0.0005970001220703125}, "features.6.conv.2": {"sample_kurtosis": 0.2631791738730036, "quant_sqnr": 40.13163251973704, "quant_mse": 6.246967814149684e-07, "quant_sparsity": 0.015299479477107525, "pruning_sqnr": 11.543418109817642, "pruning_mse": 0.0004513263702392578, "pruning_sqnr_corrected": 11.330760448842664, "pruning_mse_corrected": 0.00047397613525390625}, "features.7.conv.0.0": {"sample_kurtosis": 0.5273879143146747, "quant_sqnr": 40.33721530131939, "quant_mse": 1.5163617490543402e-06, "quant_sparsity": 0.01595052145421505, "pruning_sqnr": 12.206037252615378, "pruning_mse": 0.0009860992431640625, "pruning_sqnr_corrected": 11.980963842636868, "pruning_mse_corrected": 0.0010385513305664062}, "features.7.conv.1.0": {"sample_kurtosis": -0.9832325155352102, "quant_sqnr": 44.84193947952099, "quant_mse": 4.0608284734844347e-07, "quant_sparsity": 0.0, "pruning_sqnr": 8.180613584845576, "pruning_mse": 0.0018825531005859375, "pruning_sqnr_corrected": 8.180613584845576, "pruning_mse_corrected": 0.0018825531005859375}, "features.7.conv.2": {"sample_kurtosis": 0.382707903424393, "quant_sqnr": 39.89552374825949, "quant_mse": 1.0652058790583396e-06, "quant_sparsity": 0.01375325582921505, "pruning_sqnr": 11.760514319675792, "pruning_mse": 0.0006933212280273438, "pruning_sqnr_corrected": 11.573440669311367, "pruning_mse_corrected": 0.0007238388061523438}, "features.8.conv.0.0": {"sample_kurtosis": 0.4539760542755129, "quant_sqnr": 38.458687997137034, "quant_mse": 4.6456784730253275e-07, "quant_sparsity": 0.0165201835334301, "pruning_sqnr": 11.789292741397265, "pruning_mse": 0.00021576881408691406, "pruning_sqnr_corrected": 11.562571559629053, "pruning_mse_corrected": 0.00022733211517333984}, "features.8.conv.1.0": {"sample_kurtosis": 2.691072064910501, "quant_sqnr": 39.540312430155375, "quant_mse": 1.2976281595911132e-06, "quant_sparsity": 0.019675925374031067, "pruning_sqnr": 14.482949285409564, "pruning_mse": 0.000415802001953125, "pruning_sqnr_corrected": 14.236097124476114, "pruning_mse_corrected": 0.0004401206970214844}, "features.8.conv.2": {"sample_kurtosis": 0.2691034671313628, "quant_sqnr": 39.91997728943885, "quant_mse": 3.3066780247281713e-07, "quant_sparsity": 0.013427734375, "pruning_sqnr": 11.627736940024073, "pruning_mse": 0.0002231597900390625,