{"features.0.0": {"sample_kurtosis": 12.080690339218409, "quant_sqnr": 35.54163694476684, "quant_mse": 0.00014516300871036947, "quant_sparsity": 0.09259259700775146, "pruning_sqnr": 19.552951130835993, "pruning_mse": 0.005764007568359375, "pruning_sqnr_corrected": 17.84311559088462, "pruning_mse_corrected": 0.008544921875}, "features.1.block.0.0": {"sample_kurtosis": 2.6661768093412057, "quant_sqnr": 43.3097548641519, "quant_mse": 8.212574903154746e-05, "quant_sparsity": 0.0416666679084301, "pruning_sqnr": 19.911582977834968, "pruning_mse": 0.0179595947265625, "pruning_sqnr_corrected": 19.127156479715516, "pruning_mse_corrected": 0.021514892578125}, "features.1.block.1.fc1": {"sample_kurtosis": -3.0, "quant_sqnr": 39.38744642242255, "quant_mse": 2.0590017538180128e-11, "quant_sparsity": 0.875, "pruning_sqnr": Infinity, "pruning_mse": 0.0, "pruning_sqnr_corrected": Infinity, "pruning_mse_corrected": 0.0}, "features.1.block.1.fc2": {"sample_kurtosis": -3.0, "quant_sqnr": 50.42810642783883, "quant_mse": 3.780658945629067e-12, "quant_sparsity": 0.875, "pruning_sqnr": Infinity, "pruning_mse": 0.0, "pruning_sqnr_corrected": 5.440680443502757, "pruning_mse_corrected": 1.1920928955078125e-07}, "features.1.block.2.0": {"sample_kurtosis": 5.293074769767536, "quant_sqnr": 38.82926807275926, "quant_mse": 8.09425619081594e-05, "quant_sparsity": 0.0859375, "pruning_sqnr": 20.59501513480646, "pruning_mse": 0.005390167236328125, "pruning_sqnr_corrected": 18.695963576678114, "pruning_mse_corrected": 0.0083465576171875}, "features.2.block.0.0": {"sample_kurtosis": 6.8081013955249645, "quant_sqnr": 36.864043765225645, "quant_mse": 5.2171464631101117e-05, "quant_sparsity": 0.1085069477558136, "pruning_sqnr": 19.537328891015004, "pruning_mse": 0.002819061279296875, "pruning_sqnr_corrected": 17.55306471450956, "pruning_mse_corrected": 0.004451751708984375}, "features.2.block.1.0": {"sample_kurtosis": 2.600563482764893, "quant_sqnr": 39.73467684519691, "quant_mse": 2.8080163247068413e-05, "quant_sparsity": 0.08179012686014175, "pruning_sqnr": 14.836167744027218, "pruning_mse": 0.00867462158203125, "pruning_sqnr_corrected": 13.490455409201651, "pruning_mse_corrected": 0.0118255615234375}, "features.2.block.2.0": {"sample_kurtosis": 9.835738948010734, "quant_sqnr": 35.53038760103071, "quant_mse": 6.016316183377057e-05, "quant_sparsity": 0.1440972238779068, "pruning_sqnr": 19.303794857636632, "pruning_mse": 0.0025234222412109375, "pruning_sqnr_corrected": 16.519196948860056, "pruning_mse_corrected": 0.004791259765625}, "features.3.block.0.0": {"sample_kurtosis": 13.42412763172388, "quant_sqnr": 35.33294432782349, "quant_mse": 3.081930844928138e-05, "quant_sparsity": 0.22064395248889923, "pruning_sqnr": 22.800386717451453, "pruning_mse": 0.0005521774291992188, "pruning_sqnr_corrected": 17.9302980766728, "pruning_mse_corrected": 0.0016946792602539062}, "features.3.block.1.0": {"sample_kurtosis": 5.541663031871151, "quant_sqnr": 40.24969384844741, "quant_mse": 1.9638588128145784e-05, "quant_sparsity": 0.20580807328224182, "pruning_sqnr": 24.410524687881082, "pruning_mse": 0.0007534027099609375, "pruning_sqnr_corrected": 19.96651871991078, "pruning_mse_corrected": 0.0020961761474609375}, "features.3.block.2.0": {"sample_kurtosis": 3.978134836782176, "quant_sqnr": 38.89649986099727, "quant_mse": 1.0442416169098578e-05, "quant_sparsity": 0.19034092128276825, "pruning_sqnr": 18.63097916534453, "pruning_mse": 0.001110076904296875, "pruning_sqnr_corrected": 14.784938874299938, "pruning_mse_corrected": 0.0026912689208984375}, "features.4.block.0.0": {"sample_kurtosis": 6.707065885177601, "quant_sqnr": 36.556256882353175, "quant_mse": 3.220984945073724e-05, "quant_sparsity": 0.0503472238779068, "pruning_sqnr": 17.173466760871094, "pruning_mse": 0.0027942657470703125, "pruning_sqnr_corrected": 16.376716329630877, "pruning_mse_corrected": 0.00335693359375}, "features.4.block.1.0": {"sample_kurtosis": 2.024568569317471, "quant_sqnr": 41.10943699175445, "quant_mse": 4.536086635198444e-06, "quant_sparsity": 0.03750000149011612, "pruning_sqnr": 19.670390704465323, "pruning_mse": 0.0006318092346191406, "pruning_sqnr_corrected": 18.99764635019991, "pruning_mse_corrected": 0.0007376670837402344}, "features.4.block.2.fc1": {"sample_kurtosis": 450.91662633189947, "quant_sqnr": 37.18029108987924, "quant_mse": 1.6794180055512697e-06, "quant_sparsity": 0.9605034589767456, "pruning_sqnr": Infinity, "pruning_mse": 0.0, "pruning_sqnr_corrected": 14.355140501785115, "pruning_mse_corrected": 0.0003218650817871094}, "features.4.block.2.fc2": {"sample_kurtosis": 49.75830802909399, "quant_sqnr": 45.39602776413904, "quant_mse": 2.6824682208825834e-07, "quant_sparsity": 0.9583333134651184, "pruning_sqnr": Infinity, "pruning_mse": 0.0, "pruning_sqnr_corrected": 9.814163223660556, "pruning_mse_corrected": 0.0009698867797851562}, "features.4.block.3.0": {"sample_kurtosis": 2.0216519289352437, "quant_sqnr": 38.86858761729022, "quant_mse": 1.3725237295147963e-05, "quant_sparsity": 0.02161458507180214, "pruning_sqnr": 13.526604924385255, "pruning_mse": 0.004695892333984375, "pruning_sqnr_corrected": 13.226737498234764, "pruning_mse_corrected": 0.005031585693359375}, "features.5.block.0.0": {"sample_kurtosis": 1.8605622946164146, "quant_sqnr": 37.83914371052667, "quant_mse": 6.3041325120138936e-06, "quant_sparsity": 0.02250000089406967, "pruning_sqnr": 13.367331989681793, "pruning_mse": 0.0017652511596679688, "pruning_sqnr_corrected": 13.044144637454465, "pruning_mse_corrected": 0.0019016265869140625}, "features.5.block.1.0": {"sample_kurtosis": 18.635125965515698, "quant_sqnr": 34.513241056120386, "quant_mse": 1.5588098904117942e-05, "quant_sparsity": 0.16466666758060455, "pruning_sqnr": 27.19002457493666, "pruning_mse": 8.416175842285156e-05, "pruning_sqnr_corrected": 24.545324660811193, "pruning_mse_corrected": 0.00015473365783691406}, "features.5.block.2.fc1": {"sample_kurtosis": 22.685893425663888, "quant_sqnr": 27.95761256397465, "quant_mse": 4.0904738852987066e-05, "quant_sparsity": 0.09641927480697632, "pruning_sqnr": 15.956258813225526, "pruning_mse": 0.00064849853515625, "pruning_sqnr_corrected": 14.52243657626996, "pruning_mse_corrected": 0.0009021759033203125}, "features.5.block.2.fc2": {"sample_kurtosis": 29.952229818019184, "quant_sqnr": 27.52988670291138, "quant_mse": 4.637802703655325e-05, "quant_sparsity": 0.08997396379709244, "pruning_sqnr": 15.205612161960717, "pruning_mse": 0.0007920265197753906, "pruning_sqnr_corrected": 13.94969306834325, "pruning_mse_corrected": 0.0010576248168945312}, "features.5.block.3.0": {"sample_kurtosis": 3.322728173143549, "quant_sqnr": 35.694113477317686, "quant_mse": 9.08045876713004e-06, "quant_sparsity": 0.030000001192092896, "pruning_sqnr": 13.799163048704553, "pruning_mse": 0.0014047622680664062, "pruning_sqnr_corrected": 13.367314987762274, "pruning_mse_corrected": 0.0015516281127929688}, "features.6.block.0.0": {"sample_kurtosis": 1.650767424327995, "quant_sqnr": 36.686413750092846, "quant_mse": 8.076512131083291e-06, "quant_sparsity": 0.024375000968575478, "pruning_sqnr": 13.349643648188486, "pruning_mse": 0.0017414093017578125, "pruning_sqnr_corrected": 12.995806624785818, "pruning_mse_corrected": 0.0018892288208007812}, "features.6.block.1.0": {"sample_kurtosis": 12.694798726257677, "quant_sqnr": 36.53356856113868, "quant_mse": 8.77258298714878e-06, "quant_sparsity": 0.08883333206176758, "pruning_sqnr": 23.80925024072924, "pruning_mse": 0.00016427040100097656, "pruning_sqnr_corrected": 22.37325638809886, "pruning_mse_corrected": 0.00022864341735839844}, "features.6.block.2.fc1": {"sample_kurtosis": 13.920654528065128, "quant_sqnr": 31.469019502068818, "quant_mse": 1.3708459846384358e-05, "quant_sparsity": 0.05227864906191826, "pruning_sqnr": 14.72940675777732, "pruning_mse": 0.0006470680236816406, "pruning_sqnr_corrected": 13.997749824948066, "pruning_mse_corrected": 0.0007658004760742188}, "features.6.block.2.fc2": {"sample_kurtosis": 18.777773671714044,