{"features.0.0": {"sample_kurtosis": 7.659587887829144, "quant_sqnr": 15.098838219608961, "quant_mse": 0.0016112172743305564, "quant_sparsity": 0.5416666865348816, "pruning_sqnr": 11.760594763719316, "pruning_mse": 0.003475189208984375, "pruning_sqnr_corrected": 6.716848643590225, "pruning_mse_corrected": 0.01110076904296875}, "features.1.conv.0.0": {"sample_kurtosis": 8.617747618805444, "quant_sqnr": 15.326971308966964, "quant_mse": 0.006641357205808163, "quant_sparsity": 0.65625, "pruning_sqnr": 14.90192663567421, "pruning_mse": 0.00732421875, "pruning_sqnr_corrected": 5.8237836989066425, "pruning_mse_corrected": 0.059234619140625}, "features.1.conv.1": {"sample_kurtosis": 2.8184301173601582, "quant_sqnr": 17.05307345611593, "quant_mse": 0.0009750474127940834, "quant_sparsity": 0.369140625, "pruning_sqnr": 8.506592963640417, "pruning_mse": 0.006977081298828125, "pruning_sqnr_corrected": 5.685568600930312, "pruning_mse_corrected": 0.01335906982421875}, "features.2.conv.0.0": {"sample_kurtosis": 0.7713263416532259, "quant_sqnr": 17.917705389897733, "quant_mse": 0.00047887518303468823, "quant_sparsity": 0.1640625, "pruning_sqnr": 6.212534021558463, "pruning_mse": 0.007091522216796875, "pruning_sqnr_corrected": 5.356563694115111, "pruning_mse_corrected": 0.008636474609375}, "features.2.conv.1.0": {"sample_kurtosis": 0.11227541564666854, "quant_sqnr": 19.394332982873998, "quant_mse": 0.00029506164719350636, "quant_sparsity": 0.10995370149612427, "pruning_sqnr": 5.581396096590887, "pruning_mse": 0.007099151611328125, "pruning_sqnr_corrected": 5.077396966788017, "pruning_mse_corrected": 0.00797271728515625}, "features.2.conv.2": {"sample_kurtosis": 1.105005620577928, "quant_sqnr": 17.191887718130005, "quant_mse": 0.000496655993629247, "quant_sparsity": 0.1818576455116272, "pruning_sqnr": 6.165637190119602, "pruning_mse": 0.006290435791015625, "pruning_sqnr_corrected": 5.2160701821670035, "pruning_mse_corrected": 0.0078277587890625}, "features.3.conv.0.0": {"sample_kurtosis": 0.7425244826962136, "quant_sqnr": 17.71224840985589, "quant_mse": 0.00023075264471117407, "quant_sparsity": 0.16984954476356506, "pruning_sqnr": 5.981866592374459, "pruning_mse": 0.003437042236328125, "pruning_sqnr_corrected": 5.099423768233287, "pruning_mse_corrected": 0.00421142578125}, "features.3.conv.1.0": {"sample_kurtosis": 2.0546938775510206, "quant_sqnr": 16.87162319468794, "quant_mse": 0.000702434394042939, "quant_sparsity": 0.284722238779068, "pruning_sqnr": 8.024733129463403, "pruning_mse": 0.0053863525390625, "pruning_sqnr_corrected": 6.106756738840709, "pruning_mse_corrected": 0.0083770751953125}, "features.3.conv.2": {"sample_kurtosis": 0.6293830154519275, "quant_sqnr": 17.90178146919482, "quant_mse": 0.00022015671129338443, "quant_sparsity": 0.157986119389534, "pruning_sqnr": 6.062276813375344, "pruning_mse": 0.0033626556396484375, "pruning_sqnr_corrected": 5.228787452803376, "pruning_mse_corrected": 0.0040740966796875}, "features.4.conv.0.0": {"sample_kurtosis": 1.1774741977857008, "quant_sqnr": 17.24825730052405, "quant_mse": 0.0004200921393930912, "quant_sparsity": 0.1875, "pruning_sqnr": 6.233830772702128, "pruning_mse": 0.005306243896484375, "pruning_sqnr_corrected": 5.23424061178813, "pruning_mse_corrected": 0.006679534912109375}, "features.4.conv.1.0": {"sample_kurtosis": -1.0405709015528593, "quant_sqnr": 21.254007816952342, "quant_mse": 0.00010923202353296801, "quant_sparsity": 0.027006173506379128, "pruning_sqnr": 3.925197263721203, "pruning_mse": 0.0059051513671875, "pruning_sqnr_corrected": 3.836335957645715, "pruning_mse_corrected": 0.0060272216796875}, "features.4.conv.2": {"sample_kurtosis": 0.7341124908692476, "quant_sqnr": 17.860725406703562, "quant_mse": 0.0002956645330414176, "quant_sparsity": 0.1644965261220932, "pruning_sqnr": 6.079688509384828, "pruning_mse": 0.00445556640625, "pruning_sqnr_corrected": 5.194686757430266, "pruning_mse_corrected": 0.005462646484375}, "features.5.conv.0.0": {"sample_kurtosis": 0.8305477380534292, "quant_sqnr": 17.246075235256583, "quant_mse": 0.0001440567139070481, "quant_sparsity": 0.1472981870174408, "pruning_sqnr": 5.938979359054681, "pruning_mse": 0.0019464492797851562, "pruning_sqnr_corrected": 5.192083251272901, "pruning_mse_corrected": 0.00231170654296875}, "features.5.conv.1.0": {"sample_kurtosis": 2.794875630886631, "quant_sqnr": 16.286382831778287, "quant_mse": 0.000467906822450459, "quant_sparsity": 0.26793980598449707, "pruning_sqnr": 8.612131384815633, "pruning_mse": 0.00273895263671875, "pruning_sqnr_corrected": 6.835118887705534, "pruning_mse_corrected": 0.004123687744140625}, "features.5.conv.2": {"sample_kurtosis": 0.40923257100449106, "quant_sqnr": 18.537322199796623, "quant_mse": 0.00010326656047254801, "quant_sparsity": 0.1554362028837204, "pruning_sqnr": 5.916266550949842, "pruning_mse": 0.001888275146484375, "pruning_sqnr_corrected": 5.102575228991839, "pruning_mse_corrected": 0.002277374267578125}, "features.6.conv.0.0": {"sample_kurtosis": 0.3869644861021997, "quant_sqnr": 18.323660572712782, "quant_mse": 0.00010207672312390059, "quant_sparsity": 0.15576171875, "pruning_sqnr": 5.9589631989636676, "pruning_mse": 0.0017595291137695312, "pruning_sqnr_corrected": 5.1164467205728315, "pruning_mse_corrected": 0.00213623046875}, "features.6.conv.1.0": {"sample_kurtosis": 1.824395498632306, "quant_sqnr": 16.97202498002097, "quant_mse": 0.0002822131209541112, "quant_sparsity": 0.24016204476356506, "pruning_sqnr": 7.574337541649992, "pruning_mse": 0.0024566650390625, "pruning_sqnr_corrected": 6.063247831963952, "pruning_mse_corrected": 0.00347900390625}, "features.6.conv.2": {"sample_kurtosis": 0.2631791738730036, "quant_sqnr": 18.24657786595202, "quant_mse": 9.642168879508972e-05, "quant_sparsity": 0.1502278745174408, "pruning_sqnr": 5.684075996252012, "pruning_mse": 0.001739501953125, "pruning_sqnr_corrected": 4.905776873652757, "pruning_mse_corrected": 0.0020809173583984375}, "features.7.conv.0.0": {"sample_kurtosis": 0.5273879143146747, "quant_sqnr": 18.47521780084764, "quant_mse": 0.00023281050380319357, "quant_sparsity": 0.1637369841337204, "pruning_sqnr": 6.11048532873779, "pruning_mse": 0.0040130615234375, "pruning_sqnr_corrected": 5.224745623922502, "pruning_mse_corrected": 0.00492095947265625}, "features.7.conv.1.0": {"sample_kurtosis": -0.9832325155352102, "quant_sqnr": 21.164268128681694, "quant_mse": 9.470693476032466e-05, "quant_sparsity": 0.013888888992369175, "pruning_sqnr": 4.085719006067717, "pruning_mse": 0.004833221435546875, "pruning_sqnr_corrected": 4.034604903074145, "pruning_mse_corrected": 0.00489044189453125}, "features.7.conv.2": {"sample_kurtosis": 0.382707903424393, "quant_sqnr": 18.473733580516345, "quant_mse": 0.00014777894830331206, "quant_sparsity": 0.150146484375, "pruning_sqnr": 5.8457345170516195, "pruning_mse": 0.0027065277099609375, "pruning_sqnr_corrected": 5.0661816125470205, "pruning_mse_corrected": 0.003238677978515625}, "features.8.conv.0.0": {"sample_kurtosis": 0.4539760542755129, "quant_sqnr": 18.22013062235805, "quant_mse": 4.908003757009283e-05, "quant_sparsity": 0.1529947966337204, "pruning_sqnr": 5.860841401299166, "pruning_mse": 0.0008449554443359375, "pruning_sqnr_corrected": 5.061682542422109, "pruning_mse_corrected": 0.0010156631469726562}, "features.8.conv.1.0": {"sample_kurtosis": 2.691072064910501, "quant_sqnr": 16.961710631454817, "quant_mse": 0.0002349689311813563, "quant_sparsity": 0.24189814925193787, "pruning_sqnr": 8.713515869332914, "pruning_mse": 0.0015697479248046875, "pruning_sqnr_corrected": 7.317555606164197, "pruning_mse_corrected": 0.0021648406982421875}, "features.8.conv.2": {"sample_kurtosis": 0.2691034671313628, "quant_sqnr": 18.620712045129522, "quant_mse": 4.4598313252208754e-05, "quant_sparsity": 0.151123046875, "pruning_sqnr": 5.736646197684971, "pruning_mse": 0.0008664131164550781, "pruning_sqnr_corrected": 4.9615972615972215, "pruning_mse_corrected": 0.0010356903076171875},