{"features.0.0": {"sample_kurtosis": 7.659587887829144, "quant_sqnr": 5.892453707719422, "quant_mse": 0.013421237468719482, "quant_sparsity": 0.7627314925193787, "pruning_sqnr": 7.126598725772675, "pruning_mse": 0.010101318359375, "pruning_sqnr_corrected": 2.649398901341242, "pruning_mse_corrected": 0.0283203125}, "features.1.conv.0.0": {"sample_kurtosis": 8.617747618805444, "quant_sqnr": 7.000004709617482, "quant_mse": 0.045180756598711014, "quant_sparsity": 0.7986111044883728, "pruning_sqnr": 7.970522028921261, "pruning_mse": 0.0361328125, "pruning_sqnr_corrected": 2.851688419132517, "pruning_mse_corrected": 0.117431640625}, "features.1.conv.1": {"sample_kurtosis": 2.8184301173601582, "quant_sqnr": 7.5905243747716575, "quant_mse": 0.008615503087639809, "quant_sparsity": 0.611328125, "pruning_sqnr": 4.63927819674786, "pruning_mse": 0.016998291015625, "pruning_sqnr_corrected": 2.1944416006091347, "pruning_mse_corrected": 0.02984619140625}, "features.2.conv.0.0": {"sample_kurtosis": 0.7713263416532259, "quant_sqnr": 7.922731366376858, "quant_mse": 0.004783213138580322, "quant_sparsity": 0.4342448115348816, "pruning_sqnr": 3.5045370312357225, "pruning_mse": 0.0132293701171875, "pruning_sqnr_corrected": 2.2251982028591284, "pruning_mse_corrected": 0.01776123046875}, "features.2.conv.1.0": {"sample_kurtosis": 0.11227541564666854, "quant_sqnr": 7.8190550173602835, "quant_mse": 0.004240729380398989, "quant_sparsity": 0.37384259700775146, "pruning_sqnr": 3.1626996222071813, "pruning_mse": 0.01239013671875, "pruning_sqnr_corrected": 2.187186084878359, "pruning_mse_corrected": 0.01551055908203125}, "features.2.conv.2": {"sample_kurtosis": 1.105005620577928, "quant_sqnr": 7.34755018433061, "quant_mse": 0.004791697952896357, "quant_sparsity": 0.4379340410232544, "pruning_sqnr": 3.5348991465347233, "pruning_mse": 0.01152801513671875, "pruning_sqnr_corrected": 2.328114789697307, "pruning_mse_corrected": 0.01522064208984375}, "features.3.conv.0.0": {"sample_kurtosis": 0.7425244826962136, "quant_sqnr": 7.5940587724608255, "quant_mse": 0.0023711861576884985, "quant_sparsity": 0.42910879850387573, "pruning_sqnr": 3.3806760216881098, "pruning_mse": 0.006256103515625, "pruning_sqnr_corrected": 2.1926269370180766, "pruning_mse_corrected": 0.0082244873046875}, "features.3.conv.1.0": {"sample_kurtosis": 2.0546938775510206, "quant_sqnr": 6.732072748434259, "quant_mse": 0.007253720425069332, "quant_sparsity": 0.611882746219635, "pruning_sqnr": 4.542732859750982, "pruning_mse": 0.0120086669921875, "pruning_sqnr_corrected": 2.1416192095006537, "pruning_mse_corrected": 0.0208740234375}, "features.3.conv.2": {"sample_kurtosis": 0.6293830154519275, "quant_sqnr": 7.461873553949396, "quant_mse": 0.002436254872009158, "quant_sparsity": 0.42042824625968933, "pruning_sqnr": 3.4381563058391365, "pruning_mse": 0.006153106689453125, "pruning_sqnr_corrected": 2.2593433460972703, "pruning_mse_corrected": 0.0080718994140625}, "features.4.conv.0.0": {"sample_kurtosis": 1.1774741977857008, "quant_sqnr": 7.656211723563137, "quant_mse": 0.0038242749869823456, "quant_sparsity": 0.45167824625968933, "pruning_sqnr": 3.584702419504096, "pruning_mse": 0.009765625, "pruning_sqnr_corrected": 2.304043349112255, "pruning_mse_corrected": 0.01311492919921875}, "features.4.conv.1.0": {"sample_kurtosis": -1.0405709015528593, "quant_sqnr": 8.874730494976099, "quant_mse": 0.0018891990184783936, "quant_sparsity": 0.17129629850387573, "pruning_sqnr": 2.1381784427863213, "pruning_mse": 0.0089111328125, "pruning_sqnr_corrected": 1.826169612379559, "pruning_mse_corrected": 0.00957489013671875}, "features.4.conv.2": {"sample_kurtosis": 0.7341124908692476, "quant_sqnr": 7.70203222118564, "quant_mse": 0.0030666806269437075, "quant_sparsity": 0.4398871660232544, "pruning_sqnr": 3.4176293720016226, "pruning_mse": 0.0082244873046875, "pruning_sqnr_corrected": 2.208717087500446, "pruning_mse_corrected": 0.0108642578125}, "features.5.conv.0.0": {"sample_kurtosis": 0.8305477380534292, "quant_sqnr": 7.679634288130122, "quant_mse": 0.0013036997988820076, "quant_sparsity": 0.4334309995174408, "pruning_sqnr": 3.371856097384836, "pruning_mse": 0.0035152435302734375, "pruning_sqnr_corrected": 2.163903710635112, "pruning_mse_corrected": 0.004642486572265625}, "features.5.conv.1.0": {"sample_kurtosis": 2.794875630886631, "quant_sqnr": 6.152466381255643, "quant_mse": 0.004825596697628498, "quant_sparsity": 0.6429398059844971, "pruning_sqnr": 5.097032153349023, "pruning_mse": 0.006153106689453125, "pruning_sqnr_corrected": 2.2040793465064885, "pruning_mse_corrected": 0.0119781494140625}, "features.5.conv.2": {"sample_kurtosis": 0.40923257100449106, "quant_sqnr": 7.923055200618365, "quant_mse": 0.0011895601637661457, "quant_sparsity": 0.4114583432674408, "pruning_sqnr": 3.305441037150472, "pruning_mse": 0.003444671630859375, "pruning_sqnr_corrected": 2.180459922823913, "pruning_mse_corrected": 0.00446319580078125}, "features.6.conv.0.0": {"sample_kurtosis": 0.3869644861021997, "quant_sqnr": 7.8790116661778695, "quant_mse": 0.0011308151297271252, "quant_sparsity": 0.4251302182674408, "pruning_sqnr": 3.265985703486755, "pruning_mse": 0.0032711029052734375, "pruning_sqnr_corrected": 2.0868017661610225, "pruning_mse_corrected": 0.004291534423828125}, "features.6.conv.1.0": {"sample_kurtosis": 1.824395498632306, "quant_sqnr": 6.5482278769038, "quant_mse": 0.0031114076264202595, "quant_sparsity": 0.5914351940155029, "pruning_sqnr": 4.308689221792975, "pruning_mse": 0.00521087646484375, "pruning_sqnr_corrected": 2.1529676894068746, "pruning_mse_corrected": 0.0085601806640625}, "features.6.conv.2": {"sample_kurtosis": 0.2631791738730036, "quant_sqnr": 8.061310828282815, "quant_mse": 0.0010062396759167314, "quant_sparsity": 0.4090169370174408, "pruning_sqnr": 3.1197260707736643, "pruning_mse": 0.003139495849609375, "pruning_sqnr_corrected": 2.0494407110414974, "pruning_mse_corrected": 0.004016876220703125}, "features.7.conv.0.0": {"sample_kurtosis": 0.5273879143146747, "quant_sqnr": 7.897558205687282, "quant_mse": 0.002659307327121496, "quant_sparsity": 0.43701171875, "pruning_sqnr": 3.4125158522438017, "pruning_mse": 0.00746917724609375, "pruning_sqnr_corrected": 2.1675668563161663, "pruning_mse_corrected": 0.00994873046875}, "features.7.conv.1.0": {"sample_kurtosis": -0.9832325155352102, "quant_sqnr": 8.469491029286742, "quant_mse": 0.001761406078003347, "quant_sparsity": 0.19039352238178253, "pruning_sqnr": 2.2086870215954004, "pruning_mse": 0.0074462890625, "pruning_sqnr_corrected": 1.8460313592489122, "pruning_mse_corrected": 0.00809478759765625}, "features.7.conv.2": {"sample_kurtosis": 0.382707903424393, "quant_sqnr": 7.931860357947583, "quant_mse": 0.0016741713043302298, "quant_sparsity": 0.410400390625, "pruning_sqnr": 3.2729919512372625, "pruning_mse": 0.004894256591796875, "pruning_sqnr_corrected": 2.1567946547429404, "pruning_mse_corrected": 0.006328582763671875}, "features.8.conv.0.0": {"sample_kurtosis": 0.4539760542755129, "quant_sqnr": 7.909671478443148, "quant_mse": 0.0005271701375022531, "quant_sparsity": 0.3976643979549408, "pruning_sqnr": 3.258834946280059, "pruning_mse": 0.0015382766723632812, "pruning_sqnr_corrected": 2.1796732759506257, "pruning_mse_corrected": 0.001972198486328125}, "features.8.conv.1.0": {"sample_kurtosis": 2.691072064910501, "quant_sqnr": 5.855735129314725, "quant_mse": 0.003031153930351138, "quant_sparsity": 0.6872106790542603, "pruning_sqnr": 5.419796606502663, "pruning_mse": 0.0033512115478515625, "pruning_sqnr_corrected": 2.0151635877978586, "pruning_mse_corrected": 0.0073394775390625}, "features.8.conv.2": {"sample_kurtosis": 0.2691034671313628, "quant_sqnr": 8.099935760363167, "quant_mse": 0.0005028009181842208, "quant_sparsity": 0.4159342646598816, "pruning_sqnr": 3.1820625207724613, "pruning_mse": 0.001560211181640625, "pruning_sqnr_corrected": 2.0688456844114276, "pruning_mse_corrected": 0.0020160675048828125}, "features.9.conv.0.0": {"sample_kurtosis": 0.36158537866321216,