{"features.0.0": {"sample_kurtosis": 12.080690339218409, "quant_sqnr": 30.33606159339486, "quant_mse": 0.00048129737842828035, "quant_sparsity": 0.1458333283662796, "pruning_sqnr": 17.219310568782497, "pruning_mse": 0.00986480712890625, "pruning_sqnr_corrected": 14.895305127014824, "pruning_mse_corrected": 0.016845703125}, "features.1.block.0.0": {"sample_kurtosis": 2.6661768093412057, "quant_sqnr": 37.045822349535406, "quant_mse": 0.0003474342229310423, "quant_sparsity": 0.0694444477558136, "pruning_sqnr": 17.587387032064427, "pruning_mse": 0.030670166015625, "pruning_sqnr_corrected": 16.62261039145893, "pruning_mse_corrected": 0.038299560546875}, "features.1.block.1.fc1": {"sample_kurtosis": -3.0, "quant_sqnr": 34.104968458347834, "quant_mse": 6.948715214338819e-11, "quant_sparsity": 0.875, "pruning_sqnr": Infinity, "pruning_mse": 0.0, "pruning_sqnr_corrected": Infinity, "pruning_mse_corrected": 0.0}, "features.1.block.1.fc2": {"sample_kurtosis": -3.0, "quant_sqnr": 42.11614519965381, "quant_mse": 2.563088630225252e-11, "quant_sparsity": 0.875, "pruning_sqnr": Infinity, "pruning_mse": 0.0, "pruning_sqnr_corrected": 5.440680443502757, "pruning_mse_corrected": 1.1920928955078125e-07}, "features.1.block.2.0": {"sample_kurtosis": 5.293074769767536, "quant_sqnr": 32.54629681150505, "quant_mse": 0.00034393317764624953, "quant_sparsity": 0.171875, "pruning_sqnr": 17.916740331144677, "pruning_mse": 0.00998687744140625, "pruning_sqnr_corrected": 15.324018293825507, "pruning_mse_corrected": 0.0181427001953125}, "features.2.block.0.0": {"sample_kurtosis": 6.8081013955249645, "quant_sqnr": 30.601816961313396, "quant_mse": 0.00022062550124246627, "quant_sparsity": 0.1614583283662796, "pruning_sqnr": 17.240797910016287, "pruning_mse": 0.00478363037109375, "pruning_sqnr_corrected": 14.76415785683185, "pruning_mse_corrected": 0.00846099853515625}, "features.2.block.1.0": {"sample_kurtosis": 2.600563482764893, "quant_sqnr": 33.727620398221816, "quant_mse": 0.00011197092680959031, "quant_sparsity": 0.10648148506879807, "pruning_sqnr": 12.783524050980592, "pruning_mse": 0.013916015625, "pruning_sqnr_corrected": 11.383215133186129, "pruning_mse_corrected": 0.0192108154296875}, "features.2.block.2.0": {"sample_kurtosis": 9.835738948010734, "quant_sqnr": 29.61636307493455, "quant_mse": 0.0002348189300391823, "quant_sparsity": 0.20023147761821747, "pruning_sqnr": 16.86077114548609, "pruning_mse": 0.004428863525390625, "pruning_sqnr_corrected": 13.768945939952712, "pruning_mse_corrected": 0.00902557373046875}, "features.3.block.0.0": {"sample_kurtosis": 13.42412763172388, "quant_sqnr": 29.255585089660173, "quant_mse": 0.00012489895743783563, "quant_sparsity": 0.27982956171035767, "pruning_sqnr": 19.973942566859236, "pruning_mse": 0.0010585784912109375, "pruning_sqnr_corrected": 14.96915478313305, "pruning_mse_corrected": 0.0033512115478515625}, "features.3.block.1.0": {"sample_kurtosis": 5.541663031871151, "quant_sqnr": 34.346206970455746, "quant_mse": 7.646434096386656e-05, "quant_sparsity": 0.23106060922145844, "pruning_sqnr": 21.73732187456708, "pruning_mse": 0.0013942718505859375, "pruning_sqnr_corrected": 17.534444967127744, "pruning_mse_corrected": 0.00366973876953125}, "features.3.block.2.0": {"sample_kurtosis": 3.978134836782176, "quant_sqnr": 32.992745825744535, "quant_mse": 4.066084511578083e-05, "quant_sparsity": 0.20975379645824432, "pruning_sqnr": 16.00671293409585, "pruning_mse": 0.0020313262939453125, "pruning_sqnr_corrected": 12.766111492589026, "pruning_mse_corrected": 0.004283905029296875}, "features.4.block.0.0": {"sample_kurtosis": 6.707065885177601, "quant_sqnr": 30.712155771928163, "quant_mse": 0.0001237082906300202, "quant_sparsity": 0.0998263880610466, "pruning_sqnr": 15.229696874818853, "pruning_mse": 0.00437164306640625, "pruning_sqnr_corrected": 13.968955398166711, "pruning_mse_corrected": 0.0058441162109375}, "features.4.block.1.0": {"sample_kurtosis": 2.024568569317471, "quant_sqnr": 35.21998483174991, "quant_mse": 1.760461600497365e-05, "quant_sparsity": 0.07250000536441803, "pruning_sqnr": 17.432934069062174, "pruning_mse": 0.0010576248168945312, "pruning_sqnr_corrected": 16.277564219363402, "pruning_mse_corrected": 0.0013799667358398438}, "features.4.block.2.fc1": {"sample_kurtosis": 450.91662633189947, "quant_sqnr": 30.614437634816618, "quant_mse": 7.616301900270628e-06, "quant_sparsity": 0.9622395634651184, "pruning_sqnr": Infinity, "pruning_mse": 0.0, "pruning_sqnr_corrected": 12.641668693799415, "pruning_mse_corrected": 0.0004775524139404297}, "features.4.block.2.fc2": {"sample_kurtosis": 49.75830802909399, "quant_sqnr": 39.097907316945054, "quant_mse": 1.1437908824518672e-06, "quant_sparsity": 0.9587673544883728, "pruning_sqnr": Infinity, "pruning_mse": 0.0, "pruning_sqnr_corrected": 8.135154749457477, "pruning_mse_corrected": 0.0014276504516601562}, "features.4.block.3.0": {"sample_kurtosis": 2.0216519289352437, "quant_sqnr": 33.06228519439354, "quant_mse": 5.2257677452871576e-05, "quant_sparsity": 0.03854166716337204, "pruning_sqnr": 11.830858463063583, "pruning_mse": 0.006938934326171875, "pruning_sqnr_corrected": 11.401548368968601, "pruning_mse_corrected": 0.007659912109375}, "features.5.block.0.0": {"sample_kurtosis": 1.8605622946164146, "quant_sqnr": 32.31896770704403, "quant_mse": 2.2472062482847832e-05, "quant_sparsity": 0.038229167461395264, "pruning_sqnr": 11.657555106863693, "pruning_mse": 0.00261688232421875, "pruning_sqnr_corrected": 11.224104207610674, "pruning_mse_corrected": 0.00289154052734375}, "features.5.block.1.0": {"sample_kurtosis": 18.635125965515698, "quant_sqnr": 28.831182944345496, "quant_mse": 5.76765087316744e-05, "quant_sparsity": 0.2826666533946991, "pruning_sqnr": 25.178143016253273, "pruning_mse": 0.00013375282287597656, "pruning_sqnr_corrected": 21.250139326057006, "pruning_mse_corrected": 0.0003304481506347656}, "features.5.block.2.fc1": {"sample_kurtosis": 22.685893425663888, "quant_sqnr": 22.633983882512467, "quant_mse": 0.0001393594720866531, "quant_sparsity": 0.16445313394069672, "pruning_sqnr": 14.115192464716113, "pruning_mse": 0.0009908676147460938, "pruning_sqnr_corrected": 12.15680832988513, "pruning_mse_corrected": 0.0015554428100585938}, "features.5.block.2.fc2": {"sample_kurtosis": 29.952229818019184, "quant_sqnr": 22.195615668667127, "quant_mse": 0.00015839423576835543, "quant_sparsity": 0.1575520932674408, "pruning_sqnr": 13.471802082993861, "pruning_mse": 0.0011806488037109375, "pruning_sqnr_corrected": 11.687565350344066, "pruning_mse_corrected": 0.0017805099487304688}, "features.5.block.3.0": {"sample_kurtosis": 3.322728173143549, "quant_sqnr": 30.01278368873665, "quant_mse": 3.359237962285988e-05, "quant_sparsity": 0.05572916939854622, "pruning_sqnr": 12.053017370773532, "pruning_mse": 0.0020999908447265625, "pruning_sqnr_corrected": 11.412383816639613, "pruning_mse_corrected": 0.00243377685546875}, "features.6.block.0.0": {"sample_kurtosis": 1.650767424327995, "quant_sqnr": 31.279563429917502, "quant_mse": 2.8048450985806994e-05, "quant_sparsity": 0.04489583522081375, "pruning_sqnr": 11.603024909763729, "pruning_mse": 0.0026035308837890625, "pruning_sqnr_corrected": 11.084788068877353, "pruning_mse_corrected": 0.002933502197265625}, "features.6.block.1.0": {"sample_kurtosis": 12.694798726257677, "quant_sqnr": 30.611636074352187, "quant_mse": 3.430210199439898e-05, "quant_sparsity": 0.18033333122730255, "pruning_sqnr": 21.78937618405839, "pruning_mse": 0.00026154518127441406, "pruning_sqnr_corrected": 19.235771460180707, "pruning_mse_corrected": 0.00047087669372558594}, "features.6.block.2.fc1": {"sample_kurtosis": 13.920654528065128, "quant_sqnr": 26.075124642788733, "quant_mse": 4.746550985146314e-05, "quant_sparsity": 0.09707031399011612, "pruning_sqnr": 13.008146252247034, "pruning_mse": 0.0009617805480957031, "pruning_sqnr_corrected": 11.902132312119013, "pruning_mse_corrected": 0.0012407302856445312}, "features.6.block.2.fc2": {"sample_kurtosis": 18.777773671714044,