{"fc": {"sample_kurtosis": 3.058508225694375, "quant_sqnr": 30.55916652833803, "quant_mse": 8.974898264568765e-06, "quant_sparsity": 0.04104980453848839, "pruning_sqnr": 10.922790282123351, "pruning_mse": 0.0008254051208496094, "pruning_sqnr_corrected": 10.488611260604333, "pruning_mse_corrected": 0.0009121894836425781}}