{"fc": {"sample_kurtosis": 3.058508225694375, "quant_sqnr": 10.448600473910608, "quant_mse": 0.0009206321556121111, "quant_sparsity": 0.3474999964237213, "pruning_sqnr": 5.5097960482990445, "pruning_mse": 0.0028705596923828125, "pruning_sqnr_corrected": 4.150707343333526, "pruning_mse_corrected": 0.003925323486328125}}