{"fc": {"sample_kurtosis": 3.058508225694375, "quant_sqnr": 35.87712749529264, "quant_mse": 2.6377488211437594e-06, "quant_sparsity": 0.022285155951976776, "pruning_sqnr": 12.532081908035726, "pruning_mse": 0.0005698204040527344, "pruning_sqnr_corrected": 12.233661264398608, "pruning_mse_corrected": 0.0006103515625}}