{"fc": {"sample_kurtosis": 3.058508225694375, "quant_sqnr": 5.583711443381252, "quant_mse": 0.002822117181494832, "quant_sparsity": 0.5083593726158142, "pruning_sqnr": 4.205924011478851, "pruning_mse": 0.003875732421875, "pruning_sqnr_corrected": 2.7123991869844097, "pruning_mse_corrected": 0.005466461181640625}}