{"fc": {"sample_kurtosis": 3.058508225694375, "quant_sqnr": 20.25772735268734, "quant_mse": 9.619964112062007e-05, "quant_sparsity": 0.13025878369808197, "pruning_sqnr": 8.083927784690427, "pruning_mse": 0.0015869140625, "pruning_sqnr_corrected": 7.2312107287306056, "pruning_mse_corrected": 0.0019311904907226562}}