{"fc": {"sample_kurtosis": 2.421537684635778, "quant_sqnr": 20.591248257423956, "quant_mse": 9.481460438109934e-05, "quant_sparsity": 0.1211230456829071, "pruning_sqnr": 7.854556583437028, "pruning_mse": 0.0017805099487304688, "pruning_sqnr_corrected": 7.059643680338268, "pruning_mse_corrected": 0.0021381378173828125}}