{"fc": {"sample_kurtosis": 2.421537684635778, "quant_sqnr": 10.844361092489056, "quant_mse": 0.0008944662404246628, "quant_sparsity": 0.33680662512779236, "pruning_sqnr": 5.289700754214425, "pruning_mse": 0.0032138824462890625, "pruning_sqnr_corrected": 3.9839772290576643, "pruning_mse_corrected": 0.00434112548828125}}