{"fc": {"sample_kurtosis": 2.421537684635778, "quant_sqnr": 15.737890466962543, "quant_mse": 0.0002898751699831337, "quant_sparsity": 0.20313476026058197, "pruning_sqnr": 6.555442505209373, "pruning_mse": 0.0024013519287109375, "pruning_sqnr_corrected": 5.525370936140893, "pruning_mse_corrected": 0.00304412841796875}}