{"fc": {"sample_kurtosis": 2.421537684635778, "quant_sqnr": 35.58703321821238, "quant_mse": 3.001212462550029e-06, "quant_sparsity": 0.023344725370407104, "pruning_sqnr": 12.308493949447534, "pruning_mse": 0.0006384849548339844, "pruning_sqnr_corrected": 11.995691780201572, "pruning_mse_corrected": 0.0006861686706542969}}