{"fc": {"sample_kurtosis": 2.421537684635778, "quant_sqnr": 25.455937173459347, "quant_mse": 3.0931882065488026e-05, "quant_sparsity": 0.06977050751447678, "pruning_sqnr": 9.224228687160148, "pruning_mse": 0.0012989044189453125, "pruning_sqnr_corrected": 8.640325229562356, "pruning_mse_corrected": 0.0014858245849609375}}