{"fc": {"sample_kurtosis": 2.421537684635778, "quant_sqnr": 5.845574346305189, "quant_mse": 0.0028277605306357145, "quant_sparsity": 0.4913574159145355, "pruning_sqnr": 3.995441234356772, "pruning_mse": 0.004329681396484375, "pruning_sqnr_corrected": 2.5864033255558505, "pruning_mse_corrected": 0.00598907470703125}}