{"conv1": {"sample_kurtosis": 7.570870350522625, "quant_sqnr": 14.758894039035336, "quant_mse": 0.0004353456315584481, "quant_sparsity": 0.5100978016853333, "pruning_sqnr": 11.564585237590205, "pruning_mse": 0.0009083747863769531, "pruning_sqnr_corrected": 6.887863410330334, "pruning_mse_corrected": 0.002666473388671875}, "layer1.0.conv1": {"sample_kurtosis": 28.208650047665266, "quant_sqnr": 12.484205901035592, "quant_mse": 0.0001977509818971157, "quant_sparsity": 0.7354736328125, "pruning_sqnr": 16.5165644293563, "pruning_mse": 7.814168930053711e-05, "pruning_sqnr_corrected": 7.525599965607428, "pruning_mse_corrected": 0.0006194114685058594}, "layer1.0.conv2": {"sample_kurtosis": 16.83142244334314, "quant_sqnr": 13.545356687012164, "quant_mse": 0.0003254480834584683, "quant_sparsity": 0.6987847089767456, "pruning_sqnr": 15.454414478702185, "pruning_mse": 0.00020968914031982422, "pruning_sqnr_corrected": 7.455408392624513, "pruning_mse_corrected": 0.0013227462768554688}, "layer1.0.conv3": {"sample_kurtosis": 28.643219366885763, "quant_sqnr": 11.650515529452614, "quant_mse": 8.888825686881319e-05, "quant_sparsity": 0.578521728515625, "pruning_sqnr": 11.893967258352184, "pruning_mse": 8.404254913330078e-05, "pruning_sqnr_corrected": 7.0636106180588465, "pruning_mse_corrected": 0.000255584716796875}, "layer1.0.downsample.0": {"sample_kurtosis": 16.943482160537688, "quant_sqnr": 12.909934583484556, "quant_mse": 0.00011477411317173392, "quant_sparsity": 0.62127685546875, "pruning_sqnr": 13.10503511556011, "pruning_mse": 0.00010973215103149414, "pruning_sqnr_corrected": 7.058563263861477, "pruning_mse_corrected": 0.00044155120849609375}, "layer1.1.conv1": {"sample_kurtosis": 10.083933616194535, "quant_sqnr": 14.561606767545936, "quant_mse": 2.4553715775255114e-05, "quant_sparsity": 0.538238525390625, "pruning_sqnr": 11.436274339544001, "pruning_mse": 5.042552947998047e-05, "pruning_sqnr_corrected": 6.435116878976381, "pruning_mse_corrected": 0.0001595020294189453}, "layer1.1.conv2": {"sample_kurtosis": 6.468661739078181, "quant_sqnr": 15.27288900018503, "quant_mse": 0.0001169097886304371, "quant_sparsity": 0.4793836772441864, "pruning_sqnr": 10.451967487372576, "pruning_mse": 0.000354766845703125, "pruning_sqnr_corrected": 6.42150065191898, "pruning_mse_corrected": 0.0008974075317382812}, "layer1.1.conv3": {"sample_kurtosis": 10.17172730062543, "quant_sqnr": 13.922258374061542, "quant_mse": 3.728004958247766e-05, "quant_sparsity": 0.457855224609375, "pruning_sqnr": 9.872983174284485, "pruning_mse": 9.47117805480957e-05, "pruning_sqnr_corrected": 6.323610556262955, "pruning_mse_corrected": 0.00021445751190185547}, "layer1.2.conv1": {"sample_kurtosis": 2.768180892564734, "quant_sqnr": 16.177776428713145, "quant_mse": 1.8177088350057602e-05, "quant_sparsity": 0.275787353515625, "pruning_sqnr": 7.49453470744844, "pruning_mse": 0.0001342296600341797, "pruning_sqnr_corrected": 5.82981818275808, "pruning_mse_corrected": 0.00019693374633789062}, "layer1.2.conv2": {"sample_kurtosis": 0.7092219048851116, "quant_sqnr": 18.675455686339227, "quant_mse": 4.924059612676501e-05, "quant_sparsity": 0.2348090261220932, "pruning_sqnr": 6.606065303954636, "pruning_mse": 0.0007929801940917969, "pruning_sqnr_corrected": 5.186394766563026, "pruning_mse_corrected": 0.0010995864868164062}, "layer1.2.conv3": {"sample_kurtosis": 8.415310757684333, "quant_sqnr": 14.2404295559151, "quant_mse": 2.9186398023739457e-05, "quant_sparsity": 0.350189208984375, "pruning_sqnr": 8.70161436213042, "pruning_mse": 0.00010448694229125977, "pruning_sqnr_corrected": 6.282219258252568, "pruning_mse_corrected": 0.0001823902130126953}, "layer2.0.conv1": {"sample_kurtosis": 8.979635215635087, "quant_sqnr": 13.55488191411295, "quant_mse": 5.194919867790304e-05, "quant_sparsity": 0.3043670654296875, "pruning_sqnr": 8.123422921530741, "pruning_mse": 0.00018143653869628906, "pruning_sqnr_corrected": 6.303935899718973, "pruning_mse_corrected": 0.0002758502960205078}, "layer2.0.conv2": {"sample_kurtosis": 2.0766111465565773, "quant_sqnr": 17.152498632702947, "quant_mse": 3.35284203174524e-05, "quant_sparsity": 0.2721896767616272, "pruning_sqnr": 8.258963621798323, "pruning_mse": 0.0002598762512207031, "pruning_sqnr_corrected": 6.369807729568252, "pruning_mse_corrected": 0.00040149688720703125}, "layer2.0.conv3": {"sample_kurtosis": 9.554638953077669, "quant_sqnr": 12.93082926045297, "quant_mse": 3.508770896587521e-05, "quant_sparsity": 0.3374481201171875, "pruning_sqnr": 8.353281845135017, "pruning_mse": 0.00010067224502563477, "pruning_sqnr_corrected": 6.3256024269754345, "pruning_mse_corrected": 0.00016057491302490234}, "layer2.0.downsample.0": {"sample_kurtosis": 32.8401264855949, "quant_sqnr": 10.26788478304627, "quant_mse": 3.855494287563488e-05, "quant_sparsity": 0.43526458740234375, "pruning_sqnr": 9.076588781509233, "pruning_mse": 5.072355270385742e-05, "pruning_sqnr_corrected": 6.500677173990482, "pruning_mse_corrected": 9.179115295410156e-05}, "layer2.1.conv1": {"sample_kurtosis": 11.759695509211296, "quant_sqnr": 12.652896032340621, "quant_mse": 1.5428608094225638e-05, "quant_sparsity": 0.37206268310546875, "pruning_sqnr": 8.640886510002598, "pruning_mse": 3.886222839355469e-05, "pruning_sqnr_corrected": 6.365489277604283, "pruning_mse_corrected": 6.562471389770508e-05}, "layer2.1.conv2": {"sample_kurtosis": 4.463094109861689, "quant_sqnr": 14.965575297814446, "quant_mse": 5.447290823212825e-05, "quant_sparsity": 0.286675363779068, "pruning_sqnr": 7.637310390583842, "pruning_mse": 0.0002944469451904297, "pruning_sqnr_corrected": 5.943731626616714, "pruning_mse_corrected": 0.00043487548828125}, "layer2.1.conv3": {"sample_kurtosis": 8.29054754045826, "quant_sqnr": 13.447625583343253, "quant_mse": 2.129925815097522e-05, "quant_sparsity": 0.32100677490234375, "pruning_sqnr": 7.889438039122584, "pruning_mse": 7.659196853637695e-05, "pruning_sqnr_corrected": 6.0052421737426895, "pruning_mse_corrected": 0.00011819601058959961}, "layer2.2.conv1": {"sample_kurtosis": 5.5936173351472736, "quant_sqnr": 14.057281729791635, "quant_mse": 1.3891625712858513e-05, "quant_sparsity": 0.26779937744140625, "pruning_sqnr": 7.470766256108941, "pruning_mse": 6.330013275146484e-05, "pruning_sqnr_corrected": 5.956646424264822, "pruning_mse_corrected": 8.970499038696289e-05}, "layer2.2.conv2": {"sample_kurtosis": 2.131323311217491, "quant_sqnr": 16.39300057114683, "quant_mse": 3.321787153254263e-05, "quant_sparsity": 0.2169596403837204, "pruning_sqnr": 6.826166763143423, "pruning_mse": 0.0003006458282470703, "pruning_sqnr_corrected": 5.585398063947425, "pruning_mse_corrected": 0.0004000663757324219}, "layer2.2.conv3": {"sample_kurtosis": 7.328631996949268, "quant_sqnr": 13.844576008579972, "quant_mse": 1.6615451386314817e-05, "quant_sparsity": 0.28436279296875, "pruning_sqnr": 7.552389219443798, "pruning_mse": 7.075071334838867e-05, "pruning_sqnr_corrected": 5.913925730235771, "pruning_mse_corrected": 0.00010317564010620117}, "layer2.3.conv1": {"sample_kurtosis": 5.855549874164874, "quant_sqnr": 14.02618330647448, "quant_mse": 1.5236818398989271e-05, "quant_sparsity": 0.2718963623046875, "pruning_sqnr": 7.420466562489224, "pruning_mse": 6.973743438720703e-05, "pruning_sqnr_corrected": 5.893402687755649, "pruning_mse_corrected": 9.912252426147461e-05}, "layer2.3.conv2": {"sample_kurtosis": 2.195901670106962, "quant_sqnr": 16.23234087054525, "quant_mse": 3.3220818295376375e-05, "quant_sparsity": 0.2222764790058136, "pruning_sqnr": 7.050985086335606, "pruning_mse": 0.0002751350402832031, "pruning_sqnr_corrected": 5.752947247996031, "pruning_mse_corrected": 0.00037097930908203125}, "layer2.3.conv3": {"sample_kurtosis": 10.144361148609367, "quant_sqnr": 13.121945307574002, "quant_mse": 1.774126576492563e-05, "quant_sparsity": 0.327667236328125, "pruning_sqnr": 8.068061277460572, "pruning_mse": 5.6803226470947266e-05, "pruning_sqnr_corrected": 6.095183361411132, "pruning_mse_corrected": 8.946657180786133e-05},