{"conv1": {"sample_kurtosis": 5.415205676624328, "quant_sqnr": 6.724153700993075, "quant_mse": 0.0032279572915285826, "quant_sparsity": 0.7188562750816345, "pruning_sqnr": 6.29303766358837, "pruning_mse": 0.0035648345947265625, "pruning_sqnr_corrected": 2.4963505373952497, "pruning_mse_corrected": 0.008544921875}, "layer1.0.conv1": {"sample_kurtosis": 14.72728476629704, "quant_sqnr": 6.2556701505839705, "quant_mse": 0.0011925236321985722, "quant_sparsity": 0.78271484375, "pruning_sqnr": 7.59082188959716, "pruning_mse": 0.0008769035339355469, "pruning_sqnr_corrected": 3.32052043983377, "pruning_mse_corrected": 0.0023441314697265625}, "layer1.0.conv2": {"sample_kurtosis": 23.25135001341511, "quant_sqnr": 4.704873335409671, "quant_mse": 0.000287762435618788, "quant_sparsity": 0.700059711933136, "pruning_sqnr": 6.771200754476357, "pruning_mse": 0.00017881393432617188, "pruning_sqnr_corrected": 3.6466061800287273, "pruning_mse_corrected": 0.00036716461181640625}, "layer1.0.conv3": {"sample_kurtosis": 11.414392713312507, "quant_sqnr": 5.806162029377607, "quant_mse": 0.0003266340645495802, "quant_sparsity": 0.7271728515625, "pruning_sqnr": 6.334767818572908, "pruning_mse": 0.0002892017364501953, "pruning_sqnr_corrected": 2.8308813032738827, "pruning_mse_corrected": 0.0006480216979980469}, "layer1.0.downsample.0": {"sample_kurtosis": 24.09273649075615, "quant_sqnr": 5.471781195443634, "quant_mse": 0.0009414585656486452, "quant_sparsity": 0.77197265625, "pruning_sqnr": 7.509422820148775, "pruning_mse": 0.0005888938903808594, "pruning_sqnr_corrected": 3.304587026885315, "pruning_mse_corrected": 0.0015506744384765625}, "layer1.1.conv1": {"sample_kurtosis": 4.38512244096737, "quant_sqnr": 6.397649114246739, "quant_mse": 0.00021531357197090983, "quant_sparsity": 0.6051025390625, "pruning_sqnr": 5.0700575164317785, "pruning_mse": 0.0002923011779785156, "pruning_sqnr_corrected": 2.6508244847638327, "pruning_mse_corrected": 0.0005102157592773438}, "layer1.1.conv2": {"sample_kurtosis": 9.799826860450116, "quant_sqnr": 5.857603363795397, "quant_mse": 0.00021548077347688377, "quant_sparsity": 0.5323079228401184, "pruning_sqnr": 5.016221392066012, "pruning_mse": 0.00026154518127441406, "pruning_sqnr_corrected": 3.1368515918357067, "pruning_mse_corrected": 0.0004031658172607422}, "layer1.1.conv3": {"sample_kurtosis": 7.159383166950734, "quant_sqnr": 6.246056391750001, "quant_mse": 0.0002512565697543323, "quant_sparsity": 0.702880859375, "pruning_sqnr": 5.923871085854784, "pruning_mse": 0.00027060508728027344, "pruning_sqnr_corrected": 2.6106239622057363, "pruning_mse_corrected": 0.0005803108215332031}, "layer1.2.conv1": {"sample_kurtosis": 2.1720606489896515, "quant_sqnr": 7.0975887460008895, "quant_mse": 0.00017647311324253678, "quant_sparsity": 0.53546142578125, "pruning_sqnr": 4.326591912668691, "pruning_mse": 0.00033402442932128906, "pruning_sqnr_corrected": 2.4585162759068098, "pruning_mse_corrected": 0.0005135536193847656}, "layer1.2.conv2": {"sample_kurtosis": 2.0840201483573955, "quant_sqnr": 7.0622033211774715, "quant_mse": 0.00019864412024617195, "quant_sparsity": 0.5304362177848816, "pruning_sqnr": 3.970182655275135, "pruning_mse": 0.0004048347473144531, "pruning_sqnr_corrected": 2.29711370425061, "pruning_mse_corrected": 0.0005950927734375}, "layer1.2.conv3": {"sample_kurtosis": 6.9628969497227065, "quant_sqnr": 6.709293916255332, "quant_mse": 0.00020752521231770515, "quant_sparsity": 0.734619140625, "pruning_sqnr": 6.634715975637864, "pruning_mse": 0.0002111196517944336, "pruning_sqnr_corrected": 2.5693622550093087, "pruning_mse_corrected": 0.0005383491516113281}, "layer2.0.conv1": {"sample_kurtosis": 4.958802353655539, "quant_sqnr": 6.376508298371242, "quant_mse": 0.00028951073181815445, "quant_sparsity": 0.582000732421875, "pruning_sqnr": 4.874581180732668, "pruning_mse": 0.00040912628173828125, "pruning_sqnr_corrected": 2.745072706361977, "pruning_mse_corrected": 0.0006680488586425781}, "layer2.0.conv2": {"sample_kurtosis": 3.0359341440681398, "quant_sqnr": 7.048104638722479, "quant_mse": 9.804542787605897e-05, "quant_sparsity": 0.4736599326133728, "pruning_sqnr": 4.045545575080461, "pruning_mse": 0.0001957416534423828, "pruning_sqnr_corrected": 2.585776859392017, "pruning_mse_corrected": 0.0002739429473876953}, "layer2.0.conv3": {"sample_kurtosis": 11.085953366504418, "quant_sqnr": 5.614062090162255, "quant_mse": 0.00021652068244293332, "quant_sparsity": 0.6651458740234375, "pruning_sqnr": 6.062815991200906, "pruning_mse": 0.0001952648162841797, "pruning_sqnr_corrected": 3.0764441657199972, "pruning_mse_corrected": 0.0003883838653564453}, "layer2.0.downsample.0": {"sample_kurtosis": 32.10857142857143, "quant_sqnr": 4.699045450163716, "quant_mse": 0.00018116369028575718, "quant_sparsity": 0.7175750732421875, "pruning_sqnr": 6.881138703488393, "pruning_mse": 0.00010961294174194336, "pruning_sqnr_corrected": 3.7199865987448, "pruning_mse_corrected": 0.0002269744873046875}, "layer2.1.conv1": {"sample_kurtosis": 14.026156989171124, "quant_sqnr": 5.290486944656037, "quant_mse": 8.208132931031287e-05, "quant_sparsity": 0.7037200927734375, "pruning_sqnr": 6.594127998799145, "pruning_mse": 6.079673767089844e-05, "pruning_sqnr_corrected": 3.2205142982869077, "pruning_mse_corrected": 0.0001322031021118164}, "layer2.1.conv2": {"sample_kurtosis": 14.059558517284465, "quant_sqnr": 4.953674596073881, "quant_mse": 0.00011948645988013595, "quant_sparsity": 0.6548869013786316, "pruning_sqnr": 6.172801745123281, "pruning_mse": 9.02414321899414e-05, "pruning_sqnr_corrected": 3.4104001654733906, "pruning_mse_corrected": 0.0001704692840576172}, "layer2.1.conv3": {"sample_kurtosis": 16.382269549684672, "quant_sqnr": 5.8194588222935195, "quant_mse": 0.0001277944684261456, "quant_sparsity": 0.818328857421875, "pruning_sqnr": 7.8348794179116705, "pruning_mse": 8.034706115722656e-05, "pruning_sqnr_corrected": 2.8051812069655457, "pruning_mse_corrected": 0.00025582313537597656}, "layer2.2.conv1": {"sample_kurtosis": 6.682142197599262, "quant_sqnr": 5.981577112827347, "quant_mse": 0.00013724547170568258, "quant_sparsity": 0.594818115234375, "pruning_sqnr": 5.009831436509273, "pruning_mse": 0.000171661376953125, "pruning_sqnr_corrected": 2.9385765085527735, "pruning_mse_corrected": 0.0002765655517578125}, "layer2.2.conv2": {"sample_kurtosis": 5.770254390036843, "quant_sqnr": 6.119257318571442, "quant_mse": 0.00011396807531127706, "quant_sparsity": 0.4989488422870636, "pruning_sqnr": 4.747961544254796, "pruning_mse": 0.00015628337860107422, "pruning_sqnr_corrected": 3.0977673323750126, "pruning_mse_corrected": 0.00022852420806884766}, "layer2.2.conv3": {"sample_kurtosis": 6.901955913139616, "quant_sqnr": 5.995245938217392, "quant_mse": 0.00017230673984158784, "quant_sparsity": 0.597900390625, "pruning_sqnr": 4.839750710608785, "pruning_mse": 0.00022482872009277344, "pruning_sqnr_corrected": 2.7664317585343428, "pruning_mse_corrected": 0.000362396240234375}, "layer2.3.conv1": {"sample_kurtosis": 2.967117585848075, "quant_sqnr": 6.685616648847475, "quant_mse": 0.00012703693937510252, "quant_sparsity": 0.4362945556640625, "pruning_sqnr": 4.126542223068301, "pruning_mse": 0.00022900104522705078, "pruning_sqnr_corrected": 2.772177564649011, "pruning_mse_corrected": 0.00031280517578125}, "layer2.3.conv2": {"sample_kurtosis": 1.9648081860807407, "quant_sqnr": 7.036470928661047, "quant_mse": 9.94405709207058e-05, "quant_sparsity": 0.4208780825138092, "pruning_sqnr": 3.876082646370314, "pruning_mse": 0.00020587444305419922, "pruning_sqnr_corrected": 2.616647977207964, "pruning_mse_corrected": 0.0002751350402832031}, "layer2.3.conv3": {"sample_kurtosis": 6.035920915712799, "quant_sqnr": 6.063544697400959, "quant_mse": 0.0001467191323172301, "quant_sparsity": 0.6231536865234375, "pruning_sqnr": 5.08446746254669, "pruning_mse": 0.0001838207244873047, "pruning_sqnr_corrected": 2.6872054729361694, "pruning_mse_corrected": 0.0003192424774169922},