{"conv1": {"sample_kurtosis": 7.496302713100418, "quant_sqnr": 29.751569912398374, "quant_mse": 1.7805110474000685e-05, "quant_sparsity": 0.21588009595870972, "pruning_sqnr": 18.193838632908754, "pruning_mse": 0.0002548694610595703, "pruning_sqnr_corrected": 14.784039611536004, "pruning_mse_corrected": 0.0005588531494140625}, "layer1.0.conv1": {"sample_kurtosis": 17.774826232368767, "quant_sqnr": 25.684652610412826, "quant_mse": 7.727803676971234e-06, "quant_sparsity": 0.2242024689912796, "pruning_sqnr": 16.002541904647, "pruning_mse": 7.18235969543457e-05, "pruning_sqnr_corrected": 12.938514110368578, "pruning_mse_corrected": 0.00014543533325195312}, "layer1.0.conv2": {"sample_kurtosis": 4.484663582208483, "quant_sqnr": 27.940997982075892, "quant_mse": 3.28492205881048e-06, "quant_sparsity": 0.0696885883808136, "pruning_sqnr": 12.435320762095381, "pruning_mse": 0.00011670589447021484, "pruning_sqnr_corrected": 11.639074462725564, "pruning_mse_corrected": 0.00014019012451171875}, "layer1.1.conv1": {"sample_kurtosis": 12.42894895222015, "quant_sqnr": 25.85132518606204, "quant_mse": 6.732825113431318e-06, "quant_sparsity": 0.0983615443110466, "pruning_sqnr": 13.015900144158595, "pruning_mse": 0.00012934207916259766, "pruning_sqnr_corrected": 11.896526448066211, "pruning_mse_corrected": 0.00016736984252929688}, "layer1.1.conv2": {"sample_kurtosis": 3.963466109574439, "quant_sqnr": 29.483072452983766, "quant_mse": 2.179590410378296e-06, "quant_sparsity": 0.05615234375, "pruning_sqnr": 12.118947309887833, "pruning_mse": 0.00011879205703735352, "pruning_sqnr_corrected": 11.485427267305905, "pruning_mse_corrected": 0.00013744831085205078}, "layer2.0.conv1": {"sample_kurtosis": 4.257477633649724, "quant_sqnr": 29.831152180483752, "quant_mse": 1.7995399730352801e-06, "quant_sparsity": 0.0575900599360466, "pruning_sqnr": 12.44461106811528, "pruning_mse": 9.85860824584961e-05, "pruning_sqnr_corrected": 11.792432286955297, "pruning_mse_corrected": 0.00011456012725830078}, "layer2.0.conv2": {"sample_kurtosis": 6.620819794354782, "quant_sqnr": 27.199778186945895, "quant_mse": 2.207997340519796e-06, "quant_sparsity": 0.0744696706533432, "pruning_sqnr": 12.242382713633372, "pruning_mse": 6.914138793945312e-05, "pruning_sqnr_corrected": 11.413291527964693, "pruning_mse_corrected": 8.368492126464844e-05}, "layer2.0.downsample.0": {"sample_kurtosis": 12.537594343681747, "quant_sqnr": 26.376098348633054, "quant_mse": 1.1502437700983137e-05, "quant_sparsity": 0.111328125, "pruning_sqnr": 14.408178533112002, "pruning_mse": 0.00018095970153808594, "pruning_sqnr_corrected": 13.14379701465855, "pruning_mse_corrected": 0.00024211406707763672}, "layer2.1.conv1": {"sample_kurtosis": 6.14246657268572, "quant_sqnr": 27.065554542808723, "quant_mse": 2.299795369253843e-06, "quant_sparsity": 0.0715806782245636, "pruning_sqnr": 12.123380584611233, "pruning_mse": 7.176399230957031e-05, "pruning_sqnr_corrected": 11.32195983521801, "pruning_mse_corrected": 8.630752563476562e-05}, "layer2.1.conv2": {"sample_kurtosis": 3.2846113274955986, "quant_sqnr": 28.494913751087786, "quant_mse": 1.2792223742508213e-06, "quant_sparsity": 0.0547349713742733, "pruning_sqnr": 11.362257717314462, "pruning_mse": 6.61015510559082e-05, "pruning_sqnr_corrected": 10.753066434954626, "pruning_mse_corrected": 7.605552673339844e-05}, "layer3.0.conv1": {"sample_kurtosis": 5.879532914227537, "quant_sqnr": 27.03764706601303, "quant_mse": 1.6722997315810062e-06, "quant_sparsity": 0.06939697265625, "pruning_sqnr": 11.791331303267505, "pruning_mse": 5.59687614440918e-05, "pruning_sqnr_corrected": 11.018058656727188, "pruning_mse_corrected": 6.687641143798828e-05}, "layer3.0.conv2": {"sample_kurtosis": 5.02239447159579, "quant_sqnr": 27.45343055723444, "quant_mse": 1.128789108406636e-06, "quant_sparsity": 0.0642293319106102, "pruning_sqnr": 11.435798824536548, "pruning_mse": 4.51207160949707e-05, "pruning_sqnr_corrected": 10.723109075776042, "pruning_mse_corrected": 5.316734313964844e-05}, "layer3.0.downsample.0": {"sample_kurtosis": 4.337758408208524, "quant_sqnr": 29.573794735943345, "quant_mse": 1.2013974810543004e-06, "quant_sparsity": 0.057525634765625, "pruning_sqnr": 11.866042319470624, "pruning_mse": 7.086992263793945e-05, "pruning_sqnr_corrected": 11.222218203899041, "pruning_mse_corrected": 8.219480514526367e-05}, "layer3.1.conv1": {"sample_kurtosis": 4.146776493296534, "quant_sqnr": 27.600513427620154, "quant_mse": 8.732917535780871e-07, "quant_sparsity": 0.0611945278942585, "pruning_sqnr": 11.183955697996183, "pruning_mse": 3.826618194580078e-05, "pruning_sqnr_corrected": 10.508693344767712, "pruning_mse_corrected": 4.470348358154297e-05}, "layer3.1.conv2": {"sample_kurtosis": 3.5306122448979593, "quant_sqnr": 27.181908252431697, "quant_mse": 8.216048286158184e-07, "quant_sparsity": 0.0592397041618824, "pruning_sqnr": 11.070653092961496, "pruning_mse": 3.355741500854492e-05, "pruning_sqnr_corrected": 10.413324041557125, "pruning_mse_corrected": 3.904104232788086e-05}, "layer4.0.conv1": {"sample_kurtosis": 2.3466644862471497, "quant_sqnr": 28.035008870357547, "quant_mse": 6.248486101867456e-07, "quant_sparsity": 0.04983944445848465, "pruning_sqnr": 10.688833247608967, "pruning_mse": 3.3915042877197266e-05, "pruning_sqnr_corrected": 10.137630731608835, "pruning_mse_corrected": 3.8504600524902344e-05}, "layer4.0.conv2": {"sample_kurtosis": 2.2922267063954465, "quant_sqnr": 27.168612543230925, "quant_mse": 5.793120294583787e-07, "quant_sparsity": 0.050160303711891174, "pruning_sqnr": 10.48395494996467, "pruning_mse": 2.7000904083251953e-05, "pruning_sqnr_corrected": 9.93530578014023, "pruning_mse_corrected": 3.063678741455078e-05}, "layer4.0.downsample.0": {"sample_kurtosis": 7.42277752889667, "quant_sqnr": 23.90277320918755, "quant_mse": 4.379573965707095e-06, "quant_sparsity": 0.0758209228515625, "pruning_sqnr": 11.623074864626869, "pruning_mse": 7.402896881103516e-05, "pruning_sqnr_corrected": 10.777398425276585, "pruning_mse_corrected": 8.994340896606445e-05}, "layer4.1.conv1": {"sample_kurtosis": 1.1308331584021287, "quant_sqnr": 28.928369486727124, "quant_mse": 4.1346851276102825e-07, "quant_sparsity": 0.0428551584482193, "pruning_sqnr": 10.238819214265707, "pruning_mse": 3.057718276977539e-05, "pruning_sqnr_corrected": 9.773631782925388, "pruning_mse_corrected": 3.403425216674805e-05}, "layer4.1.conv2": {"sample_kurtosis": 2.8868966859482637, "quant_sqnr": 26.265728813520994, "quant_mse": 4.1179833942806e-07, "quant_sparsity": 0.060837216675281525, "pruning_sqnr": 10.594371878518675, "pruning_mse": 1.519918441772461e-05, "pruning_sqnr_corrected": 9.932209189686104, "pruning_mse_corrected": 1.7702579498291016e-05}, "fc": {"sample_kurtosis": 3.916147416769517, "quant_sqnr": 29.3209285168421, "quant_mse": 5.642320502374787e-06, "quant_sparsity": 0.04808984696865082, "pruning_sqnr": 11.1587880999747, "pruning_mse": 0.0003695487976074219, "pruning_sqnr_corrected": 10.649131210577682, "pruning_mse_corrected": 0.00041556358337402344}}