{"conv1": {"sample_kurtosis": 7.496302713100418, "quant_sqnr": 14.68912503782712, "quant_mse": 0.0005712012643925846, "quant_sparsity": 0.4986181855201721, "pruning_sqnr": 11.48350506177541, "pruning_mse": 0.0011949539184570312, "pruning_sqnr_corrected": 6.895167948646657, "pruning_mse_corrected": 0.003437042236328125}, "layer1.0.conv1": {"sample_kurtosis": 17.774826232368767, "quant_sqnr": 12.241220883426982, "quant_mse": 0.00017076515359804034, "quant_sparsity": 0.5018446445465088, "pruning_sqnr": 10.393706918992745, "pruning_mse": 0.0002613067626953125, "pruning_sqnr_corrected": 6.812412373755872, "pruning_mse_corrected": 0.0005960464477539062}, "layer1.0.conv2": {"sample_kurtosis": 4.484663582208483, "quant_sqnr": 15.027779384665115, "quant_mse": 6.424612365663052e-05, "quant_sparsity": 0.2696397602558136, "pruning_sqnr": 7.822215189949446, "pruning_mse": 0.0003376007080078125, "pruning_sqnr_corrected": 6.211074159089161, "pruning_mse_corrected": 0.0004892349243164062}, "layer1.1.conv1": {"sample_kurtosis": 12.42894895222015, "quant_sqnr": 12.320004888500948, "quant_mse": 0.00015182013157755136, "quant_sparsity": 0.3623046875, "pruning_sqnr": 8.417530082125973, "pruning_mse": 0.00037288665771484375, "pruning_sqnr_corrected": 6.277497916245769, "pruning_mse_corrected": 0.0006103515625}, "layer1.1.conv2": {"sample_kurtosis": 3.963466109574439, "quant_sqnr": 15.236215150799406, "quant_mse": 5.79509578528814e-05, "quant_sparsity": 0.2542317807674408, "pruning_sqnr": 7.561371382770242, "pruning_mse": 0.00033926963806152344, "pruning_sqnr_corrected": 6.091815014099561, "pruning_mse_corrected": 0.00047588348388671875}, "layer2.0.conv1": {"sample_kurtosis": 4.257477633649724, "quant_sqnr": 15.032677994236396, "quant_mse": 5.432614852907136e-05, "quant_sparsity": 0.28125, "pruning_sqnr": 7.850248592173163, "pruning_mse": 0.00028395652770996094, "pruning_sqnr_corrected": 6.181468112214173, "pruning_mse_corrected": 0.0004169940948486328}, "layer2.0.conv2": {"sample_kurtosis": 6.620819794354782, "quant_sqnr": 13.883755470760569, "quant_mse": 4.7380628529936075e-05, "quant_sparsity": 0.283501535654068, "pruning_sqnr": 7.776154150511374, "pruning_mse": 0.0001933574676513672, "pruning_sqnr_corrected": 6.165984026545384, "pruning_mse_corrected": 0.00028014183044433594}, "layer2.0.downsample.0": {"sample_kurtosis": 12.537594343681747, "quant_sqnr": 12.867061711936095, "quant_mse": 0.00025804387405514717, "quant_sparsity": 0.4205322265625, "pruning_sqnr": 9.727547661585199, "pruning_mse": 0.0005316734313964844, "pruning_sqnr_corrected": 7.078522771029208, "pruning_mse_corrected": 0.0009784698486328125}, "layer2.1.conv1": {"sample_kurtosis": 6.14246657268572, "quant_sqnr": 14.03302323193007, "quant_mse": 4.6231962187448516e-05, "quant_sparsity": 0.2837320864200592, "pruning_sqnr": 7.632775916100125, "pruning_mse": 0.00020182132720947266, "pruning_sqnr_corrected": 6.020599913279624, "pruning_mse_corrected": 0.0002925395965576172}, "layer2.1.conv2": {"sample_kurtosis": 3.2846113274955986, "quant_sqnr": 15.351286843204882, "quant_mse": 2.638206206029281e-05, "quant_sparsity": 0.2327677458524704, "pruning_sqnr": 6.954358913990262, "pruning_mse": 0.0001823902130126953, "pruning_sqnr_corrected": 5.6626010184747155, "pruning_mse_corrected": 0.0002455711364746094}, "layer3.0.conv1": {"sample_kurtosis": 5.879532914227537, "quant_sqnr": 13.997102577347775, "quant_mse": 3.367972749401815e-05, "quant_sparsity": 0.2624172568321228, "pruning_sqnr": 7.348255499898251, "pruning_mse": 0.0001556873321533203, "pruning_sqnr_corrected": 5.883176371984508, "pruning_mse_corrected": 0.0002181529998779297}, "layer3.0.conv2": {"sample_kurtosis": 5.02239447159579, "quant_sqnr": 14.26608328530219, "quant_mse": 2.3515138309448957e-05, "quant_sparsity": 0.2499118447303772, "pruning_sqnr": 7.046124269909658, "pruning_mse": 0.0001239776611328125, "pruning_sqnr_corrected": 5.675262407738995, "pruning_mse_corrected": 0.00016999244689941406}, "layer3.0.downsample.0": {"sample_kurtosis": 4.337758408208524, "quant_sqnr": 14.810263335010593, "quant_mse": 3.597823524614796e-05, "quant_sparsity": 0.252716064453125, "pruning_sqnr": 7.422205856852449, "pruning_mse": 0.0001971721649169922, "pruning_sqnr_corrected": 5.990282548841799, "pruning_mse_corrected": 0.0002741813659667969}, "layer3.1.conv1": {"sample_kurtosis": 4.146776493296534, "quant_sqnr": 14.694879693023912, "quant_mse": 1.704993519524578e-05, "quant_sparsity": 0.235226109623909, "pruning_sqnr": 6.814060862983876, "pruning_mse": 0.00010466575622558594, "pruning_sqnr_corrected": 5.541241393610555, "pruning_mse_corrected": 0.00014030933380126953}, "layer3.1.conv2": {"sample_kurtosis": 3.5306122448979593, "quant_sqnr": 15.271319690464873, "quant_mse": 1.2756215255649295e-05, "quant_sparsity": 0.2106713205575943, "pruning_sqnr": 6.692077780843475, "pruning_mse": 9.196996688842773e-05, "pruning_sqnr_corrected": 5.545937673992466, "pruning_mse_corrected": 0.00011974573135375977}, "layer4.0.conv1": {"sample_kurtosis": 2.3466644862471497, "quant_sqnr": 15.775562349195036, "quant_mse": 1.0512825610931031e-05, "quant_sparsity": 0.19466570019721985, "pruning_sqnr": 6.361929524375483, "pruning_mse": 9.185075759887695e-05, "pruning_sqnr_corrected": 5.3240476549796645, "pruning_mse_corrected": 0.00011664628982543945}, "layer4.0.conv2": {"sample_kurtosis": 2.2922267063954465, "quant_sqnr": 15.919560221072286, "quant_mse": 7.72356452216627e-06, "quant_sparsity": 0.179409459233284, "pruning_sqnr": 6.188464087124421, "pruning_mse": 7.259845733642578e-05, "pruning_sqnr_corrected": 5.243678218452448, "pruning_mse_corrected": 9.02414321899414e-05}, "layer4.0.downsample.0": {"sample_kurtosis": 7.42277752889667, "quant_sqnr": 14.116603869517167, "quant_mse": 4.169162275502458e-05, "quant_sparsity": 0.24005126953125, "pruning_sqnr": 7.1710201876387325, "pruning_mse": 0.00020635128021240234, "pruning_sqnr_corrected": 5.832238005242029, "pruning_mse_corrected": 0.0002808570861816406}, "layer4.1.conv1": {"sample_kurtosis": 1.1308331584021287, "quant_sqnr": 16.948857774456584, "quant_mse": 6.52219250696362e-06, "quant_sparsity": 0.1525217741727829, "pruning_sqnr": 5.960125538148553, "pruning_mse": 8.189678192138672e-05, "pruning_sqnr_corrected": 5.162522132755933, "pruning_mse_corrected": 9.840726852416992e-05}, "layer4.1.conv2": {"sample_kurtosis": 2.8868966859482637, "quant_sqnr": 14.906422377817325, "quant_mse": 5.63138519282802e-06, "quant_sparsity": 0.21701008081436157, "pruning_sqnr": 6.302867967933973, "pruning_mse": 4.082918167114258e-05, "pruning_sqnr_corrected": 5.16099664248948, "pruning_mse_corrected": 5.310773849487305e-05}, "fc": {"sample_kurtosis": 3.916147416769517, "quant_sqnr": 14.852270079069497, "quant_mse": 0.0001578787196194753, "quant_sparsity": 0.23792189359664917, "pruning_sqnr": 7.00044193560141, "pruning_mse": 0.0009627342224121094, "pruning_sqnr_corrected": 5.786692511392051, "pruning_mse_corrected": 0.0012731552124023438}}