{"conv1": {"sample_kurtosis": 7.570870350522625, "quant_sqnr": 24.596251288870107, "quant_mse": 4.519584035733715e-05, "quant_sparsity": 0.253720223903656, "pruning_sqnr": 15.881643867792597, "pruning_mse": 0.0003361701965332031, "pruning_sqnr_corrected": 12.62293696045633, "pruning_mse_corrected": 0.0007119178771972656}, "layer1.0.conv1": {"sample_kurtosis": 28.208650047665266, "quant_sqnr": 20.831176487819278, "quant_mse": 2.8934873625985347e-05, "quant_sparsity": 0.542724609375, "pruning_sqnr": 22.352330285695793, "pruning_mse": 2.0384788513183594e-05, "pruning_sqnr_corrected": 12.95042870549459, "pruning_mse_corrected": 0.00017762184143066406}, "layer1.0.conv2": {"sample_kurtosis": 16.83142244334314, "quant_sqnr": 23.30305431258833, "quant_mse": 3.441216176724993e-05, "quant_sparsity": 0.462456613779068, "pruning_sqnr": 20.827115409047504, "pruning_mse": 6.085634231567383e-05, "pruning_sqnr_corrected": 13.460380563891551, "pruning_mse_corrected": 0.000331878662109375}, "layer1.0.conv3": {"sample_kurtosis": 28.643219366885763, "quant_sqnr": 18.871239860181205, "quant_mse": 1.685667666606605e-05, "quant_sparsity": 0.416900634765625, "pruning_sqnr": 16.31045662392662, "pruning_mse": 3.039836883544922e-05, "pruning_sqnr_corrected": 10.860054979232254, "pruning_mse_corrected": 0.00010663270950317383}, "layer1.0.downsample.0": {"sample_kurtosis": 16.943482160537688, "quant_sqnr": 22.391475908036213, "quant_mse": 1.2932718163938262e-05, "quant_sparsity": 0.4017333984375, "pruning_sqnr": 17.796772827159504, "pruning_mse": 3.725290298461914e-05, "pruning_sqnr_corrected": 12.164810740007628, "pruning_mse_corrected": 0.00013625621795654297}, "layer1.1.conv1": {"sample_kurtosis": 10.083933616194535, "quant_sqnr": 23.285724794215888, "quant_mse": 3.2938621643552324e-06, "quant_sparsity": 0.428131103515625, "pruning_sqnr": 16.88980754418555, "pruning_mse": 1.436471939086914e-05, "pruning_sqnr_corrected": 10.076644380416742, "pruning_mse_corrected": 6.896257400512695e-05}, "layer1.1.conv2": {"sample_kurtosis": 6.468661739078181, "quant_sqnr": 24.680050535625124, "quant_mse": 1.340092330792686e-05, "quant_sparsity": 0.3485243022441864, "pruning_sqnr": 15.05571010327582, "pruning_mse": 0.00012290477752685547, "pruning_sqnr_corrected": 10.26069286584261, "pruning_mse_corrected": 0.0003707408905029297}, "layer1.1.conv3": {"sample_kurtosis": 10.17172730062543, "quant_sqnr": 21.17818646233284, "quant_mse": 7.012674359430093e-06, "quant_sparsity": 0.311492919921875, "pruning_sqnr": 14.00961740117413, "pruning_mse": 3.653764724731445e-05, "pruning_sqnr_corrected": 10.129104012723804, "pruning_mse_corrected": 8.928775787353516e-05}, "layer1.2.conv1": {"sample_kurtosis": 2.768180892564734, "quant_sqnr": 25.784048504083238, "quant_mse": 1.9902017811546102e-06, "quant_sparsity": 0.141265869140625, "pruning_sqnr": 10.645953589835289, "pruning_mse": 6.496906280517578e-05, "pruning_sqnr_corrected": 9.273806642637043, "pruning_mse_corrected": 8.910894393920898e-05}, "layer1.2.conv2": {"sample_kurtosis": 0.7092219048851116, "quant_sqnr": 28.511135122194457, "quant_mse": 5.113936822453979e-06, "quant_sparsity": 0.1382378488779068, "pruning_sqnr": 9.82225592297379, "pruning_mse": 0.0003781318664550781, "pruning_sqnr_corrected": 8.448698842528216, "pruning_mse_corrected": 0.000518798828125}, "layer1.2.conv3": {"sample_kurtosis": 8.415310757684333, "quant_sqnr": 20.87842903646397, "quant_mse": 6.3296624830400106e-06, "quant_sparsity": 0.174468994140625, "pruning_sqnr": 12.201815902488933, "pruning_mse": 4.667043685913086e-05, "pruning_sqnr_corrected": 10.35124169207988, "pruning_mse_corrected": 7.146596908569336e-05}, "layer2.0.conv1": {"sample_kurtosis": 8.979635215635087, "quant_sqnr": 20.957018197795932, "quant_mse": 9.448551281820983e-06, "quant_sparsity": 0.1500244140625, "pruning_sqnr": 11.170977004760195, "pruning_mse": 8.994340896606445e-05, "pruning_sqnr_corrected": 9.773062150770919, "pruning_mse_corrected": 0.00012409687042236328}, "layer2.0.conv2": {"sample_kurtosis": 2.0766111465565773, "quant_sqnr": 27.655612762456165, "quant_mse": 2.986081653943984e-06, "quant_sparsity": 0.1073676198720932, "pruning_sqnr": 11.700357031148004, "pruning_mse": 0.0001176595687866211, "pruning_sqnr_corrected": 10.588426710144631, "pruning_mse_corrected": 0.0001519918441772461}, "layer2.0.conv3": {"sample_kurtosis": 9.554638953077669, "quant_sqnr": 21.295222044259006, "quant_mse": 5.11347025167197e-06, "quant_sparsity": 0.1613311767578125, "pruning_sqnr": 11.402323760912502, "pruning_mse": 4.988908767700195e-05, "pruning_sqnr_corrected": 9.8997308945658, "pruning_mse_corrected": 7.051229476928711e-05}, "layer2.0.downsample.0": {"sample_kurtosis": 32.8401264855949, "quant_sqnr": 17.7147206156064, "quant_mse": 6.940591447346378e-06, "quant_sparsity": 0.23259735107421875, "pruning_sqnr": 12.061446692223392, "pruning_mse": 2.5510787963867188e-05, "pruning_sqnr_corrected": 9.962289677806563, "pruning_mse_corrected": 4.1365623474121094e-05}, "layer2.1.conv1": {"sample_kurtosis": 11.759695509211296, "quant_sqnr": 20.815284864936757, "quant_mse": 2.3555257939733565e-06, "quant_sparsity": 0.1791534423828125, "pruning_sqnr": 11.73186268412274, "pruning_mse": 1.9073486328125e-05, "pruning_sqnr_corrected": 10.043942480980924, "pruning_mse_corrected": 2.8133392333984375e-05}, "layer2.1.conv2": {"sample_kurtosis": 4.463094109861689, "quant_sqnr": 24.49126804973831, "quant_mse": 6.075909368519206e-06, "quant_sparsity": 0.1213107630610466, "pruning_sqnr": 10.65112832620827, "pruning_mse": 0.00014710426330566406, "pruning_sqnr_corrected": 9.53123076179567, "pruning_mse_corrected": 0.00019037723541259766}, "layer2.1.conv3": {"sample_kurtosis": 8.29054754045826, "quant_sqnr": 21.354091742848734, "quant_mse": 3.449195901339408e-06, "quant_sparsity": 0.143218994140625, "pruning_sqnr": 10.896359586553498, "pruning_mse": 3.832578659057617e-05, "pruning_sqnr_corrected": 9.573304466470045, "pruning_mse_corrected": 5.1975250244140625e-05}, "layer2.2.conv1": {"sample_kurtosis": 5.5936173351472736, "quant_sqnr": 22.329787600531755, "quant_mse": 2.0677712200267706e-06, "quant_sparsity": 0.1203765869140625, "pruning_sqnr": 10.384013127674976, "pruning_mse": 3.236532211303711e-05, "pruning_sqnr_corrected": 9.305919027457822, "pruning_mse_corrected": 4.1484832763671875e-05}, "layer2.2.conv2": {"sample_kurtosis": 2.131323311217491, "quant_sqnr": 25.043505558582098, "quant_mse": 4.532327693596017e-06, "quant_sparsity": 0.0830078125, "pruning_sqnr": 9.788515737814311, "pruning_mse": 0.0001519918441772461, "pruning_sqnr_corrected": 9.025181706066327, "pruning_mse_corrected": 0.0001811981201171875}, "layer2.2.conv3": {"sample_kurtosis": 7.328631996949268, "quant_sqnr": 21.094120808521506, "quant_mse": 3.130096047243569e-06, "quant_sparsity": 0.1325836181640625, "pruning_sqnr": 10.508151688962315, "pruning_mse": 3.5822391510009766e-05, "pruning_sqnr_corrected": 9.309644593094776, "pruning_mse_corrected": 4.7206878662109375e-05}, "layer2.3.conv1": {"sample_kurtosis": 5.855549874164874, "quant_sqnr": 22.62386913427627, "quant_mse": 2.1043874767201487e-06, "quant_sparsity": 0.11692047119140625, "pruning_sqnr": 10.313580459923447, "pruning_mse": 3.5822391510009766e-05, "pruning_sqnr_corrected": 9.271391594193942, "pruning_mse_corrected": 4.553794860839844e-05}, "layer2.3.conv2": {"sample_kurtosis": 2.195901670106962, "quant_sqnr": 24.98508167388247, "quant_mse": 4.4272724153415766e-06, "quant_sparsity": 0.0857747420668602, "pruning_sqnr": 10.023813328033848, "pruning_mse": 0.00013875961303710938, "pruning_sqnr_corrected": 9.23760105507638, "pruning_mse_corrected": 0.00016629695892333984}, "layer2.3.conv3": {"sample_kurtosis": 10.144361148609367, "quant_sqnr": 20.426744535541083, "quant_mse": 3.299929630884435e-06, "quant_sparsity": 0.1497039794921875, "pruning_sqnr": 11.147261856693003, "pruning_mse": 2.7954578399658203e-05, "pruning_sqnr_corrected": 9.736543315840143, "pruning_mse_corrected": 3.8683414459228516e-05},