{"conv1": {"sample_kurtosis": 7.496302713100418, "quant_sqnr": 6.267561767866482, "quant_mse": 0.003971416968852282, "quant_sparsity": 0.7666879296302795, "pruning_sqnr": 6.8783301464789615, "pruning_mse": 0.0034503936767578125, "pruning_sqnr_corrected": 2.5119311942695037, "pruning_mse_corrected": 0.009429931640625}, "layer1.0.conv1": {"sample_kurtosis": 17.774826232368767, "quant_sqnr": 5.6477151504497325, "quant_mse": 0.0007793810218572617, "quant_sparsity": 0.7336154580116272, "pruning_sqnr": 6.826332080604928, "pruning_mse": 0.0005941390991210938, "pruning_sqnr_corrected": 3.3881855655338096, "pruning_mse_corrected": 0.0013113021850585938}, "layer1.0.conv2": {"sample_kurtosis": 4.484663582208483, "quant_sqnr": 6.511478315726738, "quant_mse": 0.00045653810957446694, "quant_sparsity": 0.5294596552848816, "pruning_sqnr": 4.775265692445581, "pruning_mse": 0.0006809234619140625, "pruning_sqnr_corrected": 2.894374620489807, "pruning_mse_corrected": 0.0010499954223632812}, "layer1.1.conv1": {"sample_kurtosis": 12.42894895222015, "quant_sqnr": 5.718451769925296, "quant_mse": 0.0006942001054994762, "quant_sparsity": 0.5713433027267456, "pruning_sqnr": 5.412787317311637, "pruning_mse": 0.0007448196411132812, "pruning_sqnr_corrected": 3.3597869461431413, "pruning_mse_corrected": 0.0011949539184570312}, "layer1.1.conv2": {"sample_kurtosis": 3.963466109574439, "quant_sqnr": 6.648334072681269, "quant_mse": 0.0004186477162875235, "quant_sparsity": 0.5574544072151184, "pruning_sqnr": 4.618739074115526, "pruning_mse": 0.0006680488586425781, "pruning_sqnr_corrected": 2.70254167277571, "pruning_mse_corrected": 0.0010385513305664062}, "layer2.0.conv1": {"sample_kurtosis": 4.257477633649724, "quant_sqnr": 6.4286480678107445, "quant_mse": 0.00039392351754941046, "quant_sparsity": 0.5759684443473816, "pruning_sqnr": 4.814498069828199, "pruning_mse": 0.0005712509155273438, "pruning_sqnr_corrected": 2.736747710075595, "pruning_mse_corrected": 0.0009217262268066406}, "layer2.0.conv2": {"sample_kurtosis": 6.620819794354782, "quant_sqnr": 6.129328616463846, "quant_mse": 0.000282516295555979, "quant_sparsity": 0.5241835117340088, "pruning_sqnr": 4.882541392539991, "pruning_mse": 0.0003764629364013672, "pruning_sqnr_corrected": 3.1152158457006833, "pruning_mse_corrected": 0.0005655288696289062}, "layer2.0.downsample.0": {"sample_kurtosis": 12.537594343681747, "quant_sqnr": 5.345696851782931, "quant_mse": 0.0014582434669137, "quant_sparsity": 0.7259521484375, "pruning_sqnr": 6.530466575648485, "pruning_mse": 0.001110076904296875, "pruning_sqnr_corrected": 3.2912507948773273, "pruning_mse_corrected": 0.0023403167724609375}, "layer2.1.conv1": {"sample_kurtosis": 6.14246657268572, "quant_sqnr": 6.174116519750484, "quant_mse": 0.00028237939113751054, "quant_sparsity": 0.5207451581954956, "pruning_sqnr": 4.75002740850935, "pruning_mse": 0.00039196014404296875, "pruning_sqnr_corrected": 3.0209314058144305, "pruning_mse_corrected": 0.000583648681640625}, "layer2.1.conv2": {"sample_kurtosis": 3.2846113274955986, "quant_sqnr": 6.888431613729078, "quant_mse": 0.00018518007709644735, "quant_sparsity": 0.5014377236366272, "pruning_sqnr": 4.147444707682066, "pruning_mse": 0.00034809112548828125, "pruning_sqnr_corrected": 2.5812064920982025, "pruning_mse_corrected": 0.0004992485046386719}, "layer3.0.conv1": {"sample_kurtosis": 5.879532914227537, "quant_sqnr": 6.2074640721297385, "quant_mse": 0.00020245682389941067, "quant_sparsity": 0.5516154170036316, "pruning_sqnr": 4.5178766027074895, "pruning_mse": 0.0002987384796142578, "pruning_sqnr_corrected": 2.735067733430654, "pruning_mse_corrected": 0.00045037269592285156}, "layer3.0.conv2": {"sample_kurtosis": 5.02239447159579, "quant_sqnr": 6.4298251526522225, "quant_mse": 0.0001428806281182915, "quant_sparsity": 0.4518144428730011, "pruning_sqnr": 4.276206721944234, "pruning_mse": 0.0002346038818359375, "pruning_sqnr_corrected": 2.899604216037344, "pruning_mse_corrected": 0.00032210350036621094}, "layer3.0.downsample.0": {"sample_kurtosis": 4.337758408208524, "quant_sqnr": 6.563195802311197, "quant_mse": 0.00024029603810049593, "quant_sparsity": 0.5316162109375, "pruning_sqnr": 4.529002192059419, "pruning_mse": 0.0003838539123535156, "pruning_sqnr_corrected": 2.7698882947646117, "pruning_mse_corrected": 0.0005755424499511719}, "layer3.1.conv1": {"sample_kurtosis": 4.146776493296534, "quant_sqnr": 6.7080708896215935, "quant_mse": 0.00010725155880209059, "quant_sparsity": 0.4664408266544342, "pruning_sqnr": 4.084707713282391, "pruning_mse": 0.00019621849060058594, "pruning_sqnr_corrected": 2.6849227516550895, "pruning_mse_corrected": 0.000270843505859375}, "layer3.1.conv2": {"sample_kurtosis": 3.5306122448979593, "quant_sqnr": 7.012690279004378, "quant_mse": 8.542495925212279e-05, "quant_sparsity": 0.5097029209136963, "pruning_sqnr": 3.9517570624853966, "pruning_mse": 0.0001728534698486328, "pruning_sqnr_corrected": 2.4183401552834076, "pruning_mse_corrected": 0.0002460479736328125}, "layer4.0.conv1": {"sample_kurtosis": 2.3466644862471497, "quant_sqnr": 6.999838202301683, "quant_mse": 7.930341234896332e-05, "quant_sparsity": 0.37611135840415955, "pruning_sqnr": 3.6884606997613973, "pruning_mse": 0.00016999244689941406, "pruning_sqnr_corrected": 2.6241722285500706, "pruning_mse_corrected": 0.00021719932556152344}, "layer4.0.conv2": {"sample_kurtosis": 2.2922267063954465, "quant_sqnr": 7.344233332364089, "quant_mse": 5.563530430663377e-05, "quant_sparsity": 0.4022589921951294, "pruning_sqnr": 3.5541052822970842, "pruning_mse": 0.00013315677642822266, "pruning_sqnr_corrected": 2.432954083868055, "pruning_mse_corrected": 0.0001723766326904297}, "layer4.0.downsample.0": {"sample_kurtosis": 7.42277752889667, "quant_sqnr": 6.3618665545874045, "quant_mse": 0.0002486122539266944, "quant_sparsity": 0.5133285522460938, "pruning_sqnr": 4.347845647610312, "pruning_mse": 0.0003952980041503906, "pruning_sqnr_corrected": 2.7199178750717214, "pruning_mse_corrected": 0.0005750656127929688}, "layer4.1.conv1": {"sample_kurtosis": 1.1308331584021287, "quant_sqnr": 7.585823447732388, "quant_mse": 5.632446118397638e-05, "quant_sparsity": 0.3461062014102936, "pruning_sqnr": 3.353649619999949, "pruning_mse": 0.00014925003051757812, "pruning_sqnr_corrected": 2.412388975115494, "pruning_mse_corrected": 0.00018537044525146484}, "layer4.1.conv2": {"sample_kurtosis": 2.8868966859482637, "quant_sqnr": 6.587407109752972, "quant_mse": 3.823990118689835e-05, "quant_sparsity": 0.47700753808021545, "pruning_sqnr": 3.666420905998651, "pruning_mse": 7.492303848266602e-05, "pruning_sqnr_corrected": 2.3222000532031233, "pruning_mse_corrected": 0.00010210275650024414}, "fc": {"sample_kurtosis": 3.916147416769517, "quant_sqnr": 5.3370733646662485, "quant_mse": 0.001412027864716947, "quant_sparsity": 0.528027355670929, "pruning_sqnr": 4.421743254419865, "pruning_mse": 0.001743316650390625, "pruning_sqnr_corrected": 2.8386463189788125, "pruning_mse_corrected": 0.00251007080078125}}