{"conv1": {"sample_kurtosis": 5.415205676624328, "quant_sqnr": 25.54670054009081, "quant_mse": 4.2332419980084524e-05, "quant_sparsity": 0.21311649680137634, "pruning_sqnr": 14.988667357859732, "pruning_mse": 0.0004813671112060547, "pruning_sqnr_corrected": 12.260519269998575, "pruning_mse_corrected": 0.0009021759033203125}, "layer1.0.conv1": {"sample_kurtosis": 14.72728476629704, "quant_sqnr": 22.014692825095047, "quant_mse": 3.1663923437008634e-05, "quant_sparsity": 0.2900390625, "pruning_sqnr": 15.208955058721006, "pruning_mse": 0.00015175342559814453, "pruning_sqnr_corrected": 11.933961172641517, "pruning_mse_corrected": 0.00032258033752441406}, "layer1.0.conv2": {"sample_kurtosis": 23.25135001341511, "quant_sqnr": 19.45884153828896, "quant_mse": 9.630243766878266e-06, "quant_sparsity": 0.320366770029068, "pruning_sqnr": 13.976052219214502, "pruning_mse": 3.403425216674805e-05, "pruning_sqnr_corrected": 10.48050432903883, "pruning_mse_corrected": 7.611513137817383e-05}, "layer1.0.conv3": {"sample_kurtosis": 11.414392713312507, "quant_sqnr": 22.176930416820404, "quant_mse": 7.5332891356083564e-06, "quant_sparsity": 0.33648681640625, "pruning_sqnr": 14.888089053666818, "pruning_mse": 4.035234451293945e-05, "pruning_sqnr_corrected": 10.454707939513007, "pruning_mse_corrected": 0.00011199712753295898}, "layer1.0.downsample.0": {"sample_kurtosis": 24.09273649075615, "quant_sqnr": 19.32302972867801, "quant_mse": 3.878612187691033e-05, "quant_sparsity": 0.36456298828125, "pruning_sqnr": 15.739727729492746, "pruning_mse": 8.851289749145508e-05, "pruning_sqnr_corrected": 11.303805699910267, "pruning_mse_corrected": 0.00024580955505371094}, "layer1.1.conv1": {"sample_kurtosis": 4.38512244096737, "quant_sqnr": 24.705604465821466, "quant_mse": 3.178892711730441e-06, "quant_sparsity": 0.2442626953125, "pruning_sqnr": 12.300082369346745, "pruning_mse": 5.53131103515625e-05, "pruning_sqnr_corrected": 9.525373424157834, "pruning_mse_corrected": 0.00010478496551513672}, "layer1.1.conv2": {"sample_kurtosis": 9.799826860450116, "quant_sqnr": 20.397837523731752, "quant_mse": 7.57504312787205e-06, "quant_sparsity": 0.187038853764534, "pruning_sqnr": 11.31473383346842, "pruning_mse": 6.133317947387695e-05, "pruning_sqnr_corrected": 9.493744162268076, "pruning_mse_corrected": 9.328126907348633e-05}, "layer1.1.conv3": {"sample_kurtosis": 7.159383166950734, "quant_sqnr": 23.216582368228575, "quant_mse": 5.04736635775771e-06, "quant_sparsity": 0.2691650390625, "pruning_sqnr": 14.43942103284182, "pruning_mse": 3.808736801147461e-05, "pruning_sqnr_corrected": 10.877755490048465, "pruning_mse_corrected": 8.64863395690918e-05}, "layer1.2.conv1": {"sample_kurtosis": 2.1720606489896515, "quant_sqnr": 26.73834737589681, "quant_mse": 1.9169142433383968e-06, "quant_sparsity": 0.10870361328125, "pruning_sqnr": 10.632234828409645, "pruning_mse": 7.82012939453125e-05, "pruning_sqnr_corrected": 9.57142506507742, "pruning_mse_corrected": 9.98377799987793e-05}, "layer1.2.conv2": {"sample_kurtosis": 2.0840201483573955, "quant_sqnr": 25.17682531509617, "quant_mse": 3.0662920380564174e-06, "quant_sparsity": 0.081678606569767, "pruning_sqnr": 9.699000985783435, "pruning_mse": 0.00010824203491210938, "pruning_sqnr_corrected": 8.965774828478043, "pruning_mse_corrected": 0.00012814998626708984}, "layer1.2.conv3": {"sample_kurtosis": 6.9628969497227065, "quant_sqnr": 23.912541357276332, "quant_mse": 3.951355665776646e-06, "quant_sparsity": 0.26220703125, "pruning_sqnr": 16.445184303508473, "pruning_mse": 2.205371856689453e-05, "pruning_sqnr_corrected": 12.575136168759007, "pruning_mse_corrected": 5.3763389587402344e-05}, "layer2.0.conv1": {"sample_kurtosis": 4.958802353655539, "quant_sqnr": 23.394141470016873, "quant_mse": 5.753092409577221e-06, "quant_sparsity": 0.117584228515625, "pruning_sqnr": 11.126478399770573, "pruning_mse": 9.697675704956055e-05, "pruning_sqnr_corrected": 10.014026812216922, "pruning_mse_corrected": 0.0001252889633178711}, "layer2.0.conv2": {"sample_kurtosis": 3.0359341440681398, "quant_sqnr": 23.255225256931645, "quant_mse": 2.3480929485231172e-06, "quant_sparsity": 0.0885348841547966, "pruning_sqnr": 9.705928515793262, "pruning_mse": 5.316734313964844e-05, "pruning_sqnr_corrected": 8.919800007466712, "pruning_mse_corrected": 6.371736526489258e-05}, "layer2.0.conv3": {"sample_kurtosis": 11.085953366504418, "quant_sqnr": 21.42909279956624, "quant_mse": 5.6753979151835665e-06, "quant_sparsity": 0.274749755859375, "pruning_sqnr": 13.796864144792726, "pruning_mse": 3.2901763916015625e-05, "pruning_sqnr_corrected": 10.586676581239612, "pruning_mse_corrected": 6.890296936035156e-05}, "layer2.0.downsample.0": {"sample_kurtosis": 32.10857142857143, "quant_sqnr": 17.959823063509603, "quant_mse": 8.550537131668534e-06, "quant_sparsity": 0.32209014892578125, "pruning_sqnr": 13.927889745508041, "pruning_mse": 2.1636486053466797e-05, "pruning_sqnr_corrected": 10.479800543082359, "pruning_mse_corrected": 4.786252975463867e-05}, "layer2.1.conv1": {"sample_kurtosis": 14.026156989171124, "quant_sqnr": 20.717996454314562, "quant_mse": 2.352303908992326e-06, "quant_sparsity": 0.2943115234375, "pruning_sqnr": 14.079415836567573, "pruning_mse": 1.0848045349121094e-05, "pruning_sqnr_corrected": 10.76948364615333, "pruning_mse_corrected": 2.3245811462402344e-05}, "layer2.1.conv2": {"sample_kurtosis": 14.059558517284465, "quant_sqnr": 20.224416708336364, "quant_mse": 3.550131850715843e-06, "quant_sparsity": 0.190578892827034, "pruning_sqnr": 12.496313442885594, "pruning_mse": 2.104043960571289e-05, "pruning_sqnr_corrected": 10.706788406498099, "pruning_mse_corrected": 3.17692756652832e-05}, "layer2.1.conv3": {"sample_kurtosis": 16.382269549684672, "quant_sqnr": 20.62031688822024, "quant_mse": 4.230836566421203e-06, "quant_sparsity": 0.309173583984375, "pruning_sqnr": 16.07826464543844, "pruning_mse": 1.2040138244628906e-05, "pruning_sqnr_corrected": 12.485358584343425, "pruning_mse_corrected": 2.753734588623047e-05}, "layer2.2.conv1": {"sample_kurtosis": 6.682142197599262, "quant_sqnr": 23.266671744837698, "quant_mse": 2.5644164907134837e-06, "quant_sparsity": 0.1296234130859375, "pruning_sqnr": 10.929081435511067, "pruning_mse": 4.392862319946289e-05, "pruning_sqnr_corrected": 9.740518543593929, "pruning_mse_corrected": 5.7756900787353516e-05}, "layer2.2.conv2": {"sample_kurtosis": 5.770254390036843, "quant_sqnr": 22.782982945159198, "quant_mse": 2.4570310870331014e-06, "quant_sparsity": 0.112684465944767, "pruning_sqnr": 10.477108238128864, "pruning_mse": 4.178285598754883e-05, "pruning_sqnr_corrected": 9.479602566477253, "pruning_mse_corrected": 5.257129669189453e-05}, "layer2.2.conv3": {"sample_kurtosis": 6.901955913139616, "quant_sqnr": 21.90790893697116, "quant_mse": 4.416070169099839e-06, "quant_sparsity": 0.1273345947265625, "pruning_sqnr": 10.769204680016347, "pruning_mse": 5.739927291870117e-05, "pruning_sqnr_corrected": 9.598316685530875, "pruning_mse_corrected": 7.516145706176758e-05}, "layer2.3.conv1": {"sample_kurtosis": 2.967117585848075, "quant_sqnr": 24.15189717517123, "quant_mse": 2.276679879287258e-06, "quant_sparsity": 0.0848541259765625, "pruning_sqnr": 9.831112613128845, "pruning_mse": 6.157159805297852e-05, "pruning_sqnr_corrected": 9.073064713931071, "pruning_mse_corrected": 7.331371307373047e-05}, "layer2.3.conv2": {"sample_kurtosis": 1.9648081860807407, "quant_sqnr": 25.5885418057348, "quant_mse": 1.3878947129342123e-06, "quant_sparsity": 0.07305908203125, "pruning_sqnr": 9.477500809310575, "pruning_mse": 5.6684017181396484e-05, "pruning_sqnr_corrected": 8.829615244752913, "pruning_mse_corrected": 6.580352783203125e-05}, "layer2.3.conv3": {"sample_kurtosis": 6.035920915712799, "quant_sqnr": 22.357349039786882, "quant_mse": 3.4443423828633968e-06, "quant_sparsity": 0.13421630859375, "pruning_sqnr": 11.4022861920232, "pruning_mse": 4.291534423828125e-05, "pruning_sqnr_corrected": 10.121346415505867, "pruning_mse_corrected": 5.7637691497802734e-05},