{"conv1": {"sample_kurtosis": 5.415205676624328, "quant_sqnr": 31.128267394242588, "quant_mse": 1.1708908459695522e-05, "quant_sparsity": 0.12978315353393555, "pruning_sqnr": 17.151584920026085, "pruning_mse": 0.0002925395965576172, "pruning_sqnr_corrected": 15.18445745721839, "pruning_mse_corrected": 0.0004601478576660156}, "layer1.0.conv1": {"sample_kurtosis": 14.72728476629704, "quant_sqnr": 27.530165827407597, "quant_mse": 8.892367986845784e-06, "quant_sparsity": 0.208984375, "pruning_sqnr": 17.21820382835592, "pruning_mse": 9.554624557495117e-05, "pruning_sqnr_corrected": 14.323210064633383, "pruning_mse_corrected": 0.00018608570098876953}, "layer1.0.conv2": {"sample_kurtosis": 23.25135001341511, "quant_sqnr": 24.348697846623352, "quant_mse": 3.123572923868778e-06, "quant_sparsity": 0.249538853764534, "pruning_sqnr": 16.00358303523424, "pruning_mse": 2.1338462829589844e-05, "pruning_sqnr_corrected": 12.577151126777428, "pruning_mse_corrected": 4.696846008300781e-05}, "layer1.0.conv3": {"sample_kurtosis": 11.414392713312507, "quant_sqnr": 27.374578655480345, "quant_mse": 2.2762492335459683e-06, "quant_sparsity": 0.25982666015625, "pruning_sqnr": 17.407583640837537, "pruning_mse": 2.2590160369873047e-05, "pruning_sqnr_corrected": 13.015298550883205, "pruning_mse_corrected": 6.210803985595703e-05}, "layer1.0.downsample.0": {"sample_kurtosis": 24.09273649075615, "quant_sqnr": 23.811065831139267, "quant_mse": 1.379979858029401e-05, "quant_sparsity": 0.27960205078125, "pruning_sqnr": 17.90492689060564, "pruning_mse": 5.3763389587402344e-05, "pruning_sqnr_corrected": 13.775983748931544, "pruning_mse_corrected": 0.00013911724090576172}, "layer1.1.conv1": {"sample_kurtosis": 4.38512244096737, "quant_sqnr": 29.774716189805268, "quant_mse": 9.89383579508285e-07, "quant_sparsity": 0.207763671875, "pruning_sqnr": 14.416813574810451, "pruning_mse": 3.3974647521972656e-05, "pruning_sqnr_corrected": 11.406513618170639, "pruning_mse_corrected": 6.794929504394531e-05}, "layer1.1.conv2": {"sample_kurtosis": 9.799826860450116, "quant_sqnr": 24.07614990712675, "quant_mse": 3.2475352327310247e-06, "quant_sparsity": 0.156982421875, "pruning_sqnr": 13.050396673720195, "pruning_mse": 4.112720489501953e-05, "pruning_sqnr_corrected": 11.149110529004968, "pruning_mse_corrected": 6.371736526489258e-05}, "layer1.1.conv3": {"sample_kurtosis": 7.159383166950734, "quant_sqnr": 28.438187004287872, "quant_mse": 1.516716338301194e-06, "quant_sparsity": 0.1751708984375, "pruning_sqnr": 16.82416595283522, "pruning_mse": 2.199411392211914e-05, "pruning_sqnr_corrected": 13.921104650113138, "pruning_mse_corrected": 4.291534423828125e-05}, "layer1.2.conv1": {"sample_kurtosis": 2.1720606489896515, "quant_sqnr": 32.00856743736492, "quant_mse": 5.696140306099551e-07, "quant_sparsity": 0.0740966796875, "pruning_sqnr": 12.337235959935553, "pruning_mse": 5.2809715270996094e-05, "pruning_sqnr_corrected": 11.437308199399824, "pruning_mse_corrected": 6.496906280517578e-05}, "layer1.2.conv2": {"sample_kurtosis": 2.0840201483573955, "quant_sqnr": 29.798302791616518, "quant_mse": 1.0579515219433233e-06, "quant_sparsity": 0.0479058176279068, "pruning_sqnr": 11.26925417251573, "pruning_mse": 7.539987564086914e-05, "pruning_sqnr_corrected": 10.73072924791573, "pruning_mse_corrected": 8.535385131835938e-05}, "layer1.2.conv3": {"sample_kurtosis": 6.9628969497227065, "quant_sqnr": 28.925441913677385, "quant_mse": 1.24582220450975e-06, "quant_sparsity": 0.15911865234375, "pruning_sqnr": 18.823063810686516, "pruning_mse": 1.2755393981933594e-05, "pruning_sqnr_corrected": 16.16123058791382, "pruning_mse_corrected": 2.3543834686279297e-05}, "layer2.0.conv1": {"sample_kurtosis": 4.958802353655539, "quant_sqnr": 28.266439921479204, "quant_mse": 1.8735768207989167e-06, "quant_sparsity": 0.071258544921875, "pruning_sqnr": 12.755935893635113, "pruning_mse": 6.663799285888672e-05, "pruning_sqnr_corrected": 11.933800438918851, "pruning_mse_corrected": 8.052587509155273e-05}, "layer2.0.conv2": {"sample_kurtosis": 3.0359341440681398, "quant_sqnr": 27.22489445428856, "quant_mse": 9.413440125172201e-07, "quant_sparsity": 0.0628865584731102, "pruning_sqnr": 11.257731162730254, "pruning_mse": 3.719329833984375e-05, "pruning_sqnr_corrected": 10.564466248970575, "pruning_mse_corrected": 4.363059997558594e-05}, "layer2.0.conv3": {"sample_kurtosis": 11.085953366504418, "quant_sqnr": 26.109876143557553, "quant_mse": 1.9316034922667313e-06, "quant_sparsity": 0.21966552734375, "pruning_sqnr": 15.888711132159736, "pruning_mse": 2.0325183868408203e-05, "pruning_sqnr_corrected": 12.72206078411572, "pruning_mse_corrected": 4.214048385620117e-05}, "layer2.0.downsample.0": {"sample_kurtosis": 32.10857142857143, "quant_sqnr": 21.880376485504133, "quant_mse": 3.466873977231444e-06, "quant_sparsity": 0.263214111328125, "pruning_sqnr": 15.909677635693239, "pruning_mse": 1.3709068298339844e-05, "pruning_sqnr_corrected": 12.375282417384588, "pruning_mse_corrected": 3.0934810638427734e-05}, "layer2.1.conv1": {"sample_kurtosis": 14.026156989171124, "quant_sqnr": 25.43825785109376, "quant_mse": 7.933545020932797e-07, "quant_sparsity": 0.2301483154296875, "pruning_sqnr": 16.14934528158412, "pruning_mse": 6.735324859619141e-06, "pruning_sqnr_corrected": 12.896150706936943, "pruning_mse_corrected": 1.424551010131836e-05}, "layer2.1.conv2": {"sample_kurtosis": 14.059558517284465, "quant_sqnr": 24.876874201268176, "quant_mse": 1.2161824542999966e-06, "quant_sparsity": 0.1223076730966568, "pruning_sqnr": 14.117997760780698, "pruning_mse": 1.4483928680419922e-05, "pruning_sqnr_corrected": 12.723612426395368, "pruning_mse_corrected": 1.996755599975586e-05}, "layer2.1.conv3": {"sample_kurtosis": 16.382269549684672, "quant_sqnr": 25.514847901078937, "quant_mse": 1.3707970083487453e-06, "quant_sparsity": 0.19903564453125, "pruning_sqnr": 17.99234481683631, "pruning_mse": 7.748603820800781e-06, "pruning_sqnr_corrected": 15.311607914155996, "pruning_mse_corrected": 1.436471939086914e-05}, "layer2.2.conv1": {"sample_kurtosis": 6.682142197599262, "quant_sqnr": 28.40736457823848, "quant_mse": 7.850896963645937e-07, "quant_sparsity": 0.0788726806640625, "pruning_sqnr": 12.536578490733994, "pruning_mse": 3.0338764190673828e-05, "pruning_sqnr_corrected": 11.638012981997285, "pruning_mse_corrected": 3.731250762939453e-05}, "layer2.2.conv2": {"sample_kurtosis": 5.770254390036843, "quant_sqnr": 27.337359065499776, "quant_mse": 8.60940303937241e-07, "quant_sparsity": 0.0698309987783432, "pruning_sqnr": 12.032327617510315, "pruning_mse": 2.9206275939941406e-05, "pruning_sqnr_corrected": 11.262729756973647, "pruning_mse_corrected": 3.4868717193603516e-05}, "layer2.2.conv3": {"sample_kurtosis": 6.901955913139616, "quant_sqnr": 26.454538861841232, "quant_mse": 1.5501473171752878e-06, "quant_sparsity": 0.07989501953125, "pruning_sqnr": 12.383786757581518, "pruning_mse": 3.9577484130859375e-05, "pruning_sqnr_corrected": 11.472628533657508, "pruning_mse_corrected": 4.881620407104492e-05}, "layer2.3.conv1": {"sample_kurtosis": 2.967117585848075, "quant_sqnr": 28.491339090664404, "quant_mse": 8.382195346712251e-07, "quant_sparsity": 0.0542449951171875, "pruning_sqnr": 11.386743852628658, "pruning_mse": 4.303455352783203e-05, "pruning_sqnr_corrected": 10.78133490456431, "pruning_mse_corrected": 4.947185516357422e-05}, "layer2.3.conv2": {"sample_kurtosis": 1.9648081860807407, "quant_sqnr": 30.24731471761612, "quant_mse": 4.7476558506787114e-07, "quant_sparsity": 0.04302978515625, "pruning_sqnr": 11.018047639519224, "pruning_mse": 3.975629806518555e-05, "pruning_sqnr_corrected": 10.543576623225928, "pruning_mse_corrected": 4.4345855712890625e-05}, "layer2.3.conv3": {"sample_kurtosis": 6.035920915712799, "quant_sqnr": 26.841721411362364, "quant_mse": 1.2265043096704176e-06, "quant_sparsity": 0.08544921875, "pruning_sqnr": 13.055960128662282, "pruning_mse": 2.9325485229492188e-05, "pruning_sqnr_corrected": 12.058704666134703, "pruning_mse_corrected": 3.68952751159668e-05},