{"conv1": {"sample_kurtosis": 7.570870350522625, "quant_sqnr": 36.21690630187424, "quant_mse": 3.111952537437901e-06, "quant_sparsity": 0.10097789019346237, "pruning_sqnr": 20.30026264984462, "pruning_mse": 0.00012153387069702148, "pruning_sqnr_corrected": 18.475217781764513, "pruning_mse_corrected": 0.0001850128173828125}, "layer1.0.conv1": {"sample_kurtosis": 28.208650047665266, "quant_sqnr": 31.547451315848033, "quant_mse": 2.4535454485885566e-06, "quant_sparsity": 0.4013671875, "pruning_sqnr": 30.058311410627773, "pruning_mse": 3.4570693969726562e-06, "pruning_sqnr_corrected": 18.710826511280377, "pruning_mse_corrected": 4.7147274017333984e-05}, "layer1.0.conv2": {"sample_kurtosis": 16.83142244334314, "quant_sqnr": 34.61305132377441, "quant_mse": 2.5451433884882135e-06, "quant_sparsity": 0.3537326455116272, "pruning_sqnr": 27.88541225571172, "pruning_mse": 1.1980533599853516e-05, "pruning_sqnr_corrected": 18.521875621511878, "pruning_mse_corrected": 0.00010347366333007812}, "layer1.0.conv3": {"sample_kurtosis": 28.643219366885763, "quant_sqnr": 28.554527882046994, "quant_mse": 1.813189328458975e-06, "quant_sparsity": 0.305267333984375, "pruning_sqnr": 21.863274941075417, "pruning_mse": 8.463859558105469e-06, "pruning_sqnr_corrected": 15.270408326200052, "pruning_mse_corrected": 3.8623809814453125e-05}, "layer1.0.downsample.0": {"sample_kurtosis": 16.943482160537688, "quant_sqnr": 33.36762945561583, "quant_mse": 1.0329384849683265e-06, "quant_sparsity": 0.25616455078125, "pruning_sqnr": 23.275840336982192, "pruning_mse": 1.055002212524414e-05, "pruning_sqnr_corrected": 17.673463271358038, "pruning_mse_corrected": 3.832578659057617e-05}, "layer1.1.conv1": {"sample_kurtosis": 10.083933616194535, "quant_sqnr": 32.75126593393277, "quant_mse": 3.725214696714829e-07, "quant_sparsity": 0.376678466796875, "pruning_sqnr": 25.146952962261363, "pruning_mse": 2.1457672119140625e-06, "pruning_sqnr_corrected": 13.96136656255612, "pruning_mse_corrected": 2.8192996978759766e-05}, "layer1.1.conv2": {"sample_kurtosis": 6.468661739078181, "quant_sqnr": 35.716242477868654, "quant_mse": 1.0556392453509034e-06, "quant_sparsity": 0.2862413227558136, "pruning_sqnr": 21.08052442233889, "pruning_mse": 3.069639205932617e-05, "pruning_sqnr_corrected": 14.342533976767676, "pruning_mse_corrected": 0.00014483928680419922}, "layer1.1.conv3": {"sample_kurtosis": 10.17172730062543, "quant_sqnr": 30.201847009376728, "quant_mse": 8.780467055657937e-07, "quant_sparsity": 0.2467041015625, "pruning_sqnr": 19.073888473881006, "pruning_mse": 1.138448715209961e-05, "pruning_sqnr_corrected": 14.066668399833592, "pruning_mse_corrected": 3.606081008911133e-05}, "layer1.2.conv1": {"sample_kurtosis": 2.768180892564734, "quant_sqnr": 36.22723638771498, "quant_mse": 1.7971251509152353e-07, "quant_sparsity": 0.0899658203125, "pruning_sqnr": 14.290009497952564, "pruning_mse": 2.8073787689208984e-05, "pruning_sqnr_corrected": 12.897771601237835, "pruning_mse_corrected": 3.8683414459228516e-05}, "layer1.2.conv2": {"sample_kurtosis": 0.7092219048851116, "quant_sqnr": 39.949513214845865, "quant_mse": 3.6721257856697775e-07, "quant_sparsity": 0.0989583358168602, "pruning_sqnr": 13.666191243921894, "pruning_mse": 0.00015604496002197266, "pruning_sqnr_corrected": 12.027528425492784, "pruning_mse_corrected": 0.0002275705337524414}, "layer1.2.conv3": {"sample_kurtosis": 8.415310757684333, "quant_sqnr": 28.239119694011883, "quant_mse": 1.1622819329204503e-06, "quant_sparsity": 0.12945556640625, "pruning_sqnr": 16.06087480611006, "pruning_mse": 1.919269561767578e-05, "pruning_sqnr_corrected": 13.996135925616038, "pruning_mse_corrected": 3.0875205993652344e-05}, "layer2.0.conv1": {"sample_kurtosis": 8.979635215635087, "quant_sqnr": 28.298439969228188, "quant_mse": 1.7427016700821696e-06, "quant_sparsity": 0.0760955810546875, "pruning_sqnr": 14.563088928774109, "pruning_mse": 4.118680953979492e-05, "pruning_sqnr_corrected": 13.473739744730082, "pruning_mse_corrected": 5.2928924560546875e-05}, "layer2.0.conv2": {"sample_kurtosis": 2.0766111465565773, "quant_sqnr": 38.62550230382369, "quant_mse": 2.3884311417532444e-07, "quant_sparsity": 0.0448133684694767, "pruning_sqnr": 15.38526142498726, "pruning_mse": 5.036592483520508e-05, "pruning_sqnr_corrected": 14.684336029530371, "pruning_mse_corrected": 5.918741226196289e-05}, "layer2.0.conv3": {"sample_kurtosis": 9.554638953077669, "quant_sqnr": 30.86661947057514, "quant_mse": 5.643856866299757e-07, "quant_sparsity": 0.0673065185546875, "pruning_sqnr": 14.831742374677003, "pruning_mse": 2.2649765014648438e-05, "pruning_sqnr_corrected": 13.844394550443964, "pruning_mse_corrected": 2.8431415557861328e-05}, "layer2.0.downsample.0": {"sample_kurtosis": 32.8401264855949, "quant_sqnr": 26.9814015187725, "quant_mse": 8.217285767386784e-07, "quant_sparsity": 0.09816741943359375, "pruning_sqnr": 15.431222120739182, "pruning_mse": 1.1742115020751953e-05, "pruning_sqnr_corrected": 14.046191473611056, "pruning_mse_corrected": 1.615285873413086e-05}, "layer2.1.conv1": {"sample_kurtosis": 11.759695509211296, "quant_sqnr": 29.38527927110078, "quant_mse": 3.2740734923208947e-07, "quant_sparsity": 0.07917022705078125, "pruning_sqnr": 15.230002092671182, "pruning_mse": 8.52346420288086e-06, "pruning_sqnr_corrected": 14.06494640195681, "pruning_mse_corrected": 1.1146068572998047e-05}, "layer2.1.conv2": {"sample_kurtosis": 4.463094109861689, "quant_sqnr": 34.703339290529364, "quant_mse": 5.786342853753013e-07, "quant_sparsity": 0.0564778633415699, "pruning_sqnr": 14.070782317205735, "pruning_mse": 6.693601608276367e-05, "pruning_sqnr_corrected": 13.245582180375484, "pruning_mse_corrected": 8.094310760498047e-05}, "layer2.1.conv3": {"sample_kurtosis": 8.29054754045826, "quant_sqnr": 29.635148855444204, "quant_mse": 5.124035737935628e-07, "quant_sparsity": 0.066314697265625, "pruning_sqnr": 14.280249156014087, "pruning_mse": 1.7583370208740234e-05, "pruning_sqnr_corrected": 13.331808673274823, "pruning_mse_corrected": 2.187490463256836e-05}, "layer2.2.conv1": {"sample_kurtosis": 5.5936173351472736, "quant_sqnr": 31.5352687726487, "quant_mse": 2.4828722189340624e-07, "quant_sparsity": 0.04869842529296875, "pruning_sqnr": 13.649611770444949, "pruning_mse": 1.52587890625e-05, "pruning_sqnr_corrected": 12.975299540319147, "pruning_mse_corrected": 1.7821788787841797e-05}, "layer2.2.conv2": {"sample_kurtosis": 2.131323311217491, "quant_sqnr": 34.2618051943784, "quant_mse": 5.426144298326108e-07, "quant_sparsity": 0.0340711809694767, "pruning_sqnr": 13.116734038692638, "pruning_mse": 7.063150405883789e-05, "pruning_sqnr_corrected": 12.62848230146632, "pruning_mse_corrected": 7.903575897216797e-05}, "layer2.2.conv3": {"sample_kurtosis": 7.328631996949268, "quant_sqnr": 29.236733413423547, "quant_mse": 4.800609758603969e-07, "quant_sparsity": 0.05889892578125, "pruning_sqnr": 13.840854376253734, "pruning_mse": 1.6629695892333984e-05, "pruning_sqnr_corrected": 13.007729406213162, "pruning_mse_corrected": 2.014636993408203e-05}, "layer2.3.conv1": {"sample_kurtosis": 5.855549874164874, "quant_sqnr": 32.16194103439606, "quant_mse": 2.3405532090237102e-07, "quant_sparsity": 0.04274749755859375, "pruning_sqnr": 13.599834096757231, "pruning_mse": 1.6808509826660156e-05, "pruning_sqnr_corrected": 12.99687507788472, "pruning_mse_corrected": 1.9311904907226562e-05}, "layer2.3.conv2": {"sample_kurtosis": 2.195901670106962, "quant_sqnr": 34.93958670786667, "quant_mse": 4.4738945348399284e-07, "quant_sparsity": 0.03564453125, "pruning_sqnr": 13.379558445296116, "pruning_mse": 6.407499313354492e-05, "pruning_sqnr_corrected": 12.865789384647854, "pruning_mse_corrected": 7.212162017822266e-05}, "layer2.3.conv3": {"sample_kurtosis": 10.144361148609367, "quant_sqnr": 28.557053115009843, "quant_mse": 5.075441436019901e-07, "quant_sparsity": 0.0694580078125, "pruning_sqnr": 14.554852550351926, "pruning_mse": 1.2755393981933594e-05, "pruning_sqnr_corrected": 13.561467483819756,