{"conv1": {"sample_kurtosis": 5.415205676624328, "quant_sqnr": 15.513201179748721, "quant_mse": 0.0004266021423973143, "quant_sparsity": 0.4522746503353119, "pruning_sqnr": 10.68723606669156, "pruning_mse": 0.0012960433959960938, "pruning_sqnr_corrected": 6.727694601399272, "pruning_mse_corrected": 0.0032253265380859375}, "layer1.0.conv1": {"sample_kurtosis": 14.72728476629704, "quant_sqnr": 13.089908259789151, "quant_mse": 0.00024719699285924435, "quant_sparsity": 0.52197265625, "pruning_sqnr": 11.45142122696587, "pruning_mse": 0.0003604888916015625, "pruning_sqnr_corrected": 7.405889434623219, "pruning_mse_corrected": 0.0009150505065917969}, "layer1.0.conv2": {"sample_kurtosis": 23.25135001341511, "quant_sqnr": 11.284629430717505, "quant_mse": 6.324970308924094e-05, "quant_sparsity": 0.5131022334098816, "pruning_sqnr": 10.346555552055143, "pruning_mse": 7.849931716918945e-05, "pruning_sqnr_corrected": 6.671029546901117, "pruning_mse_corrected": 0.00018298625946044922}, "layer1.0.conv3": {"sample_kurtosis": 11.414392713312507, "quant_sqnr": 13.339493903486783, "quant_mse": 5.764057277701795e-05, "quant_sparsity": 0.51531982421875, "pruning_sqnr": 10.494178974065022, "pruning_mse": 0.00011098384857177734, "pruning_sqnr_corrected": 6.2042756971580735, "pruning_mse_corrected": 0.0002980232238769531}, "layer1.0.downsample.0": {"sample_kurtosis": 24.09273649075615, "quant_sqnr": 11.63094288222982, "quant_mse": 0.00022797385463491082, "quant_sparsity": 0.5789794921875, "pruning_sqnr": 11.679777020934846, "pruning_mse": 0.00022542476654052734, "pruning_sqnr_corrected": 6.78256383826125, "pruning_mse_corrected": 0.0006961822509765625}, "layer1.1.conv1": {"sample_kurtosis": 4.38512244096737, "quant_sqnr": 15.405291747297763, "quant_mse": 2.7058713385486044e-05, "quant_sparsity": 0.37469482421875, "pruning_sqnr": 8.563195899148441, "pruning_mse": 0.00013077259063720703, "pruning_sqnr_corrected": 5.957134233714383, "pruning_mse_corrected": 0.00023829936981201172}, "layer1.1.conv2": {"sample_kurtosis": 9.799826860450116, "quant_sqnr": 13.36821202465337, "quant_mse": 3.822501457761973e-05, "quant_sparsity": 0.3286404013633728, "pruning_sqnr": 8.13069291613438, "pruning_mse": 0.00012767314910888672, "pruning_sqnr_corrected": 6.103708960923074, "pruning_mse_corrected": 0.00020360946655273438}, "layer1.1.conv3": {"sample_kurtosis": 7.159383166950734, "quant_sqnr": 14.342922137108376, "quant_mse": 3.894312976626679e-05, "quant_sparsity": 0.47314453125, "pruning_sqnr": 10.064049127562878, "pruning_mse": 0.0001043081283569336, "pruning_sqnr_corrected": 6.151672668166382, "pruning_mse_corrected": 0.0002567768096923828}, "layer1.2.conv1": {"sample_kurtosis": 2.1720606489896515, "quant_sqnr": 16.74160281216379, "quant_mse": 1.9154778783558868e-05, "quant_sparsity": 0.2437744140625, "pruning_sqnr": 7.459502146398586, "pruning_mse": 0.00016236305236816406, "pruning_sqnr_corrected": 5.954710394281092, "pruning_mse_corrected": 0.0002295970916748047}, "layer1.2.conv2": {"sample_kurtosis": 2.0840201483573955, "quant_sqnr": 16.326720482175624, "quant_mse": 2.3530112230218947e-05, "quant_sparsity": 0.2019585520029068, "pruning_sqnr": 6.814873663036276, "pruning_mse": 0.00021028518676757812, "pruning_sqnr_corrected": 5.685299269784421, "pruning_mse_corrected": 0.0002727508544921875}, "layer1.2.conv3": {"sample_kurtosis": 6.9628969497227065, "quant_sqnr": 14.84294486770603, "quant_mse": 3.1893763662083074e-05, "quant_sparsity": 0.5418701171875, "pruning_sqnr": 11.527782663558877, "pruning_mse": 6.842613220214844e-05, "pruning_sqnr_corrected": 6.212103454231882, "pruning_mse_corrected": 0.000232696533203125}, "layer2.0.conv1": {"sample_kurtosis": 4.958802353655539, "quant_sqnr": 14.539639197764467, "quant_mse": 4.419280594447628e-05, "quant_sparsity": 0.29046630859375, "pruning_sqnr": 8.015911594075959, "pruning_mse": 0.00019848346710205078, "pruning_sqnr_corrected": 6.219496714780909, "pruning_mse_corrected": 0.0003001689910888672}, "layer2.0.conv2": {"sample_kurtosis": 3.0359341440681398, "quant_sqnr": 15.773494522106311, "quant_mse": 1.3148867765266914e-05, "quant_sparsity": 0.2181193083524704, "pruning_sqnr": 6.8416860654615625, "pruning_mse": 0.00010281801223754883, "pruning_sqnr_corrected": 5.637854482324157, "pruning_mse_corrected": 0.00013566017150878906}, "layer2.0.conv3": {"sample_kurtosis": 11.085953366504418, "quant_sqnr": 13.018356713075264, "quant_mse": 3.936134453397244e-05, "quant_sparsity": 0.459197998046875, "pruning_sqnr": 9.922578964854859, "pruning_mse": 8.028745651245117e-05, "pruning_sqnr_corrected": 6.390377226817039, "pruning_mse_corrected": 0.00018107891082763672}, "layer2.0.downsample.0": {"sample_kurtosis": 32.10857142857143, "quant_sqnr": 10.806442298677652, "quant_mse": 4.439473559614271e-05, "quant_sparsity": 0.5250167846679688, "pruning_sqnr": 10.362416510369917, "pruning_mse": 4.9173831939697266e-05, "pruning_sqnr_corrected": 6.693943708833672, "pruning_mse_corrected": 0.00011444091796875}, "layer2.1.conv1": {"sample_kurtosis": 14.026156989171124, "quant_sqnr": 12.612995931939277, "quant_mse": 1.5205247109406628e-05, "quant_sparsity": 0.470306396484375, "pruning_sqnr": 10.345445160622456, "pruning_mse": 2.562999725341797e-05, "pruning_sqnr_corrected": 6.834856582980395, "pruning_mse_corrected": 5.751848220825195e-05}, "layer2.1.conv2": {"sample_kurtosis": 14.059558517284465, "quant_sqnr": 12.100216161973536, "quant_mse": 2.3049660740070976e-05, "quant_sparsity": 0.4098035991191864, "pruning_sqnr": 9.400735532451135, "pruning_mse": 4.291534423828125e-05, "pruning_sqnr_corrected": 6.798033579862977, "pruning_mse_corrected": 7.814168930053711e-05}, "layer2.1.conv3": {"sample_kurtosis": 16.382269549684672, "quant_sqnr": 12.47382090175041, "quant_mse": 2.7610600227490067e-05, "quant_sparsity": 0.5616302490234375, "pruning_sqnr": 12.19450885066821, "pruning_mse": 2.944469451904297e-05, "pruning_sqnr_corrected": 7.222861170682984, "pruning_mse_corrected": 9.250640869140625e-05}, "layer2.2.conv1": {"sample_kurtosis": 6.682142197599262, "quant_sqnr": 13.987299163946311, "quant_mse": 2.172330096072983e-05, "quant_sparsity": 0.318450927734375, "pruning_sqnr": 7.951313052848473, "pruning_mse": 8.720159530639648e-05, "pruning_sqnr_corrected": 6.10515549217827, "pruning_mse_corrected": 0.00013339519500732422}, "layer2.2.conv2": {"sample_kurtosis": 5.770254390036843, "quant_sqnr": 14.235345434515239, "quant_mse": 1.758629696269054e-05, "quant_sparsity": 0.2810465395450592, "pruning_sqnr": 7.60848994119808, "pruning_mse": 8.088350296020508e-05, "pruning_sqnr_corrected": 6.02949028448872, "pruning_mse_corrected": 0.0001163482666015625}, "layer2.2.conv3": {"sample_kurtosis": 6.901955913139616, "quant_sqnr": 13.715708546914431, "quant_mse": 2.9124334105290473e-05, "quant_sparsity": 0.2982635498046875, "pruning_sqnr": 7.781512503836437, "pruning_mse": 0.00011420249938964844, "pruning_sqnr_corrected": 6.05092786347541, "pruning_mse_corrected": 0.00017011165618896484}, "layer2.3.conv1": {"sample_kurtosis": 2.967117585848075, "quant_sqnr": 15.498686082658566, "quant_mse": 1.6696409147698432e-05, "quant_sparsity": 0.219024658203125, "pruning_sqnr": 6.950972058763039, "pruning_mse": 0.0001195073127746582, "pruning_sqnr_corrected": 5.726566062257918, "pruning_mse_corrected": 0.00015842914581298828}, "layer2.3.conv2": {"sample_kurtosis": 1.9648081860807407, "quant_sqnr": 16.369532797815715, "quant_mse": 1.159464409283828e-05, "quant_sparsity": 0.209499791264534, "pruning_sqnr": 6.632422535667749, "pruning_mse": 0.00010913610458374023, "pruning_sqnr_corrected": 5.486243468002726, "pruning_mse_corrected": 0.00014209747314453125}, "layer2.3.conv3": {"sample_kurtosis": 6.035920915712799, "quant_sqnr": 14.099526299356622, "quant_mse": 2.3061555111780763e-05, "quant_sparsity": 0.2999420166015625, "pruning_sqnr": 8.281806203216389, "pruning_mse": 8.803606033325195e-05, "pruning_sqnr_corrected": 6.403888579105548, "pruning_mse_corrected": 0.00013566017150878906},