{"conv1": {"sample_kurtosis": 8.060647551853004, "quant_sqnr": 6.363536219298376, "quant_mse": 0.003498621517792344, "quant_sparsity": 0.7512754797935486, "pruning_sqnr": 7.019888090981934, "pruning_mse": 0.0030078887939453125, "pruning_sqnr_corrected": 2.749199002226061, "pruning_mse_corrected": 0.0080413818359375}, "layer1.0.conv1": {"sample_kurtosis": 22.371746742773325, "quant_sqnr": 5.386911096844294, "quant_mse": 0.0005263654165901244, "quant_sparsity": 0.7644585371017456, "pruning_sqnr": 7.1680073700591045, "pruning_mse": 0.00034928321838378906, "pruning_sqnr_corrected": 3.46585206536834, "pruning_mse_corrected": 0.0008192062377929688}, "layer1.0.conv2": {"sample_kurtosis": 6.786749882291524, "quant_sqnr": 6.207896832188733, "quant_mse": 0.0002909241884481162, "quant_sparsity": 0.6251899003982544, "pruning_sqnr": 5.052863559256437, "pruning_mse": 0.0003795623779296875, "pruning_sqnr_corrected": 2.7266051529309534, "pruning_mse_corrected": 0.00064849853515625}, "layer1.1.conv1": {"sample_kurtosis": 8.62371694239826, "quant_sqnr": 6.125184125582478, "quant_mse": 0.0003398087283130735, "quant_sparsity": 0.6024577021598816, "pruning_sqnr": 5.216410856171045, "pruning_mse": 0.0004189014434814453, "pruning_sqnr_corrected": 3.061165203549241, "pruning_mse_corrected": 0.0006880760192871094}, "layer1.1.conv2": {"sample_kurtosis": 4.6204440187042675, "quant_sqnr": 6.426650017561145, "quant_mse": 0.0002609994262456894, "quant_sparsity": 0.552978515625, "pruning_sqnr": 4.735231025561157, "pruning_mse": 0.000385284423828125, "pruning_sqnr_corrected": 2.8194482392952454, "pruning_mse_corrected": 0.000598907470703125}, "layer1.2.conv1": {"sample_kurtosis": 4.040714865296026, "quant_sqnr": 6.568877154024096, "quant_mse": 0.0002864232228603214, "quant_sparsity": 0.5255534052848816, "pruning_sqnr": 4.6634299226639335, "pruning_mse": 0.00044417381286621094, "pruning_sqnr_corrected": 2.8692319669256134, "pruning_mse_corrected": 0.00067138671875}, "layer1.2.conv2": {"sample_kurtosis": 3.372661528770726, "quant_sqnr": 6.720129822869923, "quant_mse": 0.00021898206614423543, "quant_sparsity": 0.5825737714767456, "pruning_sqnr": 4.469970622959349, "pruning_mse": 0.0003676414489746094, "pruning_sqnr_corrected": 2.4556097016449563, "pruning_mse_corrected": 0.0005846023559570312}, "layer2.0.conv1": {"sample_kurtosis": 4.608596250571559, "quant_sqnr": 6.279308439116696, "quant_mse": 0.00029134610667824745, "quant_sparsity": 0.5689968466758728, "pruning_sqnr": 4.996268146286205, "pruning_mse": 0.0003914833068847656, "pruning_sqnr_corrected": 2.875138583162569, "pruning_mse_corrected": 0.0006380081176757812}, "layer2.0.conv2": {"sample_kurtosis": 9.738294772385188, "quant_sqnr": 5.705083693815663, "quant_mse": 0.0002024155401159078, "quant_sparsity": 0.6137831211090088, "pruning_sqnr": 5.38465929938444, "pruning_mse": 0.00021791458129882812, "pruning_sqnr_corrected": 3.107648296725581, "pruning_mse_corrected": 0.0003681182861328125}, "layer2.0.downsample.0": {"sample_kurtosis": 24.547020271300106, "quant_sqnr": 4.503546186894444, "quant_mse": 0.0017527115996927023, "quant_sparsity": 0.797119140625, "pruning_sqnr": 7.344343014715053, "pruning_mse": 0.0009112358093261719, "pruning_sqnr_corrected": 3.450781021261926, "pruning_mse_corrected": 0.0022335052490234375}, "layer2.1.conv1": {"sample_kurtosis": 14.600000000000001, "quant_sqnr": 5.274007088518097, "quant_mse": 0.0001814919669413939, "quant_sparsity": 0.558030903339386, "pruning_sqnr": 5.272481131747185, "pruning_mse": 0.00018155574798583984, "pruning_sqnr_corrected": 3.411035096849397, "pruning_mse_corrected": 0.00027871131896972656}, "layer2.1.conv2": {"sample_kurtosis": 5.982209917491296, "quant_sqnr": 6.4323780229300525, "quant_mse": 0.00012479799624998122, "quant_sparsity": 0.4774441123008728, "pruning_sqnr": 4.642034450255451, "pruning_mse": 0.00018846988677978516, "pruning_sqnr_corrected": 3.1133900806073065, "pruning_mse_corrected": 0.00026798248291015625}, "layer2.2.conv1": {"sample_kurtosis": 10.090909090909092, "quant_sqnr": 5.826933831611751, "quant_mse": 0.00017562555149197578, "quant_sparsity": 0.5913289189338684, "pruning_sqnr": 4.880455151054872, "pruning_mse": 0.00021839141845703125, "pruning_sqnr_corrected": 2.873765822503186, "pruning_mse_corrected": 0.0003466606140136719}, "layer2.2.conv2": {"sample_kurtosis": 4.924710824891862, "quant_sqnr": 6.8174150391156445, "quant_mse": 0.0001069663921953179, "quant_sparsity": 0.4708523154258728, "pruning_sqnr": 4.164058986072348, "pruning_mse": 0.0001970529556274414, "pruning_sqnr_corrected": 2.721962774275078, "pruning_mse_corrected": 0.000274658203125}, "layer2.3.conv1": {"sample_kurtosis": 6.467157705668994, "quant_sqnr": 6.154312594279005, "quant_mse": 0.00017581990687176585, "quant_sparsity": 0.4682820737361908, "pruning_sqnr": 4.513469383866092, "pruning_mse": 0.00025653839111328125, "pruning_sqnr_corrected": 3.0188743815751806, "pruning_mse_corrected": 0.0003619194030761719}, "layer2.3.conv2": {"sample_kurtosis": 3.611400562957403, "quant_sqnr": 6.720990651184825, "quant_mse": 9.272935130866244e-05, "quant_sparsity": 0.50775146484375, "pruning_sqnr": 4.2030394132417825, "pruning_mse": 0.00016558170318603516, "pruning_sqnr_corrected": 2.574398735464898, "pruning_mse_corrected": 0.0002409219741821289}, "layer3.0.conv1": {"sample_kurtosis": 5.593632427122744, "quant_sqnr": 6.101583992082343, "quant_mse": 0.00015316210919991136, "quant_sparsity": 0.4615749716758728, "pruning_sqnr": 4.544179086406407, "pruning_mse": 0.00021922588348388672, "pruning_sqnr_corrected": 3.0872867362653373, "pruning_mse_corrected": 0.0003066062927246094}, "layer3.0.conv2": {"sample_kurtosis": 7.719374666414145, "quant_sqnr": 6.049932555750922, "quant_mse": 0.00011420340888435021, "quant_sparsity": 0.5323265790939331, "pruning_sqnr": 4.442857622345809, "pruning_mse": 0.0001653432846069336, "pruning_sqnr_corrected": 2.7929427264656734, "pruning_mse_corrected": 0.00024175643920898438}, "layer3.0.downsample.0": {"sample_kurtosis": 6.835985434586069, "quant_sqnr": 5.998166865480017, "quant_mse": 0.0003805694286711514, "quant_sparsity": 0.596435546875, "pruning_sqnr": 5.02097695300923, "pruning_mse": 0.00047659873962402344, "pruning_sqnr_corrected": 2.8650734097163664, "pruning_mse_corrected": 0.0007829666137695312}, "layer3.1.conv1": {"sample_kurtosis": 8.689777899169735, "quant_sqnr": 6.062232586306333, "quant_mse": 7.09612577338703e-05, "quant_sparsity": 0.4638214111328125, "pruning_sqnr": 4.449236676154923, "pruning_mse": 0.00010287761688232422, "pruning_sqnr_corrected": 3.0465820792648426, "pruning_mse_corrected": 0.00014209747314453125}, "layer3.1.conv2": {"sample_kurtosis": 11.520090187543172, "quant_sqnr": 6.734124036975856, "quant_mse": 5.618776413029991e-05, "quant_sparsity": 0.4996388852596283, "pruning_sqnr": 3.9735404795993605, "pruning_mse": 0.00010609626770019531, "pruning_sqnr_corrected": 2.51226012281698, "pruning_mse_corrected": 0.00014853477478027344}, "layer3.2.conv1": {"sample_kurtosis": 4.792627824019025, "quant_sqnr": 6.639735914100945, "quant_mse": 6.026498522260226e-05, "quant_sparsity": 0.4735276997089386, "pruning_sqnr": 4.020565748668697, "pruning_mse": 0.00011014938354492188, "pruning_sqnr_corrected": 2.625591180876449, "pruning_mse_corrected": 0.0001518726348876953}, "layer3.2.conv2": {"sample_kurtosis": 4.25995290447541, "quant_sqnr": 6.880628064567985, "quant_mse": 4.928761700284667e-05, "quant_sparsity": 0.4957021176815033, "pruning_sqnr": 3.9359943912895945, "pruning_mse": 9.709596633911133e-05, "pruning_sqnr_corrected": 2.453059101421165, "pruning_mse_corrected": 0.0001366138458251953}, "layer3.3.conv1": {"sample_kurtosis": 4.073496463929722, "quant_sqnr": 6.567070665595471, "quant_mse": 5.749768388341181e-05, "quant_sparsity": 0.3961097002029419, "pruning_sqnr": 3.9359505264832007, "pruning_mse": 0.00010538101196289062, "pruning_sqnr_corrected": 2.793494773077815, "pruning_mse_corrected": 0.00013709068298339844},