{"conv1": {"sample_kurtosis": 7.570870350522625, "quant_sqnr": 30.282776476715306, "quant_mse": 1.220241938426625e-05, "quant_sparsity": 0.15582482516765594, "pruning_sqnr": 18.046561321331104, "pruning_mse": 0.00020420551300048828, "pruning_sqnr_corrected": 15.685914791204578, "pruning_mse_corrected": 0.0003516674041748047}, "layer1.0.conv1": {"sample_kurtosis": 28.208650047665266, "quant_sqnr": 25.803439475761515, "quant_mse": 9.208635674440302e-06, "quant_sparsity": 0.4615478515625, "pruning_sqnr": 25.845677038081156, "pruning_mse": 9.119510650634766e-06, "pruning_sqnr_corrected": 15.87701360762928, "pruning_mse_corrected": 9.053945541381836e-05}, "layer1.0.conv2": {"sample_kurtosis": 16.83142244334314, "quant_sqnr": 28.701501059705386, "quant_mse": 9.928126019076444e-06, "quant_sparsity": 0.3971354067325592, "pruning_sqnr": 24.033174609889507, "pruning_mse": 2.9087066650390625e-05, "pruning_sqnr_corrected": 16.03468667496201, "pruning_mse_corrected": 0.00018346309661865234}, "layer1.0.conv3": {"sample_kurtosis": 28.643219366885763, "quant_sqnr": 23.276355105576503, "quant_mse": 6.113084964454174e-06, "quant_sparsity": 0.357940673828125, "pruning_sqnr": 18.86829402966308, "pruning_mse": 1.6868114471435547e-05, "pruning_sqnr_corrected": 12.929017795497305, "pruning_mse_corrected": 6.622076034545898e-05}, "layer1.0.downsample.0": {"sample_kurtosis": 16.943482160537688, "quant_sqnr": 27.73942227468311, "quant_mse": 3.774810693357722e-06, "quant_sparsity": 0.3140869140625, "pruning_sqnr": 20.364812012672488, "pruning_mse": 2.0623207092285156e-05, "pruning_sqnr_corrected": 14.938500299626764, "pruning_mse_corrected": 7.194280624389648e-05}, "layer1.1.conv1": {"sample_kurtosis": 10.083933616194535, "quant_sqnr": 27.775176955839285, "quant_mse": 1.1715483196894638e-06, "quant_sparsity": 0.397186279296875, "pruning_sqnr": 20.416140193082136, "pruning_mse": 6.377696990966797e-06, "pruning_sqnr_corrected": 11.97677195178025, "pruning_mse_corrected": 4.45246696472168e-05}, "layer1.1.conv2": {"sample_kurtosis": 6.468661739078181, "quant_sqnr": 29.942855800094495, "quant_mse": 3.988909611507552e-06, "quant_sparsity": 0.3133680522441864, "pruning_sqnr": 17.77284158834889, "pruning_mse": 6.574392318725586e-05, "pruning_sqnr_corrected": 12.23922765005906, "pruning_mse_corrected": 0.00023508071899414062}, "layer1.1.conv3": {"sample_kurtosis": 10.17172730062543, "quant_sqnr": 25.149329140170195, "quant_mse": 2.810408204823034e-06, "quant_sparsity": 0.28045654296875, "pruning_sqnr": 16.381938615807343, "pruning_mse": 2.1159648895263672e-05, "pruning_sqnr_corrected": 11.941050619661912, "pruning_mse_corrected": 5.882978439331055e-05}, "layer1.2.conv1": {"sample_kurtosis": 2.768180892564734, "quant_sqnr": 30.841435619075412, "quant_mse": 6.210955234564608e-07, "quant_sparsity": 0.112945556640625, "pruning_sqnr": 12.381044799662922, "pruning_mse": 4.357099533081055e-05, "pruning_sqnr_corrected": 10.99855795167645, "pruning_mse_corrected": 5.990266799926758e-05}, "layer1.2.conv2": {"sample_kurtosis": 0.7092219048851116, "quant_sqnr": 34.039521679458055, "quant_mse": 1.4319132333184825e-06, "quant_sparsity": 0.1126302108168602, "pruning_sqnr": 11.625820936001217, "pruning_mse": 0.00024962425231933594, "pruning_sqnr_corrected": 10.193674003019456, "pruning_mse_corrected": 0.000347137451171875}, "layer1.2.conv3": {"sample_kurtosis": 8.415310757684333, "quant_sqnr": 23.69885027537558, "quant_mse": 3.3062708553188713e-06, "quant_sparsity": 0.16558837890625, "pruning_sqnr": 14.063731762089004, "pruning_mse": 3.039836883544922e-05, "pruning_sqnr_corrected": 11.917370748678204, "pruning_mse_corrected": 4.982948303222656e-05}, "layer2.0.conv1": {"sample_kurtosis": 8.979635215635087, "quant_sqnr": 24.433142715329986, "quant_mse": 4.243779130774783e-06, "quant_sparsity": 0.0987091064453125, "pruning_sqnr": 12.800081838625683, "pruning_mse": 6.181001663208008e-05, "pruning_sqnr_corrected": 11.664193445286237, "pruning_mse_corrected": 8.028745651245117e-05}, "layer2.0.conv2": {"sample_kurtosis": 2.0766111465565773, "quant_sqnr": 32.936886851603916, "quant_mse": 8.850631729728775e-07, "quant_sparsity": 0.068359375, "pruning_sqnr": 13.491072638678741, "pruning_mse": 7.790327072143555e-05, "pruning_sqnr_corrected": 12.623499644337077, "pruning_mse_corrected": 9.512901306152344e-05}, "layer2.0.conv3": {"sample_kurtosis": 9.554638953077669, "quant_sqnr": 25.987324307023457, "quant_mse": 1.7358232753394987e-06, "quant_sparsity": 0.10695648193359375, "pruning_sqnr": 13.048032121171202, "pruning_mse": 3.415346145629883e-05, "pruning_sqnr_corrected": 11.804332961296298, "pruning_mse_corrected": 4.547834396362305e-05}, "layer2.0.downsample.0": {"sample_kurtosis": 32.8401264855949, "quant_sqnr": 22.02167428199136, "quant_mse": 2.574548716438585e-06, "quant_sparsity": 0.1573333740234375, "pruning_sqnr": 13.677664222573483, "pruning_mse": 1.7583370208740234e-05, "pruning_sqnr_corrected": 11.902054681208917, "pruning_mse_corrected": 2.6464462280273438e-05}, "layer2.1.conv1": {"sample_kurtosis": 11.759695509211296, "quant_sqnr": 25.141999395632226, "quant_mse": 8.69794007485325e-07, "quant_sparsity": 0.1190643310546875, "pruning_sqnr": 13.418765128836505, "pruning_mse": 1.2934207916259766e-05, "pruning_sqnr_corrected": 12.012149920125175, "pruning_mse_corrected": 1.7881393432617188e-05}, "layer2.1.conv2": {"sample_kurtosis": 4.463094109861689, "quant_sqnr": 29.54520258066012, "quant_mse": 1.8976575120177586e-06, "quant_sparsity": 0.0798611119389534, "pruning_sqnr": 12.290576292790265, "pruning_mse": 0.00010085105895996094, "pruning_sqnr_corrected": 11.35652504124492, "pruning_mse_corrected": 0.00012505054473876953}, "layer2.1.conv3": {"sample_kurtosis": 8.29054754045826, "quant_sqnr": 25.469376680040344, "quant_mse": 1.3371784461924108e-06, "quant_sparsity": 0.09510040283203125, "pruning_sqnr": 12.524246622304798, "pruning_mse": 2.6345252990722656e-05, "pruning_sqnr_corrected": 11.427346651845005, "pruning_mse_corrected": 3.3915042877197266e-05}, "layer2.2.conv1": {"sample_kurtosis": 5.5936173351472736, "quant_sqnr": 26.779243913675238, "quant_mse": 7.422613634844311e-07, "quant_sparsity": 0.0752410888671875, "pruning_sqnr": 11.957093425191193, "pruning_mse": 2.2530555725097656e-05, "pruning_sqnr_corrected": 11.113884568190834, "pruning_mse_corrected": 2.7358531951904297e-05}, "layer2.2.conv2": {"sample_kurtosis": 2.131323311217491, "quant_sqnr": 29.246555186921555, "quant_mse": 1.7219333585671848e-06, "quant_sparsity": 0.0547417551279068, "pruning_sqnr": 11.384010549738367, "pruning_mse": 0.00010526180267333984, "pruning_sqnr_corrected": 10.759745284372464, "pruning_mse_corrected": 0.00012153387069702148}, "layer2.2.conv3": {"sample_kurtosis": 7.328631996949268, "quant_sqnr": 24.901718910829484, "quant_mse": 1.3025603493588278e-06, "quant_sparsity": 0.087249755859375, "pruning_sqnr": 12.105963102722283, "pruning_mse": 2.47955322265625e-05, "pruning_sqnr_corrected": 11.120191378967089, "pruning_mse_corrected": 3.1113624572753906e-05}, "layer2.3.conv1": {"sample_kurtosis": 5.855549874164874, "quant_sqnr": 27.22884584622807, "quant_mse": 7.288330152732669e-07, "quant_sparsity": 0.07010650634765625, "pruning_sqnr": 11.89056236220049, "pruning_mse": 2.491474151611328e-05, "pruning_sqnr_corrected": 11.103947921278383, "pruning_mse_corrected": 2.9861927032470703e-05}, "layer2.3.conv2": {"sample_kurtosis": 2.195901670106962, "quant_sqnr": 29.645831728032345, "quant_mse": 1.513774691375147e-06, "quant_sparsity": 0.0591362863779068, "pruning_sqnr": 11.636187678385735, "pruning_mse": 9.572505950927734e-05, "pruning_sqnr_corrected": 10.959000361598893, "pruning_mse_corrected": 0.0001118779182434082}, "layer2.3.conv3": {"sample_kurtosis": 10.144361148609367, "quant_sqnr": 24.23419772133863, "quant_mse": 1.3732808383792872e-06, "quant_sparsity": 0.1057891845703125, "pruning_sqnr": 12.793939959795114, "pruning_mse": 1.913309097290039e-05, "pruning_sqnr_corrected": 11.564894292816646,