{"conv1": {"sample_kurtosis": 8.060647551853004, "quant_sqnr": 24.93371547635212, "quant_mse": 4.8627174692228436e-05, "quant_sparsity": 0.3064413070678711, "pruning_sqnr": 16.288506816940146, "pruning_mse": 0.0003559589385986328, "pruning_sqnr_corrected": 12.00416420611759, "pruning_mse_corrected": 0.0009546279907226562}, "layer1.0.conv1": {"sample_kurtosis": 22.371746742773325, "quant_sqnr": 20.519635334784844, "quant_mse": 1.6144140317919664e-05, "quant_sparsity": 0.3340114951133728, "pruning_sqnr": 14.748227193118408, "pruning_mse": 6.097555160522461e-05, "pruning_sqnr_corrected": 10.878019038814772, "pruning_mse_corrected": 0.00014865398406982422}, "layer1.0.conv2": {"sample_kurtosis": 6.786749882291524, "quant_sqnr": 22.090119137838773, "quant_mse": 7.5085763455717824e-06, "quant_sparsity": 0.1371527761220932, "pruning_sqnr": 11.209234845921081, "pruning_mse": 9.196996688842773e-05, "pruning_sqnr_corrected": 9.916438674340977, "pruning_mse_corrected": 0.00012385845184326172}, "layer1.1.conv1": {"sample_kurtosis": 8.62371694239826, "quant_sqnr": 22.329820987208343, "quant_mse": 8.142745173245203e-06, "quant_sparsity": 0.1327853798866272, "pruning_sqnr": 11.153772525913304, "pruning_mse": 0.00010675191879272461, "pruning_sqnr_corrected": 9.951929451628658, "pruning_mse_corrected": 0.00014078617095947266}, "layer1.1.conv2": {"sample_kurtosis": 4.6204440187042675, "quant_sqnr": 23.856445689466184, "quant_mse": 4.716936018667184e-06, "quant_sparsity": 0.1051703542470932, "pruning_sqnr": 10.628711283679404, "pruning_mse": 9.918212890625e-05, "pruning_sqnr_corrected": 9.684739159007407, "pruning_mse_corrected": 0.0001232624053955078}, "layer1.2.conv1": {"sample_kurtosis": 4.040714865296026, "quant_sqnr": 24.54823489473899, "quant_mse": 4.561130026559113e-06, "quant_sparsity": 0.09912109375, "pruning_sqnr": 10.569008684633026, "pruning_mse": 0.00011402368545532227, "pruning_sqnr_corrected": 9.668093799831825, "pruning_mse_corrected": 0.00014030933380126953}, "layer1.2.conv2": {"sample_kurtosis": 3.372661528770726, "quant_sqnr": 24.410970697495525, "quant_mse": 3.7267002426233375e-06, "quant_sparsity": 0.093994140625, "pruning_sqnr": 10.515992724844603, "pruning_mse": 9.137392044067383e-05, "pruning_sqnr_corrected": 9.641401552750978, "pruning_mse_corrected": 0.00011175870895385742}, "layer2.0.conv1": {"sample_kurtosis": 4.608596250571559, "quant_sqnr": 24.187825433456066, "quant_mse": 4.715823251899565e-06, "quant_sparsity": 0.1132134348154068, "pruning_sqnr": 11.214370151530682, "pruning_mse": 9.351968765258789e-05, "pruning_sqnr_corrected": 10.151622415447967, "pruning_mse_corrected": 0.00011944770812988281}, "layer2.0.conv2": {"sample_kurtosis": 9.738294772385188, "quant_sqnr": 21.416405235578967, "quant_mse": 5.433900696516503e-06, "quant_sparsity": 0.1554022878408432, "pruning_sqnr": 11.540383951131869, "pruning_mse": 5.2809715270996094e-05, "pruning_sqnr_corrected": 10.084008106241743, "pruning_mse_corrected": 7.385015487670898e-05}, "layer2.0.downsample.0": {"sample_kurtosis": 24.547020271300106, "quant_sqnr": 19.528625774381972, "quant_mse": 5.510645860340446e-05, "quant_sparsity": 0.2635498046875, "pruning_sqnr": 13.83237696341794, "pruning_mse": 0.00020456314086914062, "pruning_sqnr_corrected": 11.326016299508282, "pruning_mse_corrected": 0.0003643035888671875}, "layer2.1.conv1": {"sample_kurtosis": 14.600000000000001, "quant_sqnr": 20.20453287424838, "quant_mse": 5.8318296396464575e-06, "quant_sparsity": 0.1631266325712204, "pruning_sqnr": 11.019571579635862, "pruning_mse": 4.83393669128418e-05, "pruning_sqnr_corrected": 9.582840702497744, "pruning_mse_corrected": 6.729364395141602e-05}, "layer2.1.conv2": {"sample_kurtosis": 5.982209917491296, "quant_sqnr": 22.678280493838937, "quant_mse": 2.9622203783219447e-06, "quant_sparsity": 0.118055559694767, "pruning_sqnr": 10.414398526284753, "pruning_mse": 4.988908767700195e-05, "pruning_sqnr_corrected": 9.355940579291978, "pruning_mse_corrected": 6.365776062011719e-05}, "layer2.2.conv1": {"sample_kurtosis": 10.090909090909092, "quant_sqnr": 20.299918671420293, "quant_mse": 6.270312951528467e-06, "quant_sparsity": 0.1318427175283432, "pruning_sqnr": 10.634420232226844, "pruning_mse": 5.805492401123047e-05, "pruning_sqnr_corrected": 9.46490795331326, "pruning_mse_corrected": 7.599592208862305e-05}, "layer2.2.conv2": {"sample_kurtosis": 4.924710824891862, "quant_sqnr": 22.09166028293653, "quant_mse": 3.175578285663505e-06, "quant_sparsity": 0.1089816614985466, "pruning_sqnr": 9.771448646206961, "pruning_mse": 5.418062210083008e-05, "pruning_sqnr_corrected": 8.810956932857756, "pruning_mse_corrected": 6.759166717529297e-05}, "layer2.3.conv1": {"sample_kurtosis": 6.467157705668994, "quant_sqnr": 21.73880632779371, "quant_mse": 4.8598030844004825e-06, "quant_sparsity": 0.12139892578125, "pruning_sqnr": 10.248991723566567, "pruning_mse": 6.848573684692383e-05, "pruning_sqnr_corrected": 9.167217175219093, "pruning_mse_corrected": 8.785724639892578e-05}, "layer2.3.conv2": {"sample_kurtosis": 3.611400562957403, "quant_sqnr": 23.19192926125966, "quant_mse": 2.0898896764265373e-06, "quant_sparsity": 0.0997110977768898, "pruning_sqnr": 10.054989851561357, "pruning_mse": 4.303455352783203e-05, "pruning_sqnr_corrected": 9.146461760808622, "pruning_mse_corrected": 5.3048133850097656e-05}, "layer3.0.conv1": {"sample_kurtosis": 5.593632427122744, "quant_sqnr": 22.731234169037254, "quant_mse": 3.328023012727499e-06, "quant_sparsity": 0.1120368093252182, "pruning_sqnr": 10.2483334194552, "pruning_mse": 5.894899368286133e-05, "pruning_sqnr_corrected": 9.255585049010547, "pruning_mse_corrected": 7.408857345581055e-05}, "layer3.0.conv2": {"sample_kurtosis": 7.719374666414145, "quant_sqnr": 21.073996153934466, "quant_mse": 3.5914738418796333e-06, "quant_sparsity": 0.1202969029545784, "pruning_sqnr": 10.03163449339243, "pruning_mse": 4.565715789794922e-05, "pruning_sqnr_corrected": 8.97942401305155, "pruning_mse_corrected": 5.817413330078125e-05}, "layer3.0.downsample.0": {"sample_kurtosis": 6.835985434586069, "quant_sqnr": 22.224673724837448, "quant_mse": 9.073674846149515e-06, "quant_sparsity": 0.134185791015625, "pruning_sqnr": 11.061174043372956, "pruning_mse": 0.00011861324310302734, "pruning_sqnr_corrected": 9.830376674684938, "pruning_mse_corrected": 0.00015747547149658203}, "layer3.1.conv1": {"sample_kurtosis": 8.689777899169735, "quant_sqnr": 20.936878782693835, "quant_mse": 2.3097059056453872e-06, "quant_sparsity": 0.1287875771522522, "pruning_sqnr": 10.025365623825643, "pruning_mse": 2.849102020263672e-05, "pruning_sqnr_corrected": 8.902738099745651, "pruning_mse_corrected": 3.68952751159668e-05}, "layer3.1.conv2": {"sample_kurtosis": 11.520090187543172, "quant_sqnr": 19.02475524495337, "quant_mse": 3.3157259622385027e-06, "quant_sparsity": 0.1229519322514534, "pruning_sqnr": 9.462060652129026, "pruning_mse": 2.9981136322021484e-05, "pruning_sqnr_corrected": 8.39563077344608, "pruning_mse_corrected": 3.832578659057617e-05}, "layer3.2.conv1": {"sample_kurtosis": 4.792627824019025, "quant_sqnr": 21.92820235603943, "quant_mse": 1.7832753655966371e-06, "quant_sparsity": 0.0991244837641716, "pruning_sqnr": 9.544287820057246, "pruning_mse": 3.0875205993652344e-05, "pruning_sqnr_corrected": 8.680414634685727, "pruning_mse_corrected": 3.7670135498046875e-05}, "layer3.2.conv2": {"sample_kurtosis": 4.25995290447541, "quant_sqnr": 22.526761972039118, "quant_mse": 1.343149733656901e-06, "quant_sparsity": 0.0964813232421875, "pruning_sqnr": 9.532741824341457, "pruning_mse": 2.676248550415039e-05, "pruning_sqnr_corrected": 8.683278807327317, "pruning_mse_corrected": 3.254413604736328e-05}, "layer3.3.conv1": {"sample_kurtosis": 4.073496463929722, "quant_sqnr": 22.635652713613016, "quant_mse": 1.4216482213669224e-06, "quant_sparsity": 0.0939127579331398, "pruning_sqnr": 9.429767677019845, "pruning_mse": 2.9742717742919922e-05, "pruning_sqnr_corrected": 8.6148082206755, "pruning_mse_corrected": 3.5881996154785156e-05},