{"conv1": {"sample_kurtosis": 8.060647551853004, "quant_sqnr": 36.094819130107894, "quant_mse": 3.7219340356386965e-06, "quant_sparsity": 0.20471937954425812, "pruning_sqnr": 21.403887515089245, "pruning_mse": 0.00010961294174194336, "pruning_sqnr_corrected": 17.165506587442916, "pruning_mse_corrected": 0.00029087066650390625}, "layer1.0.conv1": {"sample_kurtosis": 22.371746742773325, "quant_sqnr": 31.070322075269136, "quant_mse": 1.422152763552731e-06, "quant_sparsity": 0.2133517861366272, "pruning_sqnr": 19.283958522567136, "pruning_mse": 2.1457672119140625e-05, "pruning_sqnr_corrected": 15.362853872454, "pruning_mse_corrected": 5.2928924560546875e-05}, "layer1.0.conv2": {"sample_kurtosis": 6.786749882291524, "quant_sqnr": 31.735525260673732, "quant_mse": 8.147361540977727e-07, "quant_sparsity": 0.0510796457529068, "pruning_sqnr": 14.5864317547219, "pruning_mse": 4.225969314575195e-05, "pruning_sqnr_corrected": 13.855274498265562, "pruning_mse_corrected": 5.0008296966552734e-05}, "layer1.1.conv1": {"sample_kurtosis": 8.62371694239826, "quant_sqnr": 32.378294384383885, "quant_mse": 8.052365956245922e-07, "quant_sparsity": 0.0434841588139534, "pruning_sqnr": 14.45747380447102, "pruning_mse": 4.988908767700195e-05, "pruning_sqnr_corrected": 13.843958045375311, "pruning_mse_corrected": 5.745887756347656e-05}, "layer1.1.conv2": {"sample_kurtosis": 4.6204440187042675, "quant_sqnr": 34.56225449895251, "quant_mse": 4.0093974007504585e-07, "quant_sparsity": 0.0330403633415699, "pruning_sqnr": 13.913734164453452, "pruning_mse": 4.655122756958008e-05, "pruning_sqnr_corrected": 13.450046738739792, "pruning_mse_corrected": 5.179643630981445e-05}, "layer1.2.conv1": {"sample_kurtosis": 4.040714865296026, "quant_sqnr": 34.874374213300044, "quant_mse": 4.2311509673709224e-07, "quant_sparsity": 0.0328776054084301, "pruning_sqnr": 13.87764379602052, "pruning_mse": 5.322694778442383e-05, "pruning_sqnr_corrected": 13.407927577448728, "pruning_mse_corrected": 5.930662155151367e-05}, "layer1.2.conv2": {"sample_kurtosis": 3.372661528770726, "quant_sqnr": 33.45855420918065, "quant_mse": 4.640514248421823e-07, "quant_sparsity": 0.0368109829723835, "pruning_sqnr": 13.864951921557688, "pruning_mse": 4.225969314575195e-05, "pruning_sqnr_corrected": 13.335089112545976, "pruning_mse_corrected": 4.774332046508789e-05}, "layer2.0.conv1": {"sample_kurtosis": 4.608596250571559, "quant_sqnr": 34.72248089918849, "quant_mse": 4.1695767549754237e-07, "quant_sparsity": 0.0371907539665699, "pruning_sqnr": 14.597274623087364, "pruning_mse": 4.291534423828125e-05, "pruning_sqnr_corrected": 14.059023500000283, "pruning_mse_corrected": 4.857778549194336e-05}, "layer2.0.conv2": {"sample_kurtosis": 9.738294772385188, "quant_sqnr": 31.597181817230076, "quant_mse": 5.21235563155642e-07, "quant_sparsity": 0.0536634661257267, "pruning_sqnr": 14.940170937855692, "pruning_mse": 2.4139881134033203e-05, "pruning_sqnr_corrected": 14.166267553558253, "pruning_mse_corrected": 2.8848648071289062e-05}, "layer2.0.downsample.0": {"sample_kurtosis": 24.547020271300106, "quant_sqnr": 30.659031569972136, "quant_mse": 4.24777908847318e-06, "quant_sparsity": 0.0810546875, "pruning_sqnr": 17.27893258596292, "pruning_mse": 9.250640869140625e-05, "pruning_sqnr_corrected": 16.10220561957223, "pruning_mse_corrected": 0.00012129545211791992}, "layer2.1.conv1": {"sample_kurtosis": 14.600000000000001, "quant_sqnr": 29.677608810008557, "quant_mse": 6.584112384189211e-07, "quant_sparsity": 0.0565863735973835, "pruning_sqnr": 14.289146492630335, "pruning_mse": 2.276897430419922e-05, "pruning_sqnr_corrected": 13.50112534170873, "pruning_mse_corrected": 2.7298927307128906e-05}, "layer2.1.conv2": {"sample_kurtosis": 5.982209917491296, "quant_sqnr": 32.449613174719595, "quant_mse": 3.1223680707626045e-07, "quant_sparsity": 0.0399034284055233, "pruning_sqnr": 13.686690887961612, "pruning_mse": 2.3484230041503906e-05, "pruning_sqnr_corrected": 13.119189696184122, "pruning_mse_corrected": 2.676248550415039e-05}, "layer2.2.conv1": {"sample_kurtosis": 10.090909090909092, "quant_sqnr": 27.786511453212018, "quant_mse": 1.118484419748711e-06, "quant_sparsity": 0.0622626431286335, "pruning_sqnr": 13.873590045451746, "pruning_mse": 2.753734588623047e-05, "pruning_sqnr_corrected": 13.01492585249954, "pruning_mse_corrected": 3.355741500854492e-05}, "layer2.2.conv2": {"sample_kurtosis": 4.924710824891862, "quant_sqnr": 31.865925993107393, "quant_mse": 3.345001005072845e-07, "quant_sparsity": 0.0401679165661335, "pruning_sqnr": 13.012314776819318, "pruning_mse": 2.568960189819336e-05, "pruning_sqnr_corrected": 12.446272557196949, "pruning_mse_corrected": 2.9265880584716797e-05}, "layer2.3.conv1": {"sample_kurtosis": 6.467157705668994, "quant_sqnr": 30.961550755913912, "quant_mse": 5.812249241898826e-07, "quant_sparsity": 0.0459459088742733, "pruning_sqnr": 13.50419371456095, "pruning_mse": 3.236532211303711e-05, "pruning_sqnr_corrected": 12.86568555599673, "pruning_mse_corrected": 3.74913215637207e-05}, "layer2.3.conv2": {"sample_kurtosis": 3.611400562957403, "quant_sqnr": 31.681547487248793, "quant_mse": 2.959112919143081e-07, "quant_sparsity": 0.0416531041264534, "pruning_sqnr": 13.376969053359309, "pruning_mse": 2.002716064453125e-05, "pruning_sqnr_corrected": 12.785754532172744, "pruning_mse_corrected": 2.294778823852539e-05}, "layer3.0.conv1": {"sample_kurtosis": 5.593632427122744, "quant_sqnr": 32.433398416075654, "quant_mse": 3.564264261513017e-07, "quant_sparsity": 0.0387064628303051, "pruning_sqnr": 13.497837804685753, "pruning_mse": 2.7894973754882812e-05, "pruning_sqnr_corrected": 12.957537639419103, "pruning_mse_corrected": 3.159046173095703e-05}, "layer3.0.conv2": {"sample_kurtosis": 7.719374666414145, "quant_sqnr": 29.970727580673486, "quant_mse": 4.6301980205498694e-07, "quant_sparsity": 0.0492587611079216, "pruning_sqnr": 13.239111335774362, "pruning_mse": 2.181529998779297e-05, "pruning_sqnr_corrected": 12.559484499586748, "pruning_mse_corrected": 2.5510787963867188e-05}, "layer3.0.downsample.0": {"sample_kurtosis": 6.835985434586069, "quant_sqnr": 31.89742488191921, "quant_mse": 9.783811947272625e-07, "quant_sparsity": 0.048828125, "pruning_sqnr": 14.36487532193067, "pruning_mse": 5.543231964111328e-05, "pruning_sqnr_corrected": 13.675439828063787, "pruning_mse_corrected": 6.496906280517578e-05}, "layer3.1.conv1": {"sample_kurtosis": 8.689777899169735, "quant_sqnr": 29.886402132551435, "quant_mse": 2.941740433470841e-07, "quant_sparsity": 0.0471140556037426, "pruning_sqnr": 13.240296119942291, "pruning_mse": 1.3589859008789062e-05, "pruning_sqnr_corrected": 12.603605321248521, "pruning_mse_corrected": 1.5735626220703125e-05}, "layer3.1.conv2": {"sample_kurtosis": 11.520090187543172, "quant_sqnr": 26.542037317099044, "quant_mse": 5.872870474377123e-07, "quant_sparsity": 0.0647294819355011, "pruning_sqnr": 12.675628085572239, "pruning_mse": 1.430511474609375e-05, "pruning_sqnr_corrected": 11.779520342906672, "pruning_mse_corrected": 1.7583370208740234e-05}, "layer3.2.conv1": {"sample_kurtosis": 4.792627824019025, "quant_sqnr": 29.421268506976475, "quant_mse": 3.176228915435786e-07, "quant_sparsity": 0.0423685722053051, "pruning_sqnr": 12.743068609247414, "pruning_mse": 1.4781951904296875e-05, "pruning_sqnr_corrected": 12.169721062266674, "pruning_mse_corrected": 1.6868114471435547e-05}, "layer3.2.conv2": {"sample_kurtosis": 4.25995290447541, "quant_sqnr": 29.920005736946433, "quant_mse": 2.4479359694851155e-07, "quant_sparsity": 0.0388014055788517, "pruning_sqnr": 12.77140919998731, "pruning_mse": 1.2695789337158203e-05, "pruning_sqnr_corrected": 12.235034808626004, "pruning_mse_corrected": 1.436471939086914e-05}, "layer3.3.conv1": {"sample_kurtosis": 4.073496463929722, "quant_sqnr": 31.631688036982556, "quant_mse": 1.7913836813931994e-07, "quant_sparsity": 0.0374009869992733, "pruning_sqnr": 12.626794123772367, "pruning_mse": 1.424551010131836e-05, "pruning_sqnr_corrected": 12.113250333229663,