{"conv1": {"sample_kurtosis": 5.415205676624328, "quant_sqnr": 11.068796260643612, "quant_mse": 0.0011870349990203977, "quant_sparsity": 0.6078869104385376, "pruning_sqnr": 8.509202108175264, "pruning_mse": 0.002140045166015625, "pruning_sqnr_corrected": 4.261142489370378, "pruning_mse_corrected": 0.0056915283203125}, "layer1.0.conv1": {"sample_kurtosis": 14.72728476629704, "quant_sqnr": 9.48183341332468, "quant_mse": 0.0005673494888469577, "quant_sparsity": 0.66015625, "pruning_sqnr": 9.595804822341975, "pruning_mse": 0.0005526542663574219, "pruning_sqnr_corrected": 5.297878073449706, "pruning_mse_corrected": 0.0014867782592773438}, "layer1.0.conv2": {"sample_kurtosis": 23.25135001341511, "quant_sqnr": 7.821131205666452, "quant_mse": 0.00014041332178749144, "quant_sparsity": 0.6007758378982544, "pruning_sqnr": 8.604369702479616, "pruning_mse": 0.00011724233627319336, "pruning_sqnr_corrected": 5.147548408987122, "pruning_mse_corrected": 0.0002598762512207031}, "layer1.0.conv3": {"sample_kurtosis": 11.414392713312507, "quant_sqnr": 9.470110915129641, "quant_mse": 0.00014049684978090227, "quant_sparsity": 0.61029052734375, "pruning_sqnr": 8.434359848594024, "pruning_mse": 0.00017833709716796875, "pruning_sqnr_corrected": 4.468916747059012, "pruning_mse_corrected": 0.0004444122314453125}, "layer1.0.downsample.0": {"sample_kurtosis": 24.09273649075615, "quant_sqnr": 8.395570002840916, "quant_mse": 0.00048020019312389195, "quant_sparsity": 0.68505859375, "pruning_sqnr": 9.638003072513566, "pruning_mse": 0.00036072731018066406, "pruning_sqnr_corrected": 4.896553279004744, "pruning_mse_corrected": 0.0010747909545898438}, "layer1.1.conv1": {"sample_kurtosis": 4.38512244096737, "quant_sqnr": 10.897178556860919, "quant_mse": 7.640441617695615e-05, "quant_sparsity": 0.48114013671875, "pruning_sqnr": 6.822123200651556, "pruning_mse": 0.0001952648162841797, "pruning_sqnr_corrected": 4.2523450643061675, "pruning_mse_corrected": 0.0003528594970703125}, "layer1.1.conv2": {"sample_kurtosis": 9.799826860450116, "quant_sqnr": 9.686587772547703, "quant_mse": 8.922983397496864e-05, "quant_sparsity": 0.4444444477558136, "pruning_sqnr": 6.590197253888724, "pruning_mse": 0.00018203258514404297, "pruning_sqnr_corrected": 4.463107244581616, "pruning_mse_corrected": 0.0002970695495605469}, "layer1.1.conv3": {"sample_kurtosis": 7.159383166950734, "quant_sqnr": 10.338678711559465, "quant_mse": 9.791634511202574e-05, "quant_sparsity": 0.56988525390625, "pruning_sqnr": 7.995019726692445, "pruning_mse": 0.00016796588897705078, "pruning_sqnr_corrected": 4.365296047997266, "pruning_mse_corrected": 0.00038743019104003906}, "layer1.2.conv1": {"sample_kurtosis": 2.1720606489896515, "quant_sqnr": 11.920700074931094, "quant_mse": 5.812559538753703e-05, "quant_sparsity": 0.39605712890625, "pruning_sqnr": 5.916545216168425, "pruning_mse": 0.00023162364959716797, "pruning_sqnr_corrected": 4.018494902970203, "pruning_mse_corrected": 0.00035858154296875}, "layer1.2.conv2": {"sample_kurtosis": 2.0840201483573955, "quant_sqnr": 11.818632397845722, "quant_mse": 6.644048698944971e-05, "quant_sparsity": 0.3410915732383728, "pruning_sqnr": 5.413086631385909, "pruning_mse": 0.0002903938293457031, "pruning_sqnr_corrected": 3.937059418943471, "pruning_mse_corrected": 0.00040793418884277344}, "layer1.2.conv3": {"sample_kurtosis": 6.9628969497227065, "quant_sqnr": 10.837759361217888, "quant_mse": 8.020922541618347e-05, "quant_sparsity": 0.64593505859375, "pruning_sqnr": 9.0693900316286, "pruning_mse": 0.00012052059173583984, "pruning_sqnr_corrected": 4.161458212074127, "pruning_mse_corrected": 0.0003731250762939453}, "layer2.0.conv1": {"sample_kurtosis": 4.958802353655539, "quant_sqnr": 10.412290268043938, "quant_mse": 0.00011431059101596475, "quant_sparsity": 0.42669677734375, "pruning_sqnr": 6.471589609407787, "pruning_mse": 0.00028324127197265625, "pruning_sqnr_corrected": 4.404875136458721, "pruning_mse_corrected": 0.0004558563232421875}, "layer2.0.conv2": {"sample_kurtosis": 3.0359341440681398, "quant_sqnr": 11.588810764751486, "quant_mse": 3.4463289921404794e-05, "quant_sparsity": 0.3308309018611908, "pruning_sqnr": 5.458430212632242, "pruning_mse": 0.00014138221740722656, "pruning_sqnr_corrected": 4.056138128670684, "pruning_mse_corrected": 0.0001952648162841797}, "layer2.0.conv3": {"sample_kurtosis": 11.085953366504418, "quant_sqnr": 9.259097747737613, "quant_mse": 9.353966743219644e-05, "quant_sparsity": 0.576904296875, "pruning_sqnr": 8.023111881179595, "pruning_mse": 0.00012433528900146484, "pruning_sqnr_corrected": 4.528669504575138, "pruning_mse_corrected": 0.0002779960632324219}, "layer2.0.downsample.0": {"sample_kurtosis": 32.10857142857143, "quant_sqnr": 7.63860321478642, "quant_mse": 9.20694146770984e-05, "quant_sparsity": 0.629638671875, "pruning_sqnr": 8.649141817773744, "pruning_mse": 7.295608520507812e-05, "pruning_sqnr_corrected": 5.111575608847559, "pruning_mse_corrected": 0.0001647472381591797}, "layer2.1.conv1": {"sample_kurtosis": 14.026156989171124, "quant_sqnr": 8.896564712585349, "quant_mse": 3.577969255275093e-05, "quant_sparsity": 0.6209716796875, "pruning_sqnr": 8.51771671650049, "pruning_mse": 3.904104232788086e-05, "pruning_sqnr_corrected": 4.710082436187863, "pruning_mse_corrected": 9.381771087646484e-05}, "layer2.1.conv2": {"sample_kurtosis": 14.059558517284465, "quant_sqnr": 8.412647430449066, "quant_mse": 5.3879233746556565e-05, "quant_sparsity": 0.5558200478553772, "pruning_sqnr": 7.841473843928655, "pruning_mse": 6.145238876342773e-05, "pruning_sqnr_corrected": 4.9055230098337335, "pruning_mse_corrected": 0.0001208186149597168}, "layer2.1.conv3": {"sample_kurtosis": 16.382269549684672, "quant_sqnr": 9.091522871616974, "quant_mse": 6.015969847794622e-05, "quant_sparsity": 0.69903564453125, "pruning_sqnr": 10.128107053339978, "pruning_mse": 4.738569259643555e-05, "pruning_sqnr_corrected": 4.811711467208697, "pruning_mse_corrected": 0.00016117095947265625}, "layer2.2.conv1": {"sample_kurtosis": 6.682142197599262, "quant_sqnr": 9.89695839599101, "quant_mse": 5.5713429901516065e-05, "quant_sparsity": 0.4358062744140625, "pruning_sqnr": 6.503198936592668, "pruning_mse": 0.00012171268463134766, "pruning_sqnr_corrected": 4.5225009532695895, "pruning_mse_corrected": 0.0001920461654663086}, "layer2.2.conv2": {"sample_kurtosis": 5.770254390036843, "quant_sqnr": 10.198587462347913, "quant_mse": 4.455025555216707e-05, "quant_sparsity": 0.4033067524433136, "pruning_sqnr": 6.2042756971580735, "pruning_mse": 0.00011175870895385742, "pruning_sqnr_corrected": 4.425641493997788, "pruning_mse_corrected": 0.00016832351684570312}, "layer2.2.conv3": {"sample_kurtosis": 6.901955913139616, "quant_sqnr": 9.87111956936346, "quant_mse": 7.058540359139442e-05, "quant_sparsity": 0.440948486328125, "pruning_sqnr": 6.333853522002037, "pruning_mse": 0.00015938282012939453, "pruning_sqnr_corrected": 4.327713798968662, "pruning_mse_corrected": 0.0002529621124267578}, "layer2.3.conv1": {"sample_kurtosis": 2.967117585848075, "quant_sqnr": 11.205694109140405, "quant_mse": 4.486650868784636e-05, "quant_sparsity": 0.350067138671875, "pruning_sqnr": 5.553594070592132, "pruning_mse": 0.00016486644744873047, "pruning_sqnr_corrected": 4.052570277857695, "pruning_mse_corrected": 0.00023293495178222656}, "layer2.3.conv2": {"sample_kurtosis": 1.9648081860807407, "quant_sqnr": 11.807999825934626, "quant_mse": 3.314444256830029e-05, "quant_sparsity": 0.3348795473575592, "pruning_sqnr": 5.266030657097927, "pruning_mse": 0.0001494884490966797, "pruning_sqnr_corrected": 3.8685449907569476, "pruning_mse_corrected": 0.00020623207092285156}, "layer2.3.conv3": {"sample_kurtosis": 6.035920915712799, "quant_sqnr": 10.048496078473889, "quant_mse": 5.861268437001854e-05, "quant_sparsity": 0.422607421875, "pruning_sqnr": 6.72456132662181, "pruning_mse": 0.00012600421905517578, "pruning_sqnr_corrected": 4.617608248086907, "pruning_mse_corrected": 0.0002046823501586914},