{"conv1": {"sample_kurtosis": 8.060647551853004, "quant_sqnr": 14.91604611733048, "quant_mse": 0.00048825418343767524, "quant_sparsity": 0.5303996205329895, "pruning_sqnr": 11.638226183353025, "pruning_mse": 0.0010385513305664062, "pruning_sqnr_corrected": 6.721908528560876, "pruning_mse_corrected": 0.0032215118408203125}, "layer1.0.conv1": {"sample_kurtosis": 22.371746742773325, "quant_sqnr": 11.763443028155525, "quant_mse": 0.00012123671331210062, "quant_sparsity": 0.546983540058136, "pruning_sqnr": 10.884990059282647, "pruning_mse": 0.00014841556549072266, "pruning_sqnr_corrected": 6.796054746813281, "pruning_mse_corrected": 0.00038051605224609375}, "layer1.0.conv2": {"sample_kurtosis": 6.786749882291524, "quant_sqnr": 14.068167849338334, "quant_mse": 4.761598029290326e-05, "quant_sparsity": 0.3004014790058136, "pruning_sqnr": 8.134676572693508, "pruning_mse": 0.00018668174743652344, "pruning_sqnr_corrected": 6.313176578445166, "pruning_mse_corrected": 0.00028395652770996094}, "layer1.1.conv1": {"sample_kurtosis": 8.62371694239826, "quant_sqnr": 13.417997040919234, "quant_mse": 6.338014645734802e-05, "quant_sparsity": 0.3342013955116272, "pruning_sqnr": 8.19224281586306, "pruning_mse": 0.0002111196517944336, "pruning_sqnr_corrected": 6.233980468583043, "pruning_mse_corrected": 0.0003314018249511719}, "layer1.1.conv2": {"sample_kurtosis": 4.6204440187042675, "quant_sqnr": 14.838519924092664, "quant_mse": 3.7622925447067246e-05, "quant_sparsity": 0.2649196982383728, "pruning_sqnr": 7.6921115532336, "pruning_mse": 0.00019502639770507812, "pruning_sqnr_corrected": 6.156385336326453, "pruning_mse_corrected": 0.0002777576446533203}, "layer1.2.conv1": {"sample_kurtosis": 4.040714865296026, "quant_sqnr": 15.180682386993553, "quant_mse": 3.943008414353244e-05, "quant_sparsity": 0.2660590410232544, "pruning_sqnr": 7.613538849047835, "pruning_mse": 0.00022518634796142578, "pruning_sqnr_corrected": 6.068659549633349, "pruning_mse_corrected": 0.00032138824462890625}, "layer1.2.conv2": {"sample_kurtosis": 3.372661528770726, "quant_sqnr": 15.533815614282139, "quant_mse": 2.877663246181328e-05, "quant_sparsity": 0.253472238779068, "pruning_sqnr": 7.485907108383911, "pruning_mse": 0.00018358230590820312, "pruning_sqnr_corrected": 5.972566854225311, "pruning_mse_corrected": 0.0002601146697998047}, "layer2.0.conv1": {"sample_kurtosis": 4.608596250571559, "quant_sqnr": 14.902756191001256, "quant_mse": 4.000041008112021e-05, "quant_sparsity": 0.2998725175857544, "pruning_sqnr": 8.138141872748921, "pruning_mse": 0.00018990039825439453, "pruning_sqnr_corrected": 6.286401367372942, "pruning_mse_corrected": 0.00029087066650390625}, "layer2.0.conv2": {"sample_kurtosis": 9.738294772385188, "quant_sqnr": 12.93336426191188, "quant_mse": 3.831914364127442e-05, "quant_sparsity": 0.3598429262638092, "pruning_sqnr": 8.469240398912639, "pruning_mse": 0.00010710954666137695, "pruning_sqnr_corrected": 6.281311528143024, "pruning_mse_corrected": 0.00017726421356201172}, "layer2.0.downsample.0": {"sample_kurtosis": 24.547020271300106, "quant_sqnr": 10.903590663573134, "quant_mse": 0.000401518918806687, "quant_sparsity": 0.517578125, "pruning_sqnr": 10.663049818816052, "pruning_mse": 0.00042438507080078125, "pruning_sqnr_corrected": 7.212287623649251, "pruning_mse_corrected": 0.0009393692016601562}, "layer2.1.conv1": {"sample_kurtosis": 14.600000000000001, "quant_sqnr": 11.959433530299897, "quant_mse": 3.8932721508899704e-05, "quant_sparsity": 0.3482191264629364, "pruning_sqnr": 8.134217990212058, "pruning_mse": 9.393692016601562e-05, "pruning_sqnr_corrected": 6.1652633134852595, "pruning_mse_corrected": 0.00014781951904296875}, "layer2.1.conv2": {"sample_kurtosis": 5.982209917491296, "quant_sqnr": 14.148328173236957, "quant_mse": 2.1116045900271274e-05, "quant_sparsity": 0.2685886025428772, "pruning_sqnr": 7.50116631209794, "pruning_mse": 9.757280349731445e-05, "pruning_sqnr_corrected": 5.983030952191804, "pruning_mse_corrected": 0.00013840198516845703}, "layer2.2.conv1": {"sample_kurtosis": 10.090909090909092, "quant_sqnr": 13.241301458519226, "quant_mse": 3.18530437652953e-05, "quant_sparsity": 0.2842746376991272, "pruning_sqnr": 7.741626470992525, "pruning_mse": 0.00011301040649414062, "pruning_sqnr_corrected": 6.142504172809121, "pruning_mse_corrected": 0.0001633167266845703}, "layer2.2.conv2": {"sample_kurtosis": 4.924710824891862, "quant_sqnr": 14.372898224508258, "quant_mse": 1.878014882095158e-05, "quant_sparsity": 0.2379218190908432, "pruning_sqnr": 6.924226017592173, "pruning_mse": 0.00010436773300170898, "pruning_sqnr_corrected": 5.624288545651675, "pruning_mse_corrected": 0.00014078617095947266}, "layer2.3.conv1": {"sample_kurtosis": 6.467157705668994, "quant_sqnr": 13.737911136578564, "quant_mse": 3.0669605621369556e-05, "quant_sparsity": 0.2618137001991272, "pruning_sqnr": 7.353591188526107, "pruning_mse": 0.00013339519500732422, "pruning_sqnr_corrected": 5.8828955297172705, "pruning_mse_corrected": 0.00018715858459472656}, "layer2.3.conv2": {"sample_kurtosis": 3.611400562957403, "quant_sqnr": 15.082915158084692, "quant_mse": 1.35214968395303e-05, "quant_sparsity": 0.2415974885225296, "pruning_sqnr": 7.09612209611128, "pruning_mse": 8.505582809448242e-05, "pruning_sqnr_corrected": 5.71780111369299, "pruning_mse_corrected": 0.00011682510375976562}, "layer3.0.conv1": {"sample_kurtosis": 5.593632427122744, "quant_sqnr": 14.020743220519556, "quant_mse": 2.473064341756981e-05, "quant_sparsity": 0.279052734375, "pruning_sqnr": 7.371810307080546, "pruning_mse": 0.00011432170867919922, "pruning_sqnr_corrected": 5.813291006419631, "pruning_mse_corrected": 0.00016367435455322266}, "layer3.0.conv2": {"sample_kurtosis": 7.719374666414145, "quant_sqnr": 13.37734183036864, "quant_mse": 2.113188020302914e-05, "quant_sparsity": 0.2744496762752533, "pruning_sqnr": 7.197795462443168, "pruning_mse": 8.767843246459961e-05, "pruning_sqnr_corrected": 5.701648697954267, "pruning_mse_corrected": 0.00012373924255371094}, "layer3.0.downsample.0": {"sample_kurtosis": 6.835985434586069, "quant_sqnr": 13.8936174132585, "quant_mse": 6.178582407301292e-05, "quant_sparsity": 0.3114013671875, "pruning_sqnr": 8.057426179732058, "pruning_mse": 0.00023686885833740234, "pruning_sqnr_corrected": 6.202105860829973, "pruning_mse_corrected": 0.0003631114959716797}, "layer3.1.conv1": {"sample_kurtosis": 8.689777899169735, "quant_sqnr": 13.158708863650688, "quant_mse": 1.384757342748344e-05, "quant_sparsity": 0.279290109872818, "pruning_sqnr": 7.191217777934407, "pruning_mse": 5.4717063903808594e-05, "pruning_sqnr_corrected": 5.6735347476251, "pruning_mse_corrected": 7.76052474975586e-05}, "layer3.1.conv2": {"sample_kurtosis": 11.520090187543172, "quant_sqnr": 13.545151424314717, "quant_mse": 1.170951782114571e-05, "quant_sparsity": 0.2300771027803421, "pruning_sqnr": 6.6595544309816646, "pruning_mse": 5.716085433959961e-05, "pruning_sqnr_corrected": 5.429456466151745, "pruning_mse_corrected": 7.587671279907227e-05}, "layer3.2.conv1": {"sample_kurtosis": 4.792627824019025, "quant_sqnr": 14.434197165114766, "quant_mse": 1.0014261533797253e-05, "quant_sparsity": 0.216915562748909, "pruning_sqnr": 6.731233471534078, "pruning_mse": 5.900859832763672e-05, "pruning_sqnr_corrected": 5.56153540216383, "pruning_mse_corrected": 7.724761962890625e-05}, "layer3.2.conv2": {"sample_kurtosis": 4.25995290447541, "quant_sqnr": 14.937130353185864, "quant_mse": 7.710589670750778e-06, "quant_sparsity": 0.2295888215303421, "pruning_sqnr": 6.680026314201223, "pruning_mse": 5.161762237548828e-05, "pruning_sqnr_corrected": 5.429385392093058, "pruning_mse_corrected": 6.884336471557617e-05}, "layer3.3.conv1": {"sample_kurtosis": 4.073496463929722, "quant_sqnr": 14.616731252000058, "quant_mse": 9.009159839479253e-06, "quant_sparsity": 0.2343377023935318, "pruning_sqnr": 6.628967963879604, "pruning_mse": 5.6684017181396484e-05, "pruning_sqnr_corrected": 5.372735923694174, "pruning_mse_corrected": 7.56978988647461e-05},