{"conv1": {"sample_kurtosis": 7.570870350522625, "quant_sqnr": 6.310093444763723, "quant_mse": 0.003045890247449279, "quant_sparsity": 0.7627550959587097, "pruning_sqnr": 6.982074150585985, "pruning_mse": 0.0026092529296875, "pruning_sqnr_corrected": 2.6656154989462695, "pruning_mse_corrected": 0.007049560546875}, "layer1.0.conv1": {"sample_kurtosis": 28.208650047665266, "quant_sqnr": 5.593864917404301, "quant_mse": 0.0009663907112553716, "quant_sparsity": 0.8797607421875, "pruning_sqnr": 10.71681100974601, "pruning_mse": 0.0002970695495605469, "pruning_sqnr_corrected": 3.3214304157763563, "pruning_mse_corrected": 0.0016307830810546875}, "layer1.0.conv2": {"sample_kurtosis": 16.83142244334314, "quant_sqnr": 5.4154453322127445, "quant_mse": 0.002115791430696845, "quant_sparsity": 0.893663227558136, "pruning_sqnr": 10.022560803042243, "pruning_mse": 0.000732421875, "pruning_sqnr_corrected": 2.3984325006690614, "pruning_mse_corrected": 0.004238128662109375}, "layer1.0.conv3": {"sample_kurtosis": 28.643219366885763, "quant_sqnr": 5.207491737378673, "quant_mse": 0.0003918742877431214, "quant_sparsity": 0.799896240234375, "pruning_sqnr": 7.76085069628337, "pruning_mse": 0.00021767616271972656, "pruning_sqnr_corrected": 3.317221305426979, "pruning_mse_corrected": 0.0006055831909179688}, "layer1.0.downsample.0": {"sample_kurtosis": 16.943482160537688, "quant_sqnr": 5.798347207152348, "quant_mse": 0.0005902047269046307, "quant_sparsity": 0.8150634765625, "pruning_sqnr": 8.361431973613303, "pruning_mse": 0.00032711029052734375, "pruning_sqnr_corrected": 3.006608545606662, "pruning_mse_corrected": 0.0011224746704101562}, "layer1.1.conv1": {"sample_kurtosis": 10.083933616194535, "quant_sqnr": 6.123010183228729, "quant_mse": 0.00017138660768978298, "quant_sparsity": 0.74920654296875, "pruning_sqnr": 6.790047247337108, "pruning_mse": 0.00014698505401611328, "pruning_sqnr_corrected": 2.8000932190460777, "pruning_mse_corrected": 0.00036835670471191406}, "layer1.1.conv2": {"sample_kurtosis": 6.468661739078181, "quant_sqnr": 6.107971515649682, "quant_mse": 0.000964589708019048, "quant_sparsity": 0.7131076455116272, "pruning_sqnr": 6.240706812392064, "pruning_mse": 0.0009355545043945312, "pruning_sqnr_corrected": 2.6355717050779246, "pruning_mse_corrected": 0.0021457672119140625}, "layer1.1.conv3": {"sample_kurtosis": 10.17172730062543, "quant_sqnr": 6.172928065072629, "quant_mse": 0.0002220289024990052, "quant_sparsity": 0.66595458984375, "pruning_sqnr": 5.984726133101203, "pruning_mse": 0.00023186206817626953, "pruning_sqnr_corrected": 2.965503841902443, "pruning_mse_corrected": 0.0004646778106689453}, "layer1.2.conv1": {"sample_kurtosis": 2.768180892564734, "quant_sqnr": 6.789821681607123, "quant_mse": 0.0001578773371875286, "quant_sparsity": 0.574188232421875, "pruning_sqnr": 4.434381415170899, "pruning_mse": 0.0002715587615966797, "pruning_sqnr_corrected": 2.4348465935451356, "pruning_mse_corrected": 0.0004303455352783203}, "layer1.2.conv2": {"sample_kurtosis": 0.7092219048851116, "quant_sqnr": 8.025452019934518, "quant_mse": 0.0005719047039747238, "quant_sparsity": 0.4978298544883728, "pruning_sqnr": 3.6062239792664097, "pruning_mse": 0.0015821456909179688, "pruning_sqnr_corrected": 2.053540992587766, "pruning_mse_corrected": 0.002262115478515625}, "layer1.2.conv3": {"sample_kurtosis": 8.415310757684333, "quant_sqnr": 6.347905357979534, "quant_mse": 0.00017965235747396946, "quant_sparsity": 0.577789306640625, "pruning_sqnr": 5.2087892064811925, "pruning_mse": 0.00023353099822998047, "pruning_sqnr_corrected": 2.894270242996277, "pruning_mse_corrected": 0.0003979206085205078}, "layer2.0.conv1": {"sample_kurtosis": 8.979635215635087, "quant_sqnr": 5.882703224587578, "quant_mse": 0.0003039462026208639, "quant_sparsity": 0.635040283203125, "pruning_sqnr": 5.076185691104417, "pruning_mse": 0.00036597251892089844, "pruning_sqnr_corrected": 2.7344106398172903, "pruning_mse_corrected": 0.0006275177001953125}, "layer2.0.conv2": {"sample_kurtosis": 2.0766111465565773, "quant_sqnr": 6.724205199403082, "quant_mse": 0.00037003468605689704, "quant_sparsity": 0.594346821308136, "pruning_sqnr": 4.709777047592518, "pruning_mse": 0.0005884170532226562, "pruning_sqnr_corrected": 2.290471654945119, "pruning_mse_corrected": 0.0010271072387695312}, "layer2.0.conv3": {"sample_kurtosis": 9.554638953077669, "quant_sqnr": 5.483832994081159, "quant_mse": 0.00019491920829750597, "quant_sparsity": 0.6447982788085938, "pruning_sqnr": 5.3020345509201245, "pruning_mse": 0.00020325183868408203, "pruning_sqnr_corrected": 2.900496391132385, "pruning_mse_corrected": 0.0003533363342285156}, "layer2.0.downsample.0": {"sample_kurtosis": 32.8401264855949, "quant_sqnr": 4.514196594689103, "quant_mse": 0.00014502700651064515, "quant_sparsity": 0.6929702758789062, "pruning_sqnr": 6.0944483063776955, "pruning_mse": 0.00010079145431518555, "pruning_sqnr_corrected": 3.5215095715921003, "pruning_mse_corrected": 0.00018227100372314453}, "layer2.1.conv1": {"sample_kurtosis": 11.759695509211296, "quant_sqnr": 5.2676231818094275, "quant_mse": 8.44994792714715e-05, "quant_sparsity": 0.6856002807617188, "pruning_sqnr": 5.538320218978978, "pruning_mse": 7.939338684082031e-05, "pruning_sqnr_corrected": 2.8881578088580255, "pruning_mse_corrected": 0.0001461505889892578}, "layer2.1.conv2": {"sample_kurtosis": 4.463094109861689, "quant_sqnr": 6.336202604151558, "quant_mse": 0.0003972993290517479, "quant_sparsity": 0.5703125, "pruning_sqnr": 4.644628895506897, "pruning_mse": 0.0005865097045898438, "pruning_sqnr_corrected": 2.6881069198231384, "pruning_mse_corrected": 0.0009202957153320312}, "layer2.1.conv3": {"sample_kurtosis": 8.29054754045826, "quant_sqnr": 6.03223601121507, "quant_mse": 0.00011746363452402875, "quant_sparsity": 0.583160400390625, "pruning_sqnr": 4.916475079162589, "pruning_mse": 0.0001518726348876953, "pruning_sqnr_corrected": 2.899631872225818, "pruning_mse_corrected": 0.0002416372299194336}, "layer2.2.conv1": {"sample_kurtosis": 5.5936173351472736, "quant_sqnr": 6.072817419618367, "quant_mse": 8.733724826015532e-05, "quant_sparsity": 0.5573272705078125, "pruning_sqnr": 4.601780320331063, "pruning_mse": 0.00012254714965820312, "pruning_sqnr_corrected": 2.757186049889741, "pruning_mse_corrected": 0.00018739700317382812}, "layer2.2.conv2": {"sample_kurtosis": 2.131323311217491, "quant_sqnr": 7.088356244806552, "quant_mse": 0.0002830324519891292, "quant_sparsity": 0.487847238779068, "pruning_sqnr": 3.9558610327856023, "pruning_mse": 0.0005822181701660156, "pruning_sqnr_corrected": 2.4300228809655025, "pruning_mse_corrected": 0.0008273124694824219}, "layer2.2.conv3": {"sample_kurtosis": 7.328631996949268, "quant_sqnr": 6.253816301444406, "quant_mse": 9.54087299760431e-05, "quant_sparsity": 0.5759353637695312, "pruning_sqnr": 4.630799305065415, "pruning_mse": 0.0001386404037475586, "pruning_sqnr_corrected": 2.688269461715063, "pruning_mse_corrected": 0.0002168416976928711}, "layer2.3.conv1": {"sample_kurtosis": 5.855549874164874, "quant_sqnr": 6.081367651515318, "quant_mse": 9.492396202404052e-05, "quant_sparsity": 0.519287109375, "pruning_sqnr": 4.576641318157755, "pruning_mse": 0.0001342296600341797, "pruning_sqnr_corrected": 2.9014218988224156, "pruning_mse_corrected": 0.00019741058349609375}, "layer2.3.conv2": {"sample_kurtosis": 2.195901670106962, "quant_sqnr": 7.016872252621512, "quant_mse": 0.0002773046726360917, "quant_sparsity": 0.4875217080116272, "pruning_sqnr": 4.078482973322865, "pruning_mse": 0.000545501708984375, "pruning_sqnr_corrected": 2.461662337492369, "pruning_mse_corrected": 0.0007915496826171875}, "layer2.3.conv3": {"sample_kurtosis": 10.144361148609367, "quant_sqnr": 5.8928885459500036, "quant_mse": 9.373251668876037e-05, "quant_sparsity": 0.6302566528320312, "pruning_sqnr": 5.0124274559586794, "pruning_mse": 0.00011479854583740234, "pruning_sqnr_corrected": 2.7241507168012657, "pruning_mse_corrected": 0.00019443035125732422},