{"conv1": {"sample_kurtosis": 8.060647551853004, "quant_sqnr": 30.441544704251587, "quant_mse": 1.3680315532837994e-05, "quant_sparsity": 0.24000850319862366, "pruning_sqnr": 18.74002799175087, "pruning_mse": 0.00020241737365722656, "pruning_sqnr_corrected": 14.69664790457077, "pruning_mse_corrected": 0.0005135536193847656}, "layer1.0.conv1": {"sample_kurtosis": 22.371746742773325, "quant_sqnr": 25.61376551491866, "quant_mse": 4.995763902115868e-06, "quant_sparsity": 0.261040598154068, "pruning_sqnr": 16.89513763341577, "pruning_mse": 3.719329833984375e-05, "pruning_sqnr_corrected": 13.100571603635526, "pruning_mse_corrected": 8.910894393920898e-05}, "layer1.0.conv2": {"sample_kurtosis": 6.786749882291524, "quant_sqnr": 26.52242374169503, "quant_mse": 2.7059959393227473e-06, "quant_sparsity": 0.0873209610581398, "pruning_sqnr": 12.839835453904861, "pruning_mse": 6.318092346191406e-05, "pruning_sqnr_corrected": 11.834829525157296, "pruning_mse_corrected": 7.963180541992188e-05}, "layer1.1.conv1": {"sample_kurtosis": 8.62371694239826, "quant_sqnr": 27.29744016105432, "quant_mse": 2.594232682895381e-06, "quant_sparsity": 0.0796169713139534, "pruning_sqnr": 12.74001709798717, "pruning_mse": 7.408857345581055e-05, "pruning_sqnr_corrected": 11.843494842006908, "pruning_mse_corrected": 9.107589721679688e-05}, "layer1.1.conv2": {"sample_kurtosis": 4.6204440187042675, "quant_sqnr": 28.999869445689455, "quant_mse": 1.4431703903028392e-06, "quant_sparsity": 0.0611436627805233, "pruning_sqnr": 12.20691091370896, "pruning_mse": 6.896257400512695e-05, "pruning_sqnr_corrected": 11.517647607916008, "pruning_mse_corrected": 8.082389831542969e-05}, "layer1.2.conv1": {"sample_kurtosis": 4.040714865296026, "quant_sqnr": 29.523432503461677, "quant_mse": 1.4506167644867674e-06, "quant_sparsity": 0.0569661445915699, "pruning_sqnr": 12.160723144218439, "pruning_mse": 7.903575897216797e-05, "pruning_sqnr_corrected": 11.513772186591195, "pruning_mse_corrected": 9.173154830932617e-05}, "layer1.2.conv2": {"sample_kurtosis": 3.372661528770726, "quant_sqnr": 28.643091007901496, "quant_mse": 1.4064115703149582e-06, "quant_sparsity": 0.06005859375, "pruning_sqnr": 12.126557596396685, "pruning_mse": 6.306171417236328e-05, "pruning_sqnr_corrected": 11.437197421766003, "pruning_mse_corrected": 7.390975952148438e-05}, "layer2.0.conv1": {"sample_kurtosis": 4.608596250571559, "quant_sqnr": 29.325528752499164, "quant_mse": 1.4447316516452702e-06, "quant_sparsity": 0.0659993514418602, "pruning_sqnr": 12.848442554420231, "pruning_mse": 6.41942024230957e-05, "pruning_sqnr_corrected": 12.081568310726915, "pruning_mse_corrected": 7.659196853637695e-05}, "layer2.0.conv2": {"sample_kurtosis": 9.738294772385188, "quant_sqnr": 26.324030364203143, "quant_mse": 1.7552912368046236e-06, "quant_sparsity": 0.095167376101017, "pruning_sqnr": 13.175685377275029, "pruning_mse": 3.62396240234375e-05, "pruning_sqnr_corrected": 12.077103549422944, "pruning_mse_corrected": 4.667043685913086e-05}, "layer2.0.downsample.0": {"sample_kurtosis": 24.547020271300106, "quant_sqnr": 24.876927499164307, "quant_mse": 1.608319507795386e-05, "quant_sparsity": 0.150146484375, "pruning_sqnr": 15.491980847821175, "pruning_mse": 0.00013959407806396484, "pruning_sqnr_corrected": 13.74965170375804, "pruning_mse_corrected": 0.0002084970474243164}, "layer2.1.conv1": {"sample_kurtosis": 14.600000000000001, "quant_sqnr": 24.854118301880398, "quant_mse": 1.9991541648778366e-06, "quant_sparsity": 0.0978597030043602, "pruning_sqnr": 12.589295643553037, "pruning_mse": 3.36766242980957e-05, "pruning_sqnr_corrected": 11.500413914746485, "pruning_mse_corrected": 4.3272972106933594e-05}, "layer2.1.conv2": {"sample_kurtosis": 5.982209917491296, "quant_sqnr": 27.412179347886713, "quant_mse": 9.959269391401904e-07, "quant_sparsity": 0.0696682408452034, "pruning_sqnr": 11.984967558627213, "pruning_mse": 3.4749507904052734e-05, "pruning_sqnr_corrected": 11.203098879985742, "pruning_mse_corrected": 4.1604042053222656e-05}, "layer2.2.conv1": {"sample_kurtosis": 10.090909090909092, "quant_sqnr": 23.775350777797243, "quant_mse": 2.8167351047159173e-06, "quant_sparsity": 0.0894775390625, "pruning_sqnr": 12.188538681885149, "pruning_mse": 4.0590763092041016e-05, "pruning_sqnr_corrected": 11.205431094122948, "pruning_mse_corrected": 5.0902366638183594e-05}, "layer2.2.conv2": {"sample_kurtosis": 4.924710824891862, "quant_sqnr": 26.759110112430324, "quant_mse": 1.0841212088052998e-06, "quant_sparsity": 0.0697903111577034, "pruning_sqnr": 11.322516321942494, "pruning_mse": 3.790855407714844e-05, "pruning_sqnr_corrected": 10.554669719471832, "pruning_mse_corrected": 4.5239925384521484e-05}, "layer2.3.conv1": {"sample_kurtosis": 6.467157705668994, "quant_sqnr": 26.129862279102024, "quant_mse": 1.7681254576018546e-06, "quant_sparsity": 0.0764363631606102, "pruning_sqnr": 11.810448327607785, "pruning_mse": 4.780292510986328e-05, "pruning_sqnr_corrected": 10.962145853464051, "pruning_mse_corrected": 5.811452865600586e-05}, "layer2.3.conv2": {"sample_kurtosis": 3.611400562957403, "quant_sqnr": 27.297668874014423, "quant_mse": 8.11987604265596e-07, "quant_sparsity": 0.0644395649433136, "pruning_sqnr": 11.650661783897561, "pruning_mse": 2.9802322387695312e-05, "pruning_sqnr_corrected": 10.917144760028552, "pruning_mse_corrected": 3.528594970703125e-05}, "layer3.0.conv1": {"sample_kurtosis": 5.593632427122744, "quant_sqnr": 27.461402176906194, "quant_mse": 1.119874923460884e-06, "quant_sparsity": 0.0654873326420784, "pruning_sqnr": 11.811805428054441, "pruning_mse": 4.112720489501953e-05, "pruning_sqnr_corrected": 11.07807577010284, "pruning_mse_corrected": 4.869699478149414e-05}, "layer3.0.conv2": {"sample_kurtosis": 7.719374666414145, "quant_sqnr": 25.287760938214223, "quant_mse": 1.3611194162876927e-06, "quant_sparsity": 0.077924944460392, "pruning_sqnr": 11.566099433054578, "pruning_mse": 3.2067298889160156e-05, "pruning_sqnr_corrected": 10.718144706475796, "pruning_mse_corrected": 3.898143768310547e-05}, "layer3.0.downsample.0": {"sample_kurtosis": 6.835985434586069, "quant_sqnr": 26.891259546598732, "quant_mse": 3.0983082979219034e-06, "quant_sparsity": 0.083099365234375, "pruning_sqnr": 12.654062145711524, "pruning_mse": 8.219480514526367e-05, "pruning_sqnr_corrected": 11.717204712059019, "pruning_mse_corrected": 0.00010198354721069336}, "layer3.1.conv1": {"sample_kurtosis": 8.689777899169735, "quant_sqnr": 25.320028331072923, "quant_mse": 8.418635957241349e-07, "quant_sparsity": 0.0794440358877182, "pruning_sqnr": 11.569196519578377, "pruning_mse": 1.996755599975586e-05, "pruning_sqnr_corrected": 10.702411509873412, "pruning_mse_corrected": 2.4378299713134766e-05}, "layer3.1.conv2": {"sample_kurtosis": 11.520090187543172, "quant_sqnr": 22.406781583787843, "quant_mse": 1.5218645330605796e-06, "quant_sparsity": 0.0954267755150795, "pruning_sqnr": 10.999993448810075, "pruning_mse": 2.104043960571289e-05, "pruning_sqnr_corrected": 9.955277092655068, "pruning_mse_corrected": 2.676248550415039e-05}, "layer3.2.conv1": {"sample_kurtosis": 4.792627824019025, "quant_sqnr": 25.635838874995336, "quant_mse": 7.593723125864926e-07, "quant_sparsity": 0.0649091973900795, "pruning_sqnr": 11.076571581019017, "pruning_mse": 2.1696090698242188e-05, "pruning_sqnr_corrected": 10.373147727377855, "pruning_mse_corrected": 2.5510787963867188e-05}, "layer3.2.conv2": {"sample_kurtosis": 4.25995290447541, "quant_sqnr": 26.274754625729187, "quant_mse": 5.666634024237283e-07, "quant_sparsity": 0.0606486015021801, "pruning_sqnr": 11.085908753642538, "pruning_mse": 1.8715858459472656e-05, "pruning_sqnr_corrected": 10.408544591853794, "pruning_mse_corrected": 2.187490463256836e-05}, "layer3.3.conv1": {"sample_kurtosis": 4.073496463929722, "quant_sqnr": 26.999069862455798, "quant_mse": 5.2053559329579e-07, "quant_sparsity": 0.0593227818608284, "pruning_sqnr": 10.957701968595504, "pruning_mse": 2.092123031616211e-05, "pruning_sqnr_corrected": 10.314829041001543,