{"conv1": {"sample_kurtosis": 8.060647551853004, "quant_sqnr": 10.576749297725492, "quant_mse": 0.0013260981068015099, "quant_sparsity": 0.6423256397247314, "pruning_sqnr": 9.355608722302474, "pruning_mse": 0.0017566680908203125, "pruning_sqnr_corrected": 4.592262405872653, "pruning_mse_corrected": 0.005260467529296875}, "layer1.0.conv1": {"sample_kurtosis": 22.371746742773325, "quant_sqnr": 8.360352765634891, "quant_mse": 0.000265425827819854, "quant_sparsity": 0.6360676884651184, "pruning_sqnr": 9.049147564071909, "pruning_mse": 0.00022649765014648438, "pruning_sqnr_corrected": 5.228028793561506, "pruning_mse_corrected": 0.0005459785461425781}, "layer1.0.conv2": {"sample_kurtosis": 6.786749882291524, "quant_sqnr": 10.175291993050191, "quant_mse": 0.00011669179366435856, "quant_sparsity": 0.4308268129825592, "pruning_sqnr": 6.622978731781339, "pruning_mse": 0.0002644062042236328, "pruning_sqnr_corrected": 4.56321719626438, "pruning_mse_corrected": 0.0004248619079589844}, "layer1.1.conv1": {"sample_kurtosis": 8.62371694239826, "quant_sqnr": 9.663221180915112, "quant_mse": 0.00015046338376123458, "quant_sparsity": 0.4395345151424408, "pruning_sqnr": 6.733415407363362, "pruning_mse": 0.00029540061950683594, "pruning_sqnr_corrected": 4.697476568508684, "pruning_mse_corrected": 0.00047206878662109375}, "layer1.1.conv2": {"sample_kurtosis": 4.6204440187042675, "quant_sqnr": 10.619370845543369, "quant_mse": 9.939567098626867e-05, "quant_sparsity": 0.3973524272441864, "pruning_sqnr": 6.242983550848539, "pruning_mse": 0.0002722740173339844, "pruning_sqnr_corrected": 4.429153658544917, "pruning_mse_corrected": 0.0004134178161621094}, "layer1.2.conv1": {"sample_kurtosis": 4.040714865296026, "quant_sqnr": 10.813067939349867, "quant_mse": 0.00010779264994198456, "quant_sparsity": 0.3758409321308136, "pruning_sqnr": 6.163110516162707, "pruning_mse": 0.00031447410583496094, "pruning_sqnr_corrected": 4.465212358001179, "pruning_mse_corrected": 0.0004649162292480469}, "layer1.2.conv2": {"sample_kurtosis": 3.372661528770726, "quant_sqnr": 11.15577215390622, "quant_mse": 7.885773811722174e-05, "quant_sparsity": 0.3905164897441864, "pruning_sqnr": 5.992516107580449, "pruning_mse": 0.0002589225769042969, "pruning_sqnr_corrected": 4.1970828322745115, "pruning_mse_corrected": 0.0003914833068847656}, "layer2.0.conv1": {"sample_kurtosis": 4.608596250571559, "quant_sqnr": 10.54755712028185, "quant_mse": 0.00010903962538577616, "quant_sparsity": 0.417534738779068, "pruning_sqnr": 6.600041058829009, "pruning_mse": 0.00027060508728027344, "pruning_sqnr_corrected": 4.566021633165338, "pruning_mse_corrected": 0.0004322528839111328}, "layer2.0.conv2": {"sample_kurtosis": 9.738294772385188, "quant_sqnr": 9.22278777159154, "quant_mse": 9.004786988953128e-05, "quant_sparsity": 0.4567735493183136, "pruning_sqnr": 6.959550100238616, "pruning_mse": 0.00015163421630859375, "pruning_sqnr_corrected": 4.7615966603856394, "pruning_mse_corrected": 0.00025153160095214844}, "layer2.0.downsample.0": {"sample_kurtosis": 24.547020271300106, "quant_sqnr": 7.489459480389458, "quant_mse": 0.000881290587130934, "quant_sparsity": 0.65625, "pruning_sqnr": 9.078069633437195, "pruning_mse": 0.0006113052368164062, "pruning_sqnr_corrected": 5.325357788095385, "pruning_mse_corrected": 0.0014505386352539062}, "layer2.1.conv1": {"sample_kurtosis": 14.600000000000001, "quant_sqnr": 8.498232901285466, "quant_mse": 8.638430153951049e-05, "quant_sparsity": 0.4567667543888092, "pruning_sqnr": 6.7292013675498605, "pruning_mse": 0.00012981891632080078, "pruning_sqnr_corrected": 4.698982443981134, "pruning_mse_corrected": 0.0002071857452392578}, "layer2.1.conv2": {"sample_kurtosis": 5.982209917491296, "quant_sqnr": 10.30281059188815, "quant_mse": 5.118755143485032e-05, "quant_sparsity": 0.3850165605545044, "pruning_sqnr": 6.08905405094357, "pruning_mse": 0.00013506412506103516, "pruning_sqnr_corrected": 4.409392686560343, "pruning_mse_corrected": 0.00019884109497070312}, "layer2.2.conv1": {"sample_kurtosis": 10.090909090909092, "quant_sqnr": 9.575666176717183, "quant_mse": 7.408230158034712e-05, "quant_sparsity": 0.4268527626991272, "pruning_sqnr": 6.336996887815546, "pruning_mse": 0.00015616416931152344, "pruning_sqnr_corrected": 4.4454595688663145, "pruning_mse_corrected": 0.00024139881134033203}, "layer2.2.conv2": {"sample_kurtosis": 4.924710824891862, "quant_sqnr": 10.78046030613474, "quant_mse": 4.2947987822117284e-05, "quant_sparsity": 0.3278333842754364, "pruning_sqnr": 5.558595690798336, "pruning_mse": 0.00014293193817138672, "pruning_sqnr_corrected": 4.187769389746507, "pruning_mse_corrected": 0.00019598007202148438}, "layer2.3.conv1": {"sample_kurtosis": 6.467157705668994, "quant_sqnr": 10.035523854584927, "quant_mse": 7.193610508693382e-05, "quant_sparsity": 0.3765123188495636, "pruning_sqnr": 5.949797157986547, "pruning_mse": 0.0001842975616455078, "pruning_sqnr_corrected": 4.316208192016521, "pruning_mse_corrected": 0.0002684593200683594}, "layer2.3.conv2": {"sample_kurtosis": 3.611400562957403, "quant_sqnr": 10.98905380100277, "quant_mse": 3.470650699455291e-05, "quant_sparsity": 0.3613959550857544, "pruning_sqnr": 5.669325325765184, "pruning_mse": 0.00011813640594482422, "pruning_sqnr_corrected": 4.0767014959673205, "pruning_mse_corrected": 0.0001704692840576172}, "layer3.0.conv1": {"sample_kurtosis": 5.593632427122744, "quant_sqnr": 10.077095819295263, "quant_mse": 6.131971895229071e-05, "quant_sparsity": 0.3703952431678772, "pruning_sqnr": 5.977681827290969, "pruning_mse": 0.0001575946807861328, "pruning_sqnr_corrected": 4.377389508237053, "pruning_mse_corrected": 0.00022780895233154297}, "layer3.0.conv2": {"sample_kurtosis": 7.719374666414145, "quant_sqnr": 9.77295185186293, "quant_mse": 4.845930016017519e-05, "quant_sparsity": 0.3754068911075592, "pruning_sqnr": 5.835484440831924, "pruning_mse": 0.00011998414993286133, "pruning_sqnr_corrected": 4.261939303493537, "pruning_mse_corrected": 0.0001723766326904297}, "layer3.0.downsample.0": {"sample_kurtosis": 6.835985434586069, "quant_sqnr": 9.896769619055089, "quant_mse": 0.00015508636715821922, "quant_sparsity": 0.43505859375, "pruning_sqnr": 6.574033180093773, "pruning_mse": 0.0003333091735839844, "pruning_sqnr_corrected": 4.518876368349161, "pruning_mse_corrected": 0.0005350112915039062}, "layer3.1.conv1": {"sample_kurtosis": 8.689777899169735, "quant_sqnr": 9.648168998813594, "quant_mse": 3.107618249487132e-05, "quant_sparsity": 0.3959130346775055, "pruning_sqnr": 5.833207331776262, "pruning_mse": 7.480382919311523e-05, "pruning_sqnr_corrected": 4.180917821294595, "pruning_mse_corrected": 0.00010943412780761719}, "layer3.1.conv2": {"sample_kurtosis": 11.520090187543172, "quant_sqnr": 10.419052200409729, "quant_mse": 2.4051874788710847e-05, "quant_sparsity": 0.3498687744140625, "pruning_sqnr": 5.324964588729286, "pruning_mse": 7.772445678710938e-05, "pruning_sqnr_corrected": 3.9033548340901625, "pruning_mse_corrected": 0.00010782480239868164}, "layer3.2.conv1": {"sample_kurtosis": 4.792627824019025, "quant_sqnr": 10.65645073299526, "quant_mse": 2.3899761799839325e-05, "quant_sparsity": 0.3298509418964386, "pruning_sqnr": 5.3842477325595155, "pruning_mse": 8.046627044677734e-05, "pruning_sqnr_corrected": 4.03704753246943, "pruning_mse_corrected": 0.00010973215103149414}, "layer3.2.conv2": {"sample_kurtosis": 4.25995290447541, "quant_sqnr": 11.052947806545543, "quant_mse": 1.8858443581848405e-05, "quant_sparsity": 0.3473375141620636, "pruning_sqnr": 5.318021730913463, "pruning_mse": 7.063150405883789e-05, "pruning_sqnr_corrected": 3.875104804531055, "pruning_mse_corrected": 9.846687316894531e-05}, "layer3.3.conv1": {"sample_kurtosis": 4.073496463929722, "quant_sqnr": 10.783976881765398, "quant_mse": 2.1775078494101763e-05, "quant_sparsity": 0.3354966938495636, "pruning_sqnr": 5.288075449081038, "pruning_mse": 7.718801498413086e-05, "pruning_sqnr_corrected": 3.926135957743424, "pruning_mse_corrected": 0.00010561943054199219},