{"conv1": {"sample_kurtosis": 5.415205676624328, "quant_sqnr": 37.00919199605855, "quant_mse": 3.022901182703208e-06, "quant_sparsity": 0.07759353518486023, "pruning_sqnr": 19.42468643870575, "pruning_mse": 0.00017333030700683594, "pruning_sqnr_corrected": 17.9946673687829, "pruning_mse_corrected": 0.0002409219741821289}, "layer1.0.conv1": {"sample_kurtosis": 14.72728476629704, "quant_sqnr": 33.18803953378277, "quant_mse": 2.416740699118236e-06, "quant_sparsity": 0.1572265625, "pruning_sqnr": 19.377492894912002, "pruning_mse": 5.811452865600586e-05, "pruning_sqnr_corrected": 16.683561010942284, "pruning_mse_corrected": 0.0001080632209777832}, "layer1.0.conv2": {"sample_kurtosis": 23.25135001341511, "quant_sqnr": 29.80898326006883, "quant_mse": 8.884297812983277e-07, "quant_sparsity": 0.1975640207529068, "pruning_sqnr": 18.27905469238547, "pruning_mse": 1.2636184692382812e-05, "pruning_sqnr_corrected": 14.802993315332104, "pruning_mse_corrected": 2.8133392333984375e-05}, "layer1.0.conv3": {"sample_kurtosis": 11.414392713312507, "quant_sqnr": 32.87251233190025, "quant_mse": 6.418395059881732e-07, "quant_sparsity": 0.21435546875, "pruning_sqnr": 20.162015166313374, "pruning_mse": 1.1980533599853516e-05, "pruning_sqnr_corrected": 15.574697356312972, "pruning_mse_corrected": 3.445148468017578e-05}, "layer1.0.downsample.0": {"sample_kurtosis": 24.09273649075615, "quant_sqnr": 29.01252332347981, "quant_mse": 4.166074177192058e-06, "quant_sparsity": 0.2137451171875, "pruning_sqnr": 20.214233570017164, "pruning_mse": 3.159046173095703e-05, "pruning_sqnr_corrected": 16.354463092491027, "pruning_mse_corrected": 7.683038711547852e-05}, "layer1.1.conv1": {"sample_kurtosis": 4.38512244096737, "quant_sqnr": 35.2569980732703, "quant_mse": 2.799861249513924e-07, "quant_sparsity": 0.1827392578125, "pruning_sqnr": 16.80360315203562, "pruning_mse": 1.9609928131103516e-05, "pruning_sqnr_corrected": 13.41431768911236, "pruning_mse_corrected": 4.279613494873047e-05}, "layer1.1.conv2": {"sample_kurtosis": 9.799826860450116, "quant_sqnr": 28.76744433316956, "quant_mse": 1.102616352000041e-06, "quant_sparsity": 0.122450090944767, "pruning_sqnr": 14.955287471283432, "pruning_mse": 2.6524066925048828e-05, "pruning_sqnr_corrected": 13.088326563891586, "pruning_mse_corrected": 4.076957702636719e-05}, "layer1.1.conv3": {"sample_kurtosis": 7.159383166950734, "quant_sqnr": 34.15018927390498, "quant_mse": 4.071028456564818e-07, "quant_sparsity": 0.108642578125, "pruning_sqnr": 19.355757410734288, "pruning_mse": 1.2278556823730469e-05, "pruning_sqnr_corrected": 17.15416855386447, "pruning_mse_corrected": 2.0384788513183594e-05}, "layer1.2.conv1": {"sample_kurtosis": 2.1720606489896515, "quant_sqnr": 37.28846174209793, "quant_mse": 1.688850659320451e-07, "quant_sparsity": 0.05560302734375, "pruning_sqnr": 14.19229479460077, "pruning_mse": 3.445148468017578e-05, "pruning_sqnr_corrected": 13.34820205750801, "pruning_mse_corrected": 4.184246063232422e-05}, "layer1.2.conv2": {"sample_kurtosis": 2.0840201483573955, "quant_sqnr": 34.55680090823351, "quant_mse": 3.536844417340035e-07, "quant_sparsity": 0.030029296875, "pruning_sqnr": 12.960351208402116, "pruning_mse": 5.1081180572509766e-05, "pruning_sqnr_corrected": 12.540439484653408, "pruning_mse_corrected": 5.626678466796875e-05}, "layer1.2.conv3": {"sample_kurtosis": 6.9628969497227065, "quant_sqnr": 34.35508095356291, "quant_mse": 3.568553097466065e-07, "quant_sparsity": 0.08978271484375, "pruning_sqnr": 21.055101847699742, "pruning_mse": 7.62939453125e-06, "pruning_sqnr_corrected": 19.455484260148285, "pruning_mse_corrected": 1.1026859283447266e-05}, "layer2.0.conv1": {"sample_kurtosis": 4.958802353655539, "quant_sqnr": 33.51237965531838, "quant_mse": 5.598575398835237e-07, "quant_sparsity": 0.038818359375, "pruning_sqnr": 14.489741295222158, "pruning_mse": 4.470348358154297e-05, "pruning_sqnr_corrected": 13.935957981472157, "pruning_mse_corrected": 5.078315734863281e-05}, "layer2.0.conv2": {"sample_kurtosis": 3.0359341440681398, "quant_sqnr": 31.82550858230853, "quant_mse": 3.2635250590828946e-07, "quant_sparsity": 0.0378824882209301, "pruning_sqnr": 12.956452549937755, "pruning_mse": 2.5153160095214844e-05, "pruning_sqnr_corrected": 12.424393269153352, "pruning_mse_corrected": 2.8431415557861328e-05}, "layer2.0.conv3": {"sample_kurtosis": 11.085953366504418, "quant_sqnr": 31.222565741111232, "quant_mse": 5.951809498583316e-07, "quant_sparsity": 0.1777191162109375, "pruning_sqnr": 18.184294347879828, "pruning_mse": 1.1980533599853516e-05, "pruning_sqnr_corrected": 14.983762018105711, "pruning_mse_corrected": 2.5033950805664062e-05}, "layer2.0.downsample.0": {"sample_kurtosis": 32.10857142857143, "quant_sqnr": 26.529551467282303, "quant_mse": 1.1885584854098852e-06, "quant_sparsity": 0.21305084228515625, "pruning_sqnr": 18.096807993328216, "pruning_mse": 8.285045623779297e-06, "pruning_sqnr_corrected": 14.489049165297356, "pruning_mse_corrected": 1.901388168334961e-05}, "layer2.1.conv1": {"sample_kurtosis": 14.026156989171124, "quant_sqnr": 30.60675446988652, "quant_mse": 2.4133350962074474e-07, "quant_sparsity": 0.18450927734375, "pruning_sqnr": 18.419381689410056, "pruning_mse": 3.993511199951172e-06, "pruning_sqnr_corrected": 15.157246272587756, "pruning_mse_corrected": 8.463859558105469e-06}, "layer2.1.conv2": {"sample_kurtosis": 14.059558517284465, "quant_sqnr": 30.03639019251588, "quant_mse": 3.707209543790668e-07, "quant_sparsity": 0.0696750208735466, "pruning_sqnr": 15.878910351337511, "pruning_mse": 9.655952453613281e-06, "pruning_sqnr_corrected": 14.899100117631692, "pruning_mse_corrected": 1.2099742889404297e-05}, "layer2.1.conv3": {"sample_kurtosis": 16.382269549684672, "quant_sqnr": 30.776100874332506, "quant_mse": 4.081763620433776e-07, "quant_sparsity": 0.1198577880859375, "pruning_sqnr": 19.993639816067514, "pruning_mse": 4.887580871582031e-06, "pruning_sqnr_corrected": 18.093741130345112, "pruning_mse_corrected": 7.569789886474609e-06}, "layer2.2.conv1": {"sample_kurtosis": 6.682142197599262, "quant_sqnr": 33.62880358357958, "quant_mse": 2.3592576781084063e-07, "quant_sparsity": 0.0498199462890625, "pruning_sqnr": 14.28896714367903, "pruning_mse": 2.0265579223632812e-05, "pruning_sqnr_corrected": 13.56149578325688, "pruning_mse_corrected": 2.396106719970703e-05}, "layer2.2.conv2": {"sample_kurtosis": 5.770254390036843, "quant_sqnr": 32.39198741404966, "quant_mse": 2.688501012926281e-07, "quant_sparsity": 0.0398763008415699, "pruning_sqnr": 13.722907580755088, "pruning_mse": 1.9788742065429688e-05, "pruning_sqnr_corrected": 13.170874915737523, "pruning_mse_corrected": 2.2470951080322266e-05}, "layer2.2.conv3": {"sample_kurtosis": 6.901955913139616, "quant_sqnr": 31.352007202707952, "quant_mse": 5.019103355152765e-07, "quant_sparsity": 0.046417236328125, "pruning_sqnr": 14.121867441452377, "pruning_mse": 2.6524066925048828e-05, "pruning_sqnr_corrected": 13.462169953809362, "pruning_mse_corrected": 3.0875205993652344e-05}, "layer2.3.conv1": {"sample_kurtosis": 2.967117585848075, "quant_sqnr": 32.85188746542546, "quant_mse": 3.0711635190527886e-07, "quant_sparsity": 0.0334930419921875, "pruning_sqnr": 13.079027237088848, "pruning_mse": 2.9146671295166016e-05, "pruning_sqnr_corrected": 12.608150805558624, "pruning_mse_corrected": 3.248453140258789e-05}, "layer2.3.conv2": {"sample_kurtosis": 1.9648081860807407, "quant_sqnr": 34.942123904741806, "quant_mse": 1.610639372984224e-07, "quant_sparsity": 0.02596028707921505, "pruning_sqnr": 12.698323958556394, "pruning_mse": 2.7000904083251953e-05, "pruning_sqnr_corrected": 12.330836785912414, "pruning_mse_corrected": 2.9385089874267578e-05}, "layer2.3.conv3": {"sample_kurtosis": 6.035920915712799, "quant_sqnr": 32.05513441574511, "quant_mse": 3.692561847401521e-07, "quant_sparsity": 0.0501861572265625, "pruning_sqnr": 14.816872719219091, "pruning_mse": 1.9550323486328125e-05, "pruning_sqnr_corrected": 14.09850150614677, "pruning_mse_corrected": 2.3066997528076172e-05},