{"conv1": {"sample_kurtosis": 7.570870350522625, "quant_sqnr": 10.462280740850796, "quant_mse": 0.0011708345264196396, "quant_sparsity": 0.650616466999054, "pruning_sqnr": 9.328351910465836, "pruning_mse": 0.0015201568603515625, "pruning_sqnr_corrected": 4.522764698678277, "pruning_mse_corrected": 0.004596710205078125}, "layer1.0.conv1": {"sample_kurtosis": 28.208650047665266, "quant_sqnr": 8.966820242644282, "quant_mse": 0.00044448510743677616, "quant_sparsity": 0.824951171875, "pruning_sqnr": 13.692394995605557, "pruning_mse": 0.00014972686767578125, "pruning_sqnr_corrected": 5.221700785766094, "pruning_mse_corrected": 0.0010528564453125}, "layer1.0.conv2": {"sample_kurtosis": 16.83142244334314, "quant_sqnr": 9.391219550294057, "quant_mse": 0.0008470234461128712, "quant_sparsity": 0.8033854365348816, "pruning_sqnr": 12.855573090077739, "pruning_mse": 0.0003814697265625, "pruning_sqnr_corrected": 4.719763204395818, "pruning_mse_corrected": 0.002483367919921875}, "layer1.0.conv3": {"sample_kurtosis": 28.643219366885763, "quant_sqnr": 8.414597392631238, "quant_mse": 0.00018725619884207845, "quant_sparsity": 0.6837158203125, "pruning_sqnr": 9.845073993431974, "pruning_mse": 0.0001347064971923828, "pruning_sqnr_corrected": 5.21182694379214, "pruning_mse_corrected": 0.0003914833068847656}, "layer1.0.downsample.0": {"sample_kurtosis": 16.943482160537688, "quant_sqnr": 9.204947341644692, "quant_mse": 0.0002693659334909171, "quant_sparsity": 0.7225341796875, "pruning_sqnr": 10.800129625135773, "pruning_mse": 0.00018656253814697266, "pruning_sqnr_corrected": 4.903380990150836, "pruning_mse_corrected": 0.0007252693176269531}, "layer1.1.conv1": {"sample_kurtosis": 10.083933616194535, "quant_sqnr": 10.261533103698747, "quant_mse": 6.608830153709278e-05, "quant_sparsity": 0.64764404296875, "pruning_sqnr": 9.075382452234335, "pruning_mse": 8.684396743774414e-05, "pruning_sqnr_corrected": 4.473350896372191, "pruning_mse_corrected": 0.0002505779266357422}, "layer1.1.conv2": {"sample_kurtosis": 6.468661739078181, "quant_sqnr": 10.622036528650359, "quant_mse": 0.00034114273148588836, "quant_sparsity": 0.5844184160232544, "pruning_sqnr": 8.34702749998023, "pruning_mse": 0.000576019287109375, "pruning_sqnr_corrected": 4.510894726848582, "pruning_mse_corrected": 0.0013933181762695312}, "layer1.1.conv3": {"sample_kurtosis": 10.17172730062543, "quant_sqnr": 10.085742465669494, "quant_mse": 9.018370474223047e-05, "quant_sparsity": 0.54730224609375, "pruning_sqnr": 7.946715742877477, "pruning_mse": 0.0001475811004638672, "pruning_sqnr_corrected": 4.634913004434302, "pruning_mse_corrected": 0.00031638145446777344}, "layer1.2.conv1": {"sample_kurtosis": 2.768180892564734, "quant_sqnr": 11.502077068046821, "quant_mse": 5.334506568033248e-05, "quant_sparsity": 0.3958740234375, "pruning_sqnr": 5.987760854590399, "pruning_mse": 0.00018990039825439453, "pruning_sqnr_corrected": 4.132462016513077, "pruning_mse_corrected": 0.0002911090850830078}, "layer1.2.conv2": {"sample_kurtosis": 0.7092219048851116, "quant_sqnr": 13.500296469698892, "quant_mse": 0.00016212098125834018, "quant_sparsity": 0.3342013955116272, "pruning_sqnr": 5.093234934999188, "pruning_mse": 0.0011234283447265625, "pruning_sqnr_corrected": 3.6062239792664097, "pruning_mse_corrected": 0.0015821456909179688}, "layer1.2.conv3": {"sample_kurtosis": 8.415310757684333, "quant_sqnr": 10.35500651021987, "quant_mse": 7.140404341043904e-05, "quant_sparsity": 0.496368408203125, "pruning_sqnr": 6.983023724106824, "pruning_mse": 0.0001552104949951172, "pruning_sqnr_corrected": 4.290979906624243, "pruning_mse_corrected": 0.0002884864807128906}, "layer2.0.conv1": {"sample_kurtosis": 8.979635215635087, "quant_sqnr": 9.786426447937002, "quant_mse": 0.0001237155811395496, "quant_sparsity": 0.4261932373046875, "pruning_sqnr": 6.631272269576957, "pruning_mse": 0.00025582313537597656, "pruning_sqnr_corrected": 4.614934278089134, "pruning_mse_corrected": 0.0004069805145263672}, "layer2.0.conv2": {"sample_kurtosis": 2.0766111465565773, "quant_sqnr": 11.870382682589609, "quant_mse": 0.00011314221774227917, "quant_sparsity": 0.4329427182674408, "pruning_sqnr": 6.524694948055627, "pruning_mse": 0.00038743019104003906, "pruning_sqnr_corrected": 4.143075437726695, "pruning_mse_corrected": 0.0006704330444335938}, "layer2.0.conv3": {"sample_kurtosis": 9.554638953077669, "quant_sqnr": 9.174826697247022, "quant_mse": 8.332115248776972e-05, "quant_sparsity": 0.48355865478515625, "pruning_sqnr": 6.856515830163115, "pruning_mse": 0.00014209747314453125, "pruning_sqnr_corrected": 4.546457913871831, "pruning_mse_corrected": 0.00024187564849853516}, "layer2.0.downsample.0": {"sample_kurtosis": 32.8401264855949, "quant_sqnr": 7.250118265465918, "quant_mse": 7.7242570114322e-05, "quant_sparsity": 0.5261306762695312, "pruning_sqnr": 7.616766767527339, "pruning_mse": 7.098913192749023e-05, "pruning_sqnr_corrected": 5.133059829378186, "pruning_mse_corrected": 0.00012576580047607422}, "layer2.1.conv1": {"sample_kurtosis": 11.759695509211296, "quant_sqnr": 8.885134653678339, "quant_mse": 3.673693208838813e-05, "quant_sparsity": 0.45798492431640625, "pruning_sqnr": 7.126642755120733, "pruning_mse": 5.507469177246094e-05, "pruning_sqnr_corrected": 4.902518730172418, "pruning_mse_corrected": 9.191036224365234e-05}, "layer2.1.conv2": {"sample_kurtosis": 4.463094109861689, "quant_sqnr": 10.570520594607133, "quant_mse": 0.00014986010501161218, "quant_sparsity": 0.4167751669883728, "pruning_sqnr": 6.160985175271763, "pruning_mse": 0.00041365623474121094, "pruning_sqnr_corrected": 4.246781087907865, "pruning_mse_corrected": 0.0006427764892578125}, "layer2.1.conv3": {"sample_kurtosis": 8.29054754045826, "quant_sqnr": 9.749326387448644, "quant_mse": 4.991078458260745e-05, "quant_sparsity": 0.42743682861328125, "pruning_sqnr": 6.425744264762656, "pruning_mse": 0.00010728836059570312, "pruning_sqnr_corrected": 4.4667477406703195, "pruning_mse_corrected": 0.0001684427261352539}, "layer2.2.conv1": {"sample_kurtosis": 5.5936173351472736, "quant_sqnr": 10.083369148231185, "quant_mse": 3.4685210266616195e-05, "quant_sparsity": 0.3986358642578125, "pruning_sqnr": 6.058838076081683, "pruning_mse": 8.761882781982422e-05, "pruning_sqnr_corrected": 4.299895521765969, "pruning_mse_corrected": 0.00013136863708496094}, "layer2.2.conv2": {"sample_kurtosis": 2.131323311217491, "quant_sqnr": 11.791924604146807, "quant_mse": 9.582512575434521e-05, "quant_sparsity": 0.3460828959941864, "pruning_sqnr": 5.3954984679362905, "pruning_mse": 0.00041794776916503906, "pruning_sqnr_corrected": 3.899320675943221, "pruning_mse_corrected": 0.0005898475646972656}, "layer2.2.conv3": {"sample_kurtosis": 7.328631996949268, "quant_sqnr": 10.113638933745674, "quant_mse": 3.922887481166981e-05, "quant_sparsity": 0.41773223876953125, "pruning_sqnr": 6.114167873275235, "pruning_mse": 9.85264778137207e-05, "pruning_sqnr_corrected": 4.234902172356582, "pruning_mse_corrected": 0.0001518726348876953}, "layer2.3.conv1": {"sample_kurtosis": 5.855549874164874, "quant_sqnr": 9.995295258849424, "quant_mse": 3.85463354177773e-05, "quant_sparsity": 0.36954498291015625, "pruning_sqnr": 6.017911615565168, "pruning_mse": 9.632110595703125e-05, "pruning_sqnr_corrected": 4.413880111692627, "pruning_mse_corrected": 0.00013935565948486328}, "layer2.3.conv2": {"sample_kurtosis": 2.195901670106962, "quant_sqnr": 11.778078922486642, "quant_mse": 9.264810068998486e-05, "quant_sparsity": 0.3476020097732544, "pruning_sqnr": 5.588629610147057, "pruning_mse": 0.000385284423828125, "pruning_sqnr_corrected": 4.0106819373498, "pruning_mse_corrected": 0.0005540847778320312}, "layer2.3.conv3": {"sample_kurtosis": 10.144361148609367, "quant_sqnr": 9.567974644399781, "quant_mse": 4.0214406908489764e-05, "quant_sparsity": 0.40843963623046875, "pruning_sqnr": 6.568539684964255, "pruning_mse": 8.022785186767578e-05, "pruning_sqnr_corrected": 4.640935445268445, "pruning_mse_corrected": 0.00012505054473876953},