{"conv1": {"sample_kurtosis": 7.496302713100418, "quant_sqnr": 19.27661169557597, "quant_mse": 0.00019862801127601415, "quant_sparsity": 0.37829506397247314, "pruning_sqnr": 13.68930231301917, "pruning_mse": 0.0007190704345703125, "pruning_sqnr_corrected": 9.46358677148924, "pruning_mse_corrected": 0.0019025802612304688}, "layer1.0.conv1": {"sample_kurtosis": 17.774826232368767, "quant_sqnr": 16.294000731708493, "quant_mse": 6.716163625242189e-05, "quant_sparsity": 0.3903266191482544, "pruning_sqnr": 12.15858385927169, "pruning_mse": 0.00017404556274414062, "pruning_sqnr_corrected": 8.734357051049626, "pruning_mse_corrected": 0.0003829002380371094}, "layer1.0.conv2": {"sample_kurtosis": 4.484663582208483, "quant_sqnr": 19.32275325069299, "quant_mse": 2.3897338905953802e-05, "quant_sparsity": 0.1695692241191864, "pruning_sqnr": 9.309026974159341, "pruning_mse": 0.0002397298812866211, "pruning_sqnr_corrected": 8.048855036308884, "pruning_mse_corrected": 0.0003204345703125}, "layer1.1.conv1": {"sample_kurtosis": 12.42894895222015, "quant_sqnr": 16.26849066272802, "quant_mse": 6.116187432780862e-05, "quant_sparsity": 0.2626139223575592, "pruning_sqnr": 9.891045660987164, "pruning_mse": 0.0002655982971191406, "pruning_sqnr_corrected": 7.961899384893279, "pruning_mse_corrected": 0.00041413307189941406}, "layer1.1.conv2": {"sample_kurtosis": 3.963466109574439, "quant_sqnr": 19.683225418226026, "quant_mse": 2.0814193703699857e-05, "quant_sparsity": 0.1636555939912796, "pruning_sqnr": 9.02448330413408, "pruning_mse": 0.0002422332763671875, "pruning_sqnr_corrected": 7.825614613492994, "pruning_mse_corrected": 0.0003192424774169922}, "layer2.0.conv1": {"sample_kurtosis": 4.257477633649724, "quant_sqnr": 19.610412935358504, "quant_mse": 1.89336969924625e-05, "quant_sparsity": 0.1710205078125, "pruning_sqnr": 9.335662576610703, "pruning_mse": 0.00020170211791992188, "pruning_sqnr_corrected": 8.067067108366965, "pruning_mse_corrected": 0.0002701282501220703}, "layer2.0.conv2": {"sample_kurtosis": 6.620819794354782, "quant_sqnr": 17.987872813086504, "quant_mse": 1.841573612182401e-05, "quant_sparsity": 0.1922607421875, "pruning_sqnr": 9.202234221498939, "pruning_mse": 0.0001392364501953125, "pruning_sqnr_corrected": 7.830037531780557, "pruning_mse_corrected": 0.00019097328186035156}, "layer2.0.downsample.0": {"sample_kurtosis": 12.537594343681747, "quant_sqnr": 17.02796493928237, "quant_mse": 9.899271390167996e-05, "quant_sparsity": 0.2677001953125, "pruning_sqnr": 11.251599767974469, "pruning_mse": 0.0003743171691894531, "pruning_sqnr_corrected": 9.206943558567417, "pruning_mse_corrected": 0.0005993843078613281}, "layer2.1.conv1": {"sample_kurtosis": 6.14246657268572, "quant_sqnr": 18.147633162481952, "quant_mse": 1.7925915017258376e-05, "quant_sparsity": 0.18310546875, "pruning_sqnr": 9.066439714888828, "pruning_mse": 0.00014507770538330078, "pruning_sqnr_corrected": 7.752409505491935, "pruning_mse_corrected": 0.00019633769989013672}, "layer2.1.conv2": {"sample_kurtosis": 3.2846113274955986, "quant_sqnr": 19.57176413349898, "quant_mse": 9.98299856291851e-06, "quant_sparsity": 0.1463758647441864, "pruning_sqnr": 8.35587561824214, "pruning_mse": 0.00013208389282226562, "pruning_sqnr_corrected": 7.3276021442283845, "pruning_mse_corrected": 0.00016736984252929688}, "layer3.0.conv1": {"sample_kurtosis": 5.879532914227537, "quant_sqnr": 18.082448441759784, "quant_mse": 1.3147221579856705e-05, "quant_sparsity": 0.1759202778339386, "pruning_sqnr": 8.757967326308112, "pruning_mse": 0.0001125335693359375, "pruning_sqnr_corrected": 7.514334492429224, "pruning_mse_corrected": 0.00014984607696533203}, "layer3.0.conv2": {"sample_kurtosis": 5.02239447159579, "quant_sqnr": 18.273130016657674, "quant_mse": 9.34636773308739e-06, "quant_sparsity": 0.1711510568857193, "pruning_sqnr": 8.436988146605579, "pruning_mse": 9.000301361083984e-05, "pruning_sqnr_corrected": 7.242593818924329, "pruning_mse_corrected": 0.00011849403381347656}, "layer3.0.downsample.0": {"sample_kurtosis": 4.337758408208524, "quant_sqnr": 19.26044596013599, "quant_mse": 1.2912834790768102e-05, "quant_sparsity": 0.165496826171875, "pruning_sqnr": 8.833881856176163, "pruning_mse": 0.0001424551010131836, "pruning_sqnr_corrected": 7.665193421779436, "pruning_mse_corrected": 0.00018644332885742188}, "layer3.1.conv1": {"sample_kurtosis": 4.146776493296534, "quant_sqnr": 18.70365670940749, "quant_mse": 6.773997483833227e-06, "quant_sparsity": 0.1551496684551239, "pruning_sqnr": 8.197397006050561, "pruning_mse": 7.611513137817383e-05, "pruning_sqnr_corrected": 7.121472985331673, "pruning_mse_corrected": 9.751319885253906e-05}, "layer3.1.conv2": {"sample_kurtosis": 3.5306122448979593, "quant_sqnr": 19.183850798728642, "quant_mse": 5.181657797947992e-06, "quant_sparsity": 0.1367831826210022, "pruning_sqnr": 8.079680915525225, "pruning_mse": 6.681680679321289e-05, "pruning_sqnr_corrected": 7.123772980333137, "pruning_mse_corrected": 8.32676887512207e-05}, "layer4.0.conv1": {"sample_kurtosis": 2.3466644862471497, "quant_sqnr": 19.807148688003284, "quant_mse": 4.154902399022831e-06, "quant_sparsity": 0.13056860864162445, "pruning_sqnr": 7.724572006406403, "pruning_mse": 6.711483001708984e-05, "pruning_sqnr_corrected": 6.828595010352288, "pruning_mse_corrected": 8.249282836914062e-05}, "layer4.0.conv2": {"sample_kurtosis": 2.2922267063954465, "quant_sqnr": 19.701396727079857, "quant_mse": 3.233211600672803e-06, "quant_sparsity": 0.11226654052734375, "pruning_sqnr": 7.5412884263317554, "pruning_mse": 5.316734313964844e-05, "pruning_sqnr_corrected": 6.7755206905026935, "pruning_mse_corrected": 6.341934204101562e-05}, "layer4.0.downsample.0": {"sample_kurtosis": 7.42277752889667, "quant_sqnr": 17.671342193429634, "quant_mse": 1.8389713659416884e-05, "quant_sparsity": 0.1644287109375, "pruning_sqnr": 8.584890736312108, "pruning_mse": 0.00014901161193847656, "pruning_sqnr_corrected": 7.418813296429622, "pruning_mse_corrected": 0.00019490718841552734}, "layer4.1.conv1": {"sample_kurtosis": 1.1308331584021287, "quant_sqnr": 21.079578628643624, "quant_mse": 2.5195415673806565e-06, "quant_sparsity": 0.10724428296089172, "pruning_sqnr": 7.305387544288805, "pruning_mse": 6.008148193359375e-05, "pruning_sqnr_corrected": 6.577230311341693, "pruning_mse_corrected": 7.104873657226562e-05}, "layer4.1.conv2": {"sample_kurtosis": 2.8868966859482637, "quant_sqnr": 18.672761239492047, "quant_mse": 2.36581809076597e-06, "quant_sparsity": 0.13601896166801453, "pruning_sqnr": 7.652736511408036, "pruning_mse": 2.9921531677246094e-05, "pruning_sqnr_corrected": 6.7288576810924265, "pruning_mse_corrected": 3.701448440551758e-05}, "fc": {"sample_kurtosis": 3.916147416769517, "quant_sqnr": 19.63075788546099, "quant_mse": 5.2538154704961926e-05, "quant_sparsity": 0.14372462034225464, "pruning_sqnr": 8.308299150244004, "pruning_mse": 0.0007123947143554688, "pruning_sqnr_corrected": 7.363686087639999, "pruning_mse_corrected": 0.0008854866027832031}}