{"conv1": {"sample_kurtosis": 7.570870350522625, "quant_sqnr": 19.427264860922353, "quant_mse": 0.0001485925749875605, "quant_sparsity": 0.3818027079105377, "pruning_sqnr": 13.756556634170467, "pruning_mse": 0.0005483627319335938, "pruning_sqnr_corrected": 9.540517365472157, "pruning_mse_corrected": 0.0014476776123046875}, "layer1.0.conv1": {"sample_kurtosis": 28.208650047665266, "quant_sqnr": 16.340086245938274, "quant_mse": 8.138242264976725e-05, "quant_sparsity": 0.6378173828125, "pruning_sqnr": 19.310399127180883, "pruning_mse": 4.106760025024414e-05, "pruning_sqnr_corrected": 10.118631058326901, "pruning_mse_corrected": 0.0003409385681152344}, "layer1.0.conv2": {"sample_kurtosis": 16.83142244334314, "quant_sqnr": 18.352310886453697, "quant_mse": 0.00010759356518974528, "quant_sparsity": 0.5594618320465088, "pruning_sqnr": 18.064050553477763, "pruning_mse": 0.00011497735977172852, "pruning_sqnr_corrected": 10.631660302991232, "pruning_mse_corrected": 0.0006365776062011719}, "layer1.0.conv3": {"sample_kurtosis": 28.643219366885763, "quant_sqnr": 15.029423325730528, "quant_mse": 4.082757732248865e-05, "quant_sparsity": 0.490386962890625, "pruning_sqnr": 14.015997310257841, "pruning_mse": 5.155801773071289e-05, "pruning_sqnr_corrected": 8.920786714169546, "pruning_mse_corrected": 0.0001666545867919922}, "layer1.0.downsample.0": {"sample_kurtosis": 16.943482160537688, "quant_sqnr": 17.31154001966852, "quant_mse": 4.165655991528183e-05, "quant_sparsity": 0.51141357421875, "pruning_sqnr": 15.401275618754774, "pruning_mse": 6.467103958129883e-05, "pruning_sqnr_corrected": 9.477819248307227, "pruning_mse_corrected": 0.0002529621124267578}, "layer1.1.conv1": {"sample_kurtosis": 10.083933616194535, "quant_sqnr": 18.85416168388562, "quant_mse": 9.138222594629042e-06, "quant_sparsity": 0.473052978515625, "pruning_sqnr": 13.998249542783403, "pruning_mse": 2.7954578399658203e-05, "pruning_sqnr_corrected": 8.242530872695822, "pruning_mse_corrected": 0.00010520219802856445}, "layer1.1.conv2": {"sample_kurtosis": 6.468661739078181, "quant_sqnr": 19.895848958413172, "quant_mse": 4.032318975077942e-05, "quant_sparsity": 0.399956613779068, "pruning_sqnr": 12.674348255709942, "pruning_mse": 0.00021266937255859375, "pruning_sqnr_corrected": 8.354223764790037, "pruning_mse_corrected": 0.0005750656127929688}, "layer1.1.conv3": {"sample_kurtosis": 10.17172730062543, "quant_sqnr": 17.576617615909004, "quant_mse": 1.607091326150112e-05, "quant_sparsity": 0.37158203125, "pruning_sqnr": 11.866885018268276, "pruning_mse": 5.984306335449219e-05, "pruning_sqnr_corrected": 8.218125042433984, "pruning_mse_corrected": 0.0001386404037475586}, "layer1.2.conv1": {"sample_kurtosis": 2.768180892564734, "quant_sqnr": 20.86346074293317, "quant_mse": 6.179536285344511e-06, "quant_sparsity": 0.19622802734375, "pruning_sqnr": 9.033647699697301, "pruning_mse": 9.417533874511719e-05, "pruning_sqnr_corrected": 7.521617747318214, "pruning_mse_corrected": 0.00013339519500732422}, "layer1.2.conv2": {"sample_kurtosis": 0.7092219048851116, "quant_sqnr": 23.635115886532688, "quant_mse": 1.5716552297817543e-05, "quant_sparsity": 0.169921875, "pruning_sqnr": 8.170407903880644, "pruning_mse": 0.000553131103515625, "pruning_sqnr_corrected": 6.842182214893635, "pruning_mse_corrected": 0.0007510185241699219}, "layer1.2.conv3": {"sample_kurtosis": 8.415310757684333, "quant_sqnr": 17.864042996568983, "quant_mse": 1.267124116566265e-05, "quant_sparsity": 0.25439453125, "pruning_sqnr": 10.43166889463402, "pruning_mse": 7.015466690063477e-05, "pruning_sqnr_corrected": 8.236860829123188, "pruning_mse_corrected": 0.00011628866195678711}, "layer2.0.conv1": {"sample_kurtosis": 8.979635215635087, "quant_sqnr": 17.287833464847132, "quant_mse": 2.1992960682837293e-05, "quant_sparsity": 0.214691162109375, "pruning_sqnr": 9.621381837369082, "pruning_mse": 0.0001285076141357422, "pruning_sqnr_corrected": 8.016323462331664, "pruning_mse_corrected": 0.00018596649169921875}, "layer2.0.conv2": {"sample_kurtosis": 2.0766111465565773, "quant_sqnr": 22.430928084080954, "quant_mse": 9.944206794898491e-06, "quant_sparsity": 0.1712239533662796, "pruning_sqnr": 9.979227419411545, "pruning_mse": 0.0001748800277709961, "pruning_sqnr_corrected": 8.50907485358023, "pruning_mse_corrected": 0.0002453327178955078}, "layer2.0.conv3": {"sample_kurtosis": 9.554638953077669, "quant_sqnr": 16.90094467868512, "quant_mse": 1.4065120922168717e-05, "quant_sparsity": 0.24758148193359375, "pruning_sqnr": 9.852266544321182, "pruning_mse": 7.128715515136719e-05, "pruning_sqnr_corrected": 8.000323647526788, "pruning_mse_corrected": 0.00010919570922851562}, "layer2.0.downsample.0": {"sample_kurtosis": 32.8401264855949, "quant_sqnr": 13.779442047547576, "quant_mse": 1.7176091205328703e-05, "quant_sparsity": 0.34529876708984375, "pruning_sqnr": 10.543997471602538, "pruning_mse": 3.618001937866211e-05, "pruning_sqnr_corrected": 8.017586129826832, "pruning_mse_corrected": 6.473064422607422e-05}, "layer2.1.conv1": {"sample_kurtosis": 11.759695509211296, "quant_sqnr": 16.629638647509434, "quant_mse": 6.175220732984599e-06, "quant_sparsity": 0.26633453369140625, "pruning_sqnr": 10.16523561194919, "pruning_mse": 2.7358531951904297e-05, "pruning_sqnr_corrected": 8.144188697743196, "pruning_mse_corrected": 4.357099533081055e-05}, "layer2.1.conv2": {"sample_kurtosis": 4.463094109861689, "quant_sqnr": 19.576278653670144, "quant_mse": 1.8841272321878932e-05, "quant_sparsity": 0.1871202290058136, "pruning_sqnr": 9.12150871516207, "pruning_mse": 0.0002092123031616211, "pruning_sqnr_corrected": 7.733310623689558, "pruning_mse_corrected": 0.0002880096435546875}, "layer2.1.conv3": {"sample_kurtosis": 8.29054754045826, "quant_sqnr": 17.310509029066317, "quant_mse": 8.751371751714032e-06, "quant_sparsity": 0.220062255859375, "pruning_sqnr": 9.364258375131234, "pruning_mse": 5.453824996948242e-05, "pruning_sqnr_corrected": 7.743219506368398, "pruning_mse_corrected": 7.921457290649414e-05}, "layer2.2.conv1": {"sample_kurtosis": 5.5936173351472736, "quant_sqnr": 18.109854139149096, "quant_mse": 5.4638130677631125e-06, "quant_sparsity": 0.184783935546875, "pruning_sqnr": 8.901077837806547, "pruning_mse": 4.553794860839844e-05, "pruning_sqnr_corrected": 7.578413869471302, "pruning_mse_corrected": 6.175041198730469e-05}, "layer2.2.conv2": {"sample_kurtosis": 2.131323311217491, "quant_sqnr": 20.70655201686352, "quant_mse": 1.2303159564908128e-05, "quant_sparsity": 0.1322157084941864, "pruning_sqnr": 8.274036059904734, "pruning_mse": 0.00021541118621826172, "pruning_sqnr_corrected": 7.314078468413174, "pruning_mse_corrected": 0.00026869773864746094}, "layer2.2.conv3": {"sample_kurtosis": 7.328631996949268, "quant_sqnr": 17.456457427283695, "quant_mse": 7.233092219394166e-06, "quant_sparsity": 0.18061065673828125, "pruning_sqnr": 9.002707151846783, "pruning_mse": 5.066394805908203e-05, "pruning_sqnr_corrected": 7.693696122106859, "pruning_mse_corrected": 6.848573684692383e-05}, "layer2.3.conv1": {"sample_kurtosis": 5.855549874164874, "quant_sqnr": 18.236933307945048, "quant_mse": 5.778555532742757e-06, "quant_sparsity": 0.1820068359375, "pruning_sqnr": 8.83890071369429, "pruning_mse": 5.030632019042969e-05, "pruning_sqnr_corrected": 7.544720533073493, "pruning_mse_corrected": 6.777048110961914e-05}, "layer2.3.conv2": {"sample_kurtosis": 2.195901670106962, "quant_sqnr": 20.59801714064948, "quant_mse": 1.21574557852e-05, "quant_sparsity": 0.1456163227558136, "pruning_sqnr": 8.511136574727356, "pruning_mse": 0.00019657611846923828, "pruning_sqnr_corrected": 7.444637065767454, "pruning_mse_corrected": 0.0002512931823730469}, "layer2.3.conv3": {"sample_kurtosis": 10.144361148609367, "quant_sqnr": 16.750798548574636, "quant_mse": 7.693062798352912e-06, "quant_sparsity": 0.2299957275390625, "pruning_sqnr": 9.578839641604066, "pruning_mse": 4.011392593383789e-05, "pruning_sqnr_corrected": 7.845980953639655, "pruning_mse_corrected": 5.97834587097168e-05},