{"conv1": {"sample_kurtosis": 7.496302713100418, "quant_sqnr": 35.6747228883249, "quant_mse": 4.552284281089669e-06, "quant_sparsity": 0.17144982516765594, "pruning_sqnr": 20.641009859335696, "pruning_mse": 0.00014507770538330078, "pruning_sqnr_corrected": 17.3375058426748, "pruning_mse_corrected": 0.0003104209899902344}, "layer1.0.conv1": {"sample_kurtosis": 17.774826232368767, "quant_sqnr": 30.681928334111074, "quant_mse": 2.4452795059914934e-06, "quant_sparsity": 0.1830240935087204, "pruning_sqnr": 18.23305972656158, "pruning_mse": 4.297494888305664e-05, "pruning_sqnr_corrected": 15.04860545132317, "pruning_mse_corrected": 8.946657180786133e-05}, "layer1.0.conv2": {"sample_kurtosis": 4.484663582208483, "quant_sqnr": 32.93606470996626, "quant_mse": 1.0399642178526847e-06, "quant_sparsity": 0.0425347238779068, "pruning_sqnr": 14.180734680208928, "pruning_mse": 7.808208465576172e-05, "pruning_sqnr_corrected": 13.56943422142902, "pruning_mse_corrected": 8.988380432128906e-05}, "layer1.1.conv1": {"sample_kurtosis": 12.42894895222015, "quant_sqnr": 31.221538931983357, "quant_mse": 1.9551314380805707e-06, "quant_sparsity": 0.0554741770029068, "pruning_sqnr": 14.739944563709372, "pruning_mse": 8.696317672729492e-05, "pruning_sqnr_corrected": 13.957568432814579, "pruning_mse_corrected": 0.00010412931442260742}, "layer1.1.conv2": {"sample_kurtosis": 3.963466109574439, "quant_sqnr": 34.68519890828476, "quant_mse": 6.579035698450753e-07, "quant_sparsity": 0.0320366770029068, "pruning_sqnr": 13.826797453508439, "pruning_mse": 8.016824722290039e-05, "pruning_sqnr_corrected": 13.373422219642455, "pruning_mse_corrected": 8.89897346496582e-05}, "layer2.0.conv1": {"sample_kurtosis": 4.257477633649724, "quant_sqnr": 35.27935275942193, "quant_mse": 5.132647515893041e-07, "quant_sparsity": 0.0325249582529068, "pruning_sqnr": 14.16111421190346, "pruning_mse": 6.639957427978516e-05, "pruning_sqnr_corrected": 13.699253056519927, "pruning_mse_corrected": 7.385015487670898e-05}, "layer2.0.conv2": {"sample_kurtosis": 6.620819794354782, "quant_sqnr": 32.22898219508641, "quant_mse": 6.935505894034577e-07, "quant_sparsity": 0.0413547083735466, "pruning_sqnr": 13.927215282311911, "pruning_mse": 4.690885543823242e-05, "pruning_sqnr_corrected": 13.354199239229514, "pruning_mse_corrected": 5.352497100830078e-05}, "layer2.0.downsample.0": {"sample_kurtosis": 12.537594343681747, "quant_sqnr": 32.15144391089719, "quant_mse": 3.042673370146076e-06, "quant_sparsity": 0.0595703125, "pruning_sqnr": 16.128512539021955, "pruning_mse": 0.00012177228927612305, "pruning_sqnr_corrected": 15.290183184945983, "pruning_mse_corrected": 0.00014770030975341797}, "layer2.1.conv1": {"sample_kurtosis": 6.14246657268572, "quant_sqnr": 31.860134413662816, "quant_mse": 7.62484830829635e-07, "quant_sparsity": 0.0421413853764534, "pruning_sqnr": 13.823401404937279, "pruning_mse": 4.851818084716797e-05, "pruning_sqnr_corrected": 13.235486330289476, "pruning_mse_corrected": 5.555152893066406e-05}, "layer2.1.conv2": {"sample_kurtosis": 3.2846113274955986, "quant_sqnr": 33.13180536674658, "quant_mse": 4.3980168129564845e-07, "quant_sparsity": 0.0323350690305233, "pruning_sqnr": 13.043623416799054, "pruning_mse": 4.488229751586914e-05, "pruning_sqnr_corrected": 12.59470842397004, "pruning_mse_corrected": 4.976987838745117e-05}, "layer3.0.conv1": {"sample_kurtosis": 5.879532914227537, "quant_sqnr": 31.764057562778774, "quant_mse": 5.63213518489647e-07, "quant_sparsity": 0.0408257395029068, "pruning_sqnr": 13.483416069444477, "pruning_mse": 3.790855407714844e-05, "pruning_sqnr_corrected": 12.914607160218676, "pruning_mse_corrected": 4.32133674621582e-05}, "layer3.0.conv2": {"sample_kurtosis": 5.02239447159579, "quant_sqnr": 32.5250559695087, "quant_mse": 3.51115716057393e-07, "quant_sparsity": 0.0367363840341568, "pruning_sqnr": 13.108685329125365, "pruning_mse": 3.069639205932617e-05, "pruning_sqnr_corrected": 12.599971982262911, "pruning_mse_corrected": 3.451108932495117e-05}, "layer3.0.downsample.0": {"sample_kurtosis": 4.337758408208524, "quant_sqnr": 35.197917529375005, "quant_mse": 3.2905950320127886e-07, "quant_sparsity": 0.03082275390625, "pruning_sqnr": 13.570705412870732, "pruning_mse": 4.786252975463867e-05, "pruning_sqnr_corrected": 13.13373120787153, "pruning_mse_corrected": 5.2928924560546875e-05}, "layer3.1.conv1": {"sample_kurtosis": 4.146776493296534, "quant_sqnr": 32.55393033141645, "quant_mse": 2.7913716849070624e-07, "quant_sparsity": 0.0357632115483284, "pruning_sqnr": 12.854491608980496, "pruning_mse": 2.6047229766845703e-05, "pruning_sqnr_corrected": 12.357345178399576, "pruning_mse_corrected": 2.9206275939941406e-05}, "layer3.1.conv2": {"sample_kurtosis": 3.5306122448979593, "quant_sqnr": 31.50592795858953, "quant_mse": 3.035715110399906e-07, "quant_sparsity": 0.0369873046875, "pruning_sqnr": 12.743749301788728, "pruning_mse": 2.282857894897461e-05, "pruning_sqnr_corrected": 12.23096433986764, "pruning_mse_corrected": 2.568960189819336e-05}, "layer4.0.conv1": {"sample_kurtosis": 2.3466644862471497, "quant_sqnr": 32.082787016500106, "quant_mse": 2.460350572164316e-07, "quant_sparsity": 0.0308829415589571, "pruning_sqnr": 12.351638655617606, "pruning_mse": 2.3126602172851562e-05, "pruning_sqnr_corrected": 11.925518221427957, "pruning_mse_corrected": 2.5510787963867188e-05}, "layer4.0.conv2": {"sample_kurtosis": 2.2922267063954465, "quant_sqnr": 31.100495811577954, "quant_mse": 2.3427406858900213e-07, "quant_sparsity": 0.03472306951880455, "pruning_sqnr": 12.131320031750262, "pruning_mse": 1.8477439880371094e-05, "pruning_sqnr_corrected": 11.666746019360247, "pruning_mse_corrected": 2.0563602447509766e-05}, "layer4.0.downsample.0": {"sample_kurtosis": 7.42277752889667, "quant_sqnr": 27.59350757489656, "quant_mse": 1.8722266759141348e-06, "quant_sparsity": 0.06320953369140625, "pruning_sqnr": 13.316330865053361, "pruning_mse": 5.0127506256103516e-05, "pruning_sqnr_corrected": 12.440137075408153, "pruning_mse_corrected": 6.133317947387695e-05}, "layer4.1.conv1": {"sample_kurtosis": 1.1308331584021287, "quant_sqnr": 33.00778767743975, "quant_mse": 1.6162205440650723e-07, "quant_sparsity": 0.026943206787109375, "pruning_sqnr": 11.899312421881113, "pruning_mse": 2.086162567138672e-05, "pruning_sqnr_corrected": 11.530743108627677, "pruning_mse_corrected": 2.2709369659423828e-05}, "layer4.1.conv2": {"sample_kurtosis": 2.8868966859482637, "quant_sqnr": 30.44614583589301, "quant_mse": 1.5726891433587298e-07, "quant_sparsity": 0.038230050355196, "pruning_sqnr": 12.254281200032231, "pruning_mse": 1.0371208190917969e-05, "pruning_sqnr_corrected": 11.73721296929347, "pruning_mse_corrected": 1.1682510375976562e-05}, "fc": {"sample_kurtosis": 3.916147416769517, "quant_sqnr": 34.31239544420586, "quant_mse": 1.787767587302369e-06, "quant_sparsity": 0.028287110850214958, "pruning_sqnr": 12.776392554752238, "pruning_mse": 0.00025463104248046875, "pruning_sqnr_corrected": 12.395119577447662, "pruning_mse_corrected": 0.0002779960632324219}}