{"conv1": {"sample_kurtosis": 7.496302713100418, "quant_sqnr": 10.4366894107582, "quant_mse": 0.0015206621028482914, "quant_sparsity": 0.6485969424247742, "pruning_sqnr": 9.216076633099163, "pruning_mse": 0.00201416015625, "pruning_sqnr_corrected": 4.393080634895838, "pruning_mse_corrected": 0.006114959716796875}, "layer1.0.conv1": {"sample_kurtosis": 17.774826232368767, "quant_sqnr": 8.725717953849578, "quant_mse": 0.00038366267108358443, "quant_sparsity": 0.594835102558136, "pruning_sqnr": 8.648673486232251, "pruning_mse": 0.0003905296325683594, "pruning_sqnr_corrected": 5.192746210115123, "pruning_mse_corrected": 0.0008654594421386719}, "layer1.0.conv2": {"sample_kurtosis": 4.484663582208483, "quant_sqnr": 10.80239262346418, "quant_mse": 0.00016997521743178368, "quant_sparsity": 0.4156900942325592, "pruning_sqnr": 6.329067074779923, "pruning_mse": 0.0004761219024658203, "pruning_sqnr_corrected": 4.369087183362939, "pruning_mse_corrected": 0.0007476806640625}, "layer1.1.conv1": {"sample_kurtosis": 12.42894895222015, "quant_sqnr": 8.955282095341824, "quant_mse": 0.0003294592024758458, "quant_sparsity": 0.4490017294883728, "pruning_sqnr": 6.955456420963082, "pruning_mse": 0.0005221366882324219, "pruning_sqnr_corrected": 4.840520615715892, "pruning_mse_corrected": 0.0008497238159179688}, "layer1.1.conv2": {"sample_kurtosis": 3.963466109574439, "quant_sqnr": 10.911517980343909, "quant_mse": 0.00015686654660385102, "quant_sparsity": 0.3990071713924408, "pruning_sqnr": 6.115815272621745, "pruning_mse": 0.00047326087951660156, "pruning_sqnr_corrected": 4.304870708326454, "pruning_mse_corrected": 0.0007181167602539062}, "layer2.0.conv1": {"sample_kurtosis": 4.257477633649724, "quant_sqnr": 10.678040450937779, "quant_mse": 0.00014807190746068954, "quant_sparsity": 0.4161512553691864, "pruning_sqnr": 6.369218093272297, "pruning_mse": 0.0003993511199951172, "pruning_sqnr_corrected": 4.406507357581758, "pruning_mse_corrected": 0.0006275177001953125}, "layer2.0.conv2": {"sample_kurtosis": 6.620819794354782, "quant_sqnr": 9.982074033905219, "quant_mse": 0.00011635068949544802, "quant_sparsity": 0.4130384624004364, "pruning_sqnr": 6.358699580292511, "pruning_mse": 0.00026798248291015625, "pruning_sqnr_corrected": 4.511078223547445, "pruning_mse_corrected": 0.0004100799560546875}, "layer2.0.downsample.0": {"sample_kurtosis": 12.537594343681747, "quant_sqnr": 8.905834087856109, "quant_mse": 0.0006424159510061145, "quant_sparsity": 0.5740966796875, "pruning_sqnr": 8.189057363353198, "pruning_mse": 0.0007576942443847656, "pruning_sqnr_corrected": 5.165113208186247, "pruning_mse_corrected": 0.0015201568603515625}, "layer2.1.conv1": {"sample_kurtosis": 6.14246657268572, "quant_sqnr": 10.081230267394384, "quant_mse": 0.00011484752030810341, "quant_sparsity": 0.4098239541053772, "pruning_sqnr": 6.216065419394373, "pruning_mse": 0.0002796649932861328, "pruning_sqnr_corrected": 4.3975321087961206, "pruning_mse_corrected": 0.00042510032653808594}, "layer2.1.conv2": {"sample_kurtosis": 3.2846113274955986, "quant_sqnr": 11.188716731265409, "quant_mse": 6.879640568513423e-05, "quant_sparsity": 0.3514472246170044, "pruning_sqnr": 5.566689553671573, "pruning_mse": 0.0002510547637939453, "pruning_sqnr_corrected": 4.067863580306896, "pruning_mse_corrected": 0.00035452842712402344}, "layer3.0.conv1": {"sample_kurtosis": 5.879532914227537, "quant_sqnr": 10.116690422920936, "quant_mse": 8.230188541347161e-05, "quant_sparsity": 0.3943854570388794, "pruning_sqnr": 5.952550141093469, "pruning_mse": 0.00021469593048095703, "pruning_sqnr_corrected": 4.245829016843689, "pruning_mse_corrected": 0.0003180503845214844}, "layer3.0.conv2": {"sample_kurtosis": 5.02239447159579, "quant_sqnr": 10.436929372948466, "quant_mse": 5.6788830988807604e-05, "quant_sparsity": 0.3614078164100647, "pruning_sqnr": 5.675262407738995, "pruning_mse": 0.00016999244689941406, "pruning_sqnr_corrected": 4.154352581219847, "pruning_mse_corrected": 0.00024127960205078125}, "layer3.0.downsample.0": {"sample_kurtosis": 4.337758408208524, "quant_sqnr": 10.739692741923115, "quant_mse": 9.1853755293414e-05, "quant_sparsity": 0.3782958984375, "pruning_sqnr": 6.005414776064204, "pruning_mse": 0.0002732276916503906, "pruning_sqnr_corrected": 4.32096445666783, "pruning_mse_corrected": 0.00040268898010253906}, "layer3.1.conv1": {"sample_kurtosis": 4.146776493296534, "quant_sqnr": 10.773180979966241, "quant_mse": 4.2062260035891086e-05, "quant_sparsity": 0.323967844247818, "pruning_sqnr": 5.460814191056416, "pruning_mse": 0.00014293193817138672, "pruning_sqnr_corrected": 4.124466411642144, "pruning_mse_corrected": 0.00019443035125732422}, "layer3.1.conv2": {"sample_kurtosis": 3.5306122448979593, "quant_sqnr": 11.292818593266873, "quant_mse": 3.188393748132512e-05, "quant_sparsity": 0.30255126953125, "pruning_sqnr": 5.332912488498031, "pruning_mse": 0.00012576580047607422, "pruning_sqnr_corrected": 4.082496110487688, "pruning_mse_corrected": 0.00016772747039794922}, "layer4.0.conv1": {"sample_kurtosis": 2.3466644862471497, "quant_sqnr": 11.59091491152569, "quant_mse": 2.7553971449378878e-05, "quant_sparsity": 0.31803810596466064, "pruning_sqnr": 5.030189138131442, "pruning_mse": 0.00012481212615966797, "pruning_sqnr_corrected": 3.749802748081814, "pruning_mse_corrected": 0.00016760826110839844}, "layer4.0.conv2": {"sample_kurtosis": 2.2922267063954465, "quant_sqnr": 11.868121987294773, "quant_mse": 1.9631866962299682e-05, "quant_sparsity": 0.27543768286705017, "pruning_sqnr": 4.872730413647799, "pruning_mse": 9.828805923461914e-05, "pruning_sqnr_corrected": 3.785677412378325, "pruning_mse_corrected": 0.00012624263763427734}, "layer4.0.downsample.0": {"sample_kurtosis": 7.42277752889667, "quant_sqnr": 10.383643595620008, "quant_mse": 9.847927140071988e-05, "quant_sparsity": 0.3628082275390625, "pruning_sqnr": 5.77728647304944, "pruning_mse": 0.00028443336486816406, "pruning_sqnr_corrected": 4.216270282545491, "pruning_mse_corrected": 0.0004074573516845703}, "layer4.1.conv1": {"sample_kurtosis": 1.1308331584021287, "quant_sqnr": 12.480958558884254, "quant_mse": 1.8246666513732634e-05, "quant_sparsity": 0.29166117310523987, "pruning_sqnr": 4.656553725873223, "pruning_mse": 0.00011056661605834961, "pruning_sqnr_corrected": 3.516219830702733, "pruning_mse_corrected": 0.0001437664031982422}, "layer4.1.conv2": {"sample_kurtosis": 2.8868966859482637, "quant_sqnr": 10.94071248843763, "quant_mse": 1.403415353706805e-05, "quant_sparsity": 0.33088091015815735, "pruning_sqnr": 4.988976341413258, "pruning_mse": 5.525350570678711e-05, "pruning_sqnr_corrected": 3.6767983179112522, "pruning_mse_corrected": 7.474422454833984e-05}, "fc": {"sample_kurtosis": 3.916147416769517, "quant_sqnr": 10.081576746367942, "quant_mse": 0.00047357953735627234, "quant_sparsity": 0.3640039265155792, "pruning_sqnr": 5.725318524906735, "pruning_mse": 0.0012912750244140625, "pruning_sqnr_corrected": 4.29530897748561, "pruning_mse_corrected": 0.0017948150634765625}}