{"conv1": {"sample_kurtosis": 8.060647551853004, "quant_sqnr": 19.787866425558793, "quant_mse": 0.00015902446466498077, "quant_sparsity": 0.4018920063972473, "pruning_sqnr": 13.943313640103723, "pruning_mse": 0.0006108283996582031, "pruning_sqnr_corrected": 9.334440793381734, "pruning_mse_corrected": 0.0017652511596679688}, "layer1.0.conv1": {"sample_kurtosis": 22.371746742773325, "quant_sqnr": 15.803595520517796, "quant_mse": 4.782102769240737e-05, "quant_sparsity": 0.4351942241191864, "pruning_sqnr": 12.767948226379495, "pruning_mse": 9.620189666748047e-05, "pruning_sqnr_corrected": 8.725505146975141, "pruning_mse_corrected": 0.00024402141571044922}, "layer1.0.conv2": {"sample_kurtosis": 6.786749882291524, "quant_sqnr": 18.0528348239833, "quant_mse": 1.9023307686438784e-05, "quant_sparsity": 0.2044813334941864, "pruning_sqnr": 9.645042880225956, "pruning_mse": 0.00013184547424316406, "pruning_sqnr_corrected": 8.09877284982981, "pruning_mse_corrected": 0.0001882314682006836}, "layer1.1.conv1": {"sample_kurtosis": 8.62371694239826, "quant_sqnr": 17.635872102443273, "quant_mse": 2.3997485186555423e-05, "quant_sparsity": 0.2141927033662796, "pruning_sqnr": 9.650091370950445, "pruning_mse": 0.00015091896057128906, "pruning_sqnr_corrected": 8.09045038680872, "pruning_mse_corrected": 0.0002161264419555664}, "layer1.1.conv2": {"sample_kurtosis": 4.6204440187042675, "quant_sqnr": 19.223865753358645, "quant_mse": 1.3706228855880909e-05, "quant_sparsity": 0.1747233122587204, "pruning_sqnr": 9.140668429765924, "pruning_mse": 0.00013971328735351562, "pruning_sqnr_corrected": 7.873715110717276, "pruning_mse_corrected": 0.00018703937530517578}, "layer1.2.conv1": {"sample_kurtosis": 4.040714865296026, "quant_sqnr": 19.749895724683654, "quant_mse": 1.3769125871476717e-05, "quant_sparsity": 0.165771484375, "pruning_sqnr": 9.069304938045866, "pruning_mse": 0.00016105175018310547, "pruning_sqnr_corrected": 7.8619099278651285, "pruning_mse_corrected": 0.00021266937255859375}, "layer1.2.conv2": {"sample_kurtosis": 3.372661528770726, "quant_sqnr": 19.983937559847607, "quant_mse": 1.0328274584026076e-05, "quant_sparsity": 0.1564670205116272, "pruning_sqnr": 8.978887933061358, "pruning_mse": 0.00013017654418945312, "pruning_sqnr_corrected": 7.81079202883884, "pruning_mse_corrected": 0.0001703500747680664}, "layer2.0.conv1": {"sample_kurtosis": 4.608596250571559, "quant_sqnr": 19.379437682336555, "quant_mse": 1.4269090570451226e-05, "quant_sparsity": 0.1874457448720932, "pruning_sqnr": 9.66037106155881, "pruning_mse": 0.00013375282287597656, "pruning_sqnr_corrected": 8.23462509739478, "pruning_mse_corrected": 0.0001857280731201172}, "layer2.0.conv2": {"sample_kurtosis": 9.738294772385188, "quant_sqnr": 16.98429028988398, "quant_mse": 1.5077286661835387e-05, "quant_sparsity": 0.2385660856962204, "pruning_sqnr": 9.98352863454524, "pruning_mse": 7.557868957519531e-05, "pruning_sqnr_corrected": 8.179447521385443, "pruning_mse_corrected": 0.00011450052261352539}, "layer2.0.downsample.0": {"sample_kurtosis": 24.547020271300106, "quant_sqnr": 14.891683864379203, "quant_mse": 0.00016028640675358474, "quant_sparsity": 0.3934326171875, "pruning_sqnr": 12.243552845613788, "pruning_mse": 0.0002949237823486328, "pruning_sqnr_corrected": 9.132612828451819, "pruning_mse_corrected": 0.0006036758422851562}, "layer2.1.conv1": {"sample_kurtosis": 14.600000000000001, "quant_sqnr": 15.820010952827106, "quant_mse": 1.6005049474188127e-05, "quant_sparsity": 0.24945068359375, "pruning_sqnr": 9.552175474870074, "pruning_mse": 6.777048110961914e-05, "pruning_sqnr_corrected": 7.787444910600087, "pruning_mse_corrected": 0.0001017451286315918}, "layer2.1.conv2": {"sample_kurtosis": 5.982209917491296, "quant_sqnr": 18.262930139274573, "quant_mse": 8.187520506908186e-06, "quant_sparsity": 0.1861097514629364, "pruning_sqnr": 8.930200201706525, "pruning_mse": 7.021427154541016e-05, "pruning_sqnr_corrected": 7.597739787024356, "pruning_mse_corrected": 9.542703628540039e-05}, "layer2.2.conv1": {"sample_kurtosis": 10.090909090909092, "quant_sqnr": 16.85891976248326, "quant_mse": 1.3848065464117099e-05, "quant_sparsity": 0.194729283452034, "pruning_sqnr": 9.162324655334777, "pruning_mse": 8.147954940795898e-05, "pruning_sqnr_corrected": 7.778431308376201, "pruning_mse_corrected": 0.00011205673217773438}, "layer2.2.conv2": {"sample_kurtosis": 4.924710824891862, "quant_sqnr": 18.00458577554999, "quant_mse": 8.138235898513813e-06, "quant_sparsity": 0.15728759765625, "pruning_sqnr": 8.319050268867066, "pruning_mse": 7.56978988647461e-05, "pruning_sqnr_corrected": 7.219254485073593, "pruning_mse_corrected": 9.751319885253906e-05}, "layer2.3.conv1": {"sample_kurtosis": 6.467157705668994, "quant_sqnr": 17.590638018268585, "quant_mse": 1.263093508896418e-05, "quant_sparsity": 0.1807183176279068, "pruning_sqnr": 8.773156706588903, "pruning_mse": 9.620189666748047e-05, "pruning_sqnr_corrected": 7.487594671964124, "pruning_mse_corrected": 0.00012934207916259766}, "layer2.3.conv2": {"sample_kurtosis": 3.611400562957403, "quant_sqnr": 19.125950416160784, "quant_mse": 5.329926807462471e-06, "quant_sparsity": 0.1539035439491272, "pruning_sqnr": 8.545852869270812, "pruning_mse": 6.091594696044922e-05, "pruning_sqnr_corrected": 7.428047275761536, "pruning_mse_corrected": 7.87973403930664e-05}, "layer3.0.conv1": {"sample_kurtosis": 5.593632427122744, "quant_sqnr": 18.231915086452176, "quant_mse": 9.37817276280839e-06, "quant_sparsity": 0.1757439523935318, "pruning_sqnr": 8.782664032669114, "pruning_mse": 8.26120376586914e-05, "pruning_sqnr_corrected": 7.540332630476202, "pruning_mse_corrected": 0.0001099705696105957}, "layer3.0.conv2": {"sample_kurtosis": 7.719374666414145, "quant_sqnr": 17.13553366959495, "quant_mse": 8.894447091734037e-06, "quant_sparsity": 0.1814287006855011, "pruning_sqnr": 8.584145137630689, "pruning_mse": 6.371736526489258e-05, "pruning_sqnr_corrected": 7.326640115316914, "pruning_mse_corrected": 8.511543273925781e-05}, "layer3.0.downsample.0": {"sample_kurtosis": 6.835985434586069, "quant_sqnr": 17.949587668965474, "quant_mse": 2.4282411686726846e-05, "quant_sparsity": 0.196868896484375, "pruning_sqnr": 9.54105788367236, "pruning_mse": 0.00016832351684570312, "pruning_sqnr_corrected": 8.081535448314117, "pruning_mse_corrected": 0.00023555755615234375}, "layer3.1.conv1": {"sample_kurtosis": 8.689777899169735, "quant_sqnr": 16.86827129218419, "quant_mse": 5.894099103898043e-06, "quant_sparsity": 0.1979217529296875, "pruning_sqnr": 8.57838625078134, "pruning_mse": 3.975629806518555e-05, "pruning_sqnr_corrected": 7.205433649282348, "pruning_mse_corrected": 5.453824996948242e-05}, "layer3.1.conv2": {"sample_kurtosis": 11.520090187543172, "quant_sqnr": 16.27603159346257, "quant_mse": 6.2438289205601905e-06, "quant_sparsity": 0.162228062748909, "pruning_sqnr": 8.026760102545731, "pruning_mse": 4.172325134277344e-05, "pruning_sqnr_corrected": 6.916056197934668, "pruning_mse_corrected": 5.3882598876953125e-05}, "layer3.2.conv1": {"sample_kurtosis": 4.792627824019025, "quant_sqnr": 18.21243861634782, "quant_mse": 4.195606834400678e-06, "quant_sparsity": 0.1530439555644989, "pruning_sqnr": 8.102213441813186, "pruning_mse": 4.303455352783203e-05, "pruning_sqnr_corrected": 7.0497071440540235, "pruning_mse_corrected": 5.4836273193359375e-05}, "layer3.2.conv2": {"sample_kurtosis": 4.25995290447541, "quant_sqnr": 18.73748563811411, "quant_mse": 3.214045818822342e-06, "quant_sparsity": 0.1445261687040329, "pruning_sqnr": 8.075608797002728, "pruning_mse": 3.743171691894531e-05, "pruning_sqnr_corrected": 7.062473361198651, "pruning_mse_corrected": 4.7266483306884766e-05}, "layer3.3.conv1": {"sample_kurtosis": 4.073496463929722, "quant_sqnr": 18.549221933252962, "quant_mse": 3.6427991290111095e-06, "quant_sparsity": 0.1518368273973465, "pruning_sqnr": 7.997178428705194, "pruning_mse": 4.1365623474121094e-05, "pruning_sqnr_corrected": 6.951166097478057, "pruning_mse_corrected": 5.263090133666992e-05},