{"conv1": {"sample_kurtosis": 7.496302713100418, "quant_sqnr": 24.147280021446317, "quant_mse": 6.471033702837303e-05, "quant_sparsity": 0.28369471430778503, "pruning_sqnr": 15.921250352937303, "pruning_mse": 0.00043010711669921875, "pruning_sqnr_corrected": 12.140858738737094, "pruning_mse_corrected": 0.0010271072387695312}, "layer1.0.conv1": {"sample_kurtosis": 17.774826232368767, "quant_sqnr": 20.84518904750595, "quant_mse": 2.3550624973722734e-05, "quant_sparsity": 0.291314035654068, "pruning_sqnr": 13.999805503205744, "pruning_mse": 0.00011390447616577148, "pruning_sqnr_corrected": 10.835460514500749, "pruning_mse_corrected": 0.00023603439331054688}, "layer1.0.conv2": {"sample_kurtosis": 4.484663582208483, "quant_sqnr": 23.441812789659608, "quant_mse": 9.256431440007873e-06, "quant_sparsity": 0.1103515625, "pruning_sqnr": 10.832515146589259, "pruning_mse": 0.00016880035400390625, "pruning_sqnr_corrected": 9.81947253552777, "pruning_mse_corrected": 0.00021314620971679688}, "layer1.1.conv1": {"sample_kurtosis": 12.42894895222015, "quant_sqnr": 20.84533794542886, "quant_mse": 2.13204348256113e-05, "quant_sparsity": 0.164822056889534, "pruning_sqnr": 11.408435675604343, "pruning_mse": 0.00018727779388427734, "pruning_sqnr_corrected": 9.90666778149769, "pruning_mse_corrected": 0.0002646446228027344}, "layer1.1.conv2": {"sample_kurtosis": 3.963466109574439, "quant_sqnr": 24.48677176625194, "quant_mse": 6.886601568112383e-06, "quant_sparsity": 0.100721575319767, "pruning_sqnr": 10.535201329552784, "pruning_mse": 0.0001710653305053711, "pruning_sqnr_corrected": 9.61418418529582, "pruning_mse_corrected": 0.00021147727966308594}, "layer2.0.conv1": {"sample_kurtosis": 4.257477633649724, "quant_sqnr": 24.561997145308908, "quant_mse": 6.054482128092786e-06, "quant_sparsity": 0.102430559694767, "pruning_sqnr": 10.853261726937331, "pruning_mse": 0.00014221668243408203, "pruning_sqnr_corrected": 9.914115578428664, "pruning_mse_corrected": 0.00017654895782470703}, "layer2.0.conv2": {"sample_kurtosis": 6.620819794354782, "quant_sqnr": 22.399250968361027, "quant_mse": 6.668854894087417e-06, "quant_sparsity": 0.1221991628408432, "pruning_sqnr": 10.678040113707365, "pruning_mse": 9.912252426147461e-05, "pruning_sqnr_corrected": 9.59095012233737, "pruning_mse_corrected": 0.00012731552124023438}, "layer2.0.downsample.0": {"sample_kurtosis": 12.537594343681747, "quant_sqnr": 21.26368410866043, "quant_mse": 3.732770710485056e-05, "quant_sparsity": 0.1776123046875, "pruning_sqnr": 12.788780346909142, "pruning_mse": 0.0002627372741699219, "pruning_sqnr_corrected": 11.155845924657896, "pruning_mse_corrected": 0.0003826618194580078}, "layer2.1.conv1": {"sample_kurtosis": 6.14246657268572, "quant_sqnr": 22.49107757345318, "quant_mse": 6.593817033717642e-06, "quant_sparsity": 0.1173027902841568, "pruning_sqnr": 10.551695521090064, "pruning_mse": 0.00010305643081665039, "pruning_sqnr_corrected": 9.497529552031816, "pruning_mse_corrected": 0.00013136863708496094}, "layer2.1.conv2": {"sample_kurtosis": 3.2846113274955986, "quant_sqnr": 23.92716744727407, "quant_mse": 3.662019707917352e-06, "quant_sparsity": 0.0892537459731102, "pruning_sqnr": 9.814021406271316, "pruning_mse": 9.441375732421875e-05, "pruning_sqnr_corrected": 9.024037169277772, "pruning_mse_corrected": 0.00011324882507324219}, "layer3.0.conv1": {"sample_kurtosis": 5.879532914227537, "quant_sqnr": 22.433839453766513, "quant_mse": 4.8271954256051686e-06, "quant_sparsity": 0.1162143275141716, "pruning_sqnr": 10.230764382544347, "pruning_mse": 8.016824722290039e-05, "pruning_sqnr_corrected": 9.195652014781277, "pruning_mse_corrected": 0.0001017451286315918}, "layer3.0.conv2": {"sample_kurtosis": 5.02239447159579, "quant_sqnr": 22.686869218160307, "quant_mse": 3.382742534085992e-06, "quant_sparsity": 0.1039445698261261, "pruning_sqnr": 9.88850068000417, "pruning_mse": 6.443262100219727e-05, "pruning_sqnr_corrected": 8.975199323731973, "pruning_mse_corrected": 7.95125961303711e-05}, "layer3.0.downsample.0": {"sample_kurtosis": 4.337758408208524, "quant_sqnr": 24.200761669414664, "quant_mse": 4.139901648159139e-06, "quant_sparsity": 0.10498046875, "pruning_sqnr": 10.300617032372374, "pruning_mse": 0.00010162591934204102, "pruning_sqnr_corrected": 9.366811035943465, "pruning_mse_corrected": 0.00012600421905517578}, "layer3.1.conv1": {"sample_kurtosis": 4.146776493296534, "quant_sqnr": 22.967253500783556, "quant_mse": 2.537963382565067e-06, "quant_sparsity": 0.0973086878657341, "pruning_sqnr": 9.64035124200621, "pruning_mse": 5.459785461425781e-05, "pruning_sqnr_corrected": 8.790454070307614, "pruning_mse_corrected": 6.639957427978516e-05}, "layer3.1.conv2": {"sample_kurtosis": 3.5306122448979593, "quant_sqnr": 23.141871460500624, "quant_mse": 2.0828915694437455e-06, "quant_sparsity": 0.0906762033700943, "pruning_sqnr": 9.528581588688148, "pruning_mse": 4.786252975463867e-05, "pruning_sqnr_corrected": 8.73046390803703, "pruning_mse_corrected": 5.751848220825195e-05}, "layer4.0.conv1": {"sample_kurtosis": 2.3466644862471497, "quant_sqnr": 23.902219800890702, "quant_mse": 1.6182801800823654e-06, "quant_sparsity": 0.08239831030368805, "pruning_sqnr": 9.160470695436954, "pruning_mse": 4.8220157623291016e-05, "pruning_sqnr_corrected": 8.439922195722215, "pruning_mse_corrected": 5.692243576049805e-05}, "layer4.0.conv2": {"sample_kurtosis": 2.2922267063954465, "quant_sqnr": 23.44568631781641, "quant_mse": 1.3652279449161142e-06, "quant_sparsity": 0.07478883862495422, "pruning_sqnr": 8.962827240850766, "pruning_mse": 3.832578659057617e-05, "pruning_sqnr_corrected": 8.311730951939, "pruning_mse_corrected": 4.45246696472168e-05}, "layer4.0.downsample.0": {"sample_kurtosis": 7.42277752889667, "quant_sqnr": 20.93399334947797, "quant_mse": 8.675806384417228e-06, "quant_sparsity": 0.11071014404296875, "pruning_sqnr": 10.057651628400047, "pruning_mse": 0.0001061558723449707, "pruning_sqnr_corrected": 9.069572830888626, "pruning_mse_corrected": 0.00013327598571777344}, "layer4.1.conv1": {"sample_kurtosis": 1.1308331584021287, "quant_sqnr": 25.030771473900806, "quant_mse": 1.0143836561837816e-06, "quant_sparsity": 0.06369823962450027, "pruning_sqnr": 8.72464875679349, "pruning_mse": 4.3332576751708984e-05, "pruning_sqnr_corrected": 8.170192392180047, "pruning_mse_corrected": 4.9233436584472656e-05}, "layer4.1.conv2": {"sample_kurtosis": 2.8868966859482637, "quant_sqnr": 22.33971310668281, "quant_mse": 1.0169185316044604e-06, "quant_sparsity": 0.09064102172851562, "pruning_sqnr": 9.072687977526572, "pruning_mse": 2.1576881408691406e-05, "pruning_sqnr_corrected": 8.294894719324574, "pruning_mse_corrected": 2.580881118774414e-05}, "fc": {"sample_kurtosis": 3.916147416769517, "quant_sqnr": 24.440121650262864, "quant_mse": 1.7359549019602127e-05, "quant_sparsity": 0.0825781300663948, "pruning_sqnr": 9.681526327480054, "pruning_mse": 0.0005192756652832031, "pruning_sqnr_corrected": 8.98989615240365, "pruning_mse_corrected": 0.0006089210510253906}}