{"conv1": {"sample_kurtosis": 5.415205676624328, "quant_sqnr": 20.31304813074486, "quant_mse": 0.00014126622409094125, "quant_sparsity": 0.3295067846775055, "pruning_sqnr": 12.85489114851725, "pruning_mse": 0.0007867813110351562, "pruning_sqnr_corrected": 9.275542678512714, "pruning_mse_corrected": 0.0017938613891601562}, "layer1.0.conv1": {"sample_kurtosis": 14.72728476629704, "quant_sqnr": 17.21610988161259, "quant_mse": 9.55923242145218e-05, "quant_sparsity": 0.400390625, "pruning_sqnr": 13.30376761192138, "pruning_mse": 0.0002353191375732422, "pruning_sqnr_corrected": 9.595804822341975, "pruning_mse_corrected": 0.0005526542663574219}, "layer1.0.conv2": {"sample_kurtosis": 23.25135001341511, "quant_sqnr": 15.128639697306, "quant_mse": 2.6101019102497958e-05, "quant_sparsity": 0.412353515625, "pruning_sqnr": 12.117372239992175, "pruning_mse": 5.221366882324219e-05, "pruning_sqnr_corrected": 8.495354319545328, "pruning_mse_corrected": 0.00012022256851196289}, "layer1.0.conv3": {"sample_kurtosis": 11.414392713312507, "quant_sqnr": 17.489926433374517, "quant_mse": 2.216588291048538e-05, "quant_sparsity": 0.41070556640625, "pruning_sqnr": 12.617314701419968, "pruning_mse": 6.80685043334961e-05, "pruning_sqnr_corrected": 8.325422187748828, "pruning_mse_corrected": 0.00018286705017089844}, "layer1.0.downsample.0": {"sample_kurtosis": 24.09273649075615, "quant_sqnr": 15.220727179395615, "quant_mse": 9.974855493055657e-05, "quant_sparsity": 0.46624755859375, "pruning_sqnr": 13.687574694557469, "pruning_mse": 0.00014197826385498047, "pruning_sqnr_corrected": 8.949304996736254, "pruning_mse_corrected": 0.0004227161407470703}, "layer1.1.conv1": {"sample_kurtosis": 4.38512244096737, "quant_sqnr": 20.004655388006412, "quant_mse": 9.383627912029624e-06, "quant_sparsity": 0.29571533203125, "pruning_sqnr": 10.373879201950245, "pruning_mse": 8.618831634521484e-05, "pruning_sqnr_corrected": 7.723481620148802, "pruning_mse_corrected": 0.00015866756439208984}, "layer1.1.conv2": {"sample_kurtosis": 9.799826860450116, "quant_sqnr": 17.010070211886422, "quant_mse": 1.6525775208720006e-05, "quant_sparsity": 0.2464464008808136, "pruning_sqnr": 9.686669577662224, "pruning_mse": 8.922815322875977e-05, "pruning_sqnr_corrected": 7.772790477168452, "pruning_mse_corrected": 0.0001386404037475586}, "layer1.1.conv3": {"sample_kurtosis": 7.159383166950734, "quant_sqnr": 18.528578340615294, "quant_mse": 1.4854746041237377e-05, "quant_sparsity": 0.36236572265625, "pruning_sqnr": 12.192481760858309, "pruning_mse": 6.389617919921875e-05, "pruning_sqnr_corrected": 8.38160048425198, "pruning_mse_corrected": 0.00015366077423095703}, "layer1.2.conv1": {"sample_kurtosis": 2.1720606489896515, "quant_sqnr": 21.740546548622635, "quant_mse": 6.058746294002049e-06, "quant_sparsity": 0.16436767578125, "pruning_sqnr": 9.017185295935857, "pruning_mse": 0.00011342763900756836, "pruning_sqnr_corrected": 7.735964683942436, "pruning_mse_corrected": 0.00015234947204589844}, "layer1.2.conv2": {"sample_kurtosis": 2.0840201483573955, "quant_sqnr": 20.694737797595472, "quant_mse": 8.60641466715606e-06, "quant_sparsity": 0.1256239116191864, "pruning_sqnr": 8.228165191000969, "pruning_mse": 0.0001518726348876953, "pruning_sqnr_corrected": 7.334716052169613, "pruning_mse_corrected": 0.00018656253814697266}, "layer1.2.conv3": {"sample_kurtosis": 6.9628969497227065, "quant_sqnr": 19.093637973966484, "quant_mse": 1.1984956472588237e-05, "quant_sparsity": 0.40191650390625, "pruning_sqnr": 13.984725586859222, "pruning_mse": 3.886222839355469e-05, "pruning_sqnr_corrected": 9.047964508059607, "pruning_mse_corrected": 0.00012111663818359375}, "layer2.0.conv1": {"sample_kurtosis": 4.958802353655539, "quant_sqnr": 18.78928175711342, "quant_mse": 1.661067653913051e-05, "quant_sparsity": 0.193511962890625, "pruning_sqnr": 9.55562554473554, "pruning_mse": 0.0001392364501953125, "pruning_sqnr_corrected": 8.065755663736836, "pruning_mse_corrected": 0.00019621849060058594}, "layer2.0.conv2": {"sample_kurtosis": 3.0359341440681398, "quant_sqnr": 19.625023074310104, "quant_mse": 5.41670897291624e-06, "quant_sparsity": 0.1371256560087204, "pruning_sqnr": 8.243952675813137, "pruning_mse": 7.444620132446289e-05, "pruning_sqnr_corrected": 7.278331076009876, "pruning_mse_corrected": 9.298324584960938e-05}, "layer2.0.conv3": {"sample_kurtosis": 11.085953366504418, "quant_sqnr": 17.041974899859945, "quant_mse": 1.5585046639898792e-05, "quant_sparsity": 0.3604888916015625, "pruning_sqnr": 11.826057157598049, "pruning_mse": 5.179643630981445e-05, "pruning_sqnr_corrected": 8.403648051534585, "pruning_mse_corrected": 0.00011390447616577148}, "layer2.0.downsample.0": {"sample_kurtosis": 32.10857142857143, "quant_sqnr": 14.313202531574476, "quant_mse": 1.9799555957433768e-05, "quant_sparsity": 0.40570831298828125, "pruning_sqnr": 12.099704682822185, "pruning_mse": 3.2961368560791016e-05, "pruning_sqnr_corrected": 8.599749549028177, "pruning_mse_corrected": 7.37905502319336e-05}, "layer2.1.conv1": {"sample_kurtosis": 14.026156989171124, "quant_sqnr": 16.47425171950916, "quant_mse": 6.24982567387633e-06, "quant_sparsity": 0.37933349609375, "pruning_sqnr": 12.17763863322471, "pruning_mse": 1.6808509826660156e-05, "pruning_sqnr_corrected": 8.707454308111156, "pruning_mse_corrected": 3.737211227416992e-05}, "layer2.1.conv2": {"sample_kurtosis": 14.059558517284465, "quant_sqnr": 16.02340360280862, "quant_mse": 9.339976713818032e-06, "quant_sparsity": 0.2919718325138092, "pruning_sqnr": 10.93255532836583, "pruning_mse": 3.0159950256347656e-05, "pruning_sqnr_corrected": 8.690101974196683, "pruning_mse_corrected": 5.054473876953125e-05}, "layer2.1.conv3": {"sample_kurtosis": 16.382269549684672, "quant_sqnr": 16.256266286521218, "quant_mse": 1.1556632671272382e-05, "quant_sparsity": 0.4459686279296875, "pruning_sqnr": 14.148672802008676, "pruning_mse": 1.8775463104248047e-05, "pruning_sqnr_corrected": 9.618403151945504, "pruning_mse_corrected": 5.328655242919922e-05}, "layer2.2.conv1": {"sample_kurtosis": 6.682142197599262, "quant_sqnr": 18.459378948828743, "quant_mse": 7.757429557386786e-06, "quant_sparsity": 0.205078125, "pruning_sqnr": 9.412593409630855, "pruning_mse": 6.22868537902832e-05, "pruning_sqnr_corrected": 7.915836110959765, "pruning_mse_corrected": 8.791685104370117e-05}, "layer2.2.conv2": {"sample_kurtosis": 5.770254390036843, "quant_sqnr": 18.43008152303506, "quant_mse": 6.694232524750987e-06, "quant_sparsity": 0.181301549077034, "pruning_sqnr": 9.013173539925955, "pruning_mse": 5.8531761169433594e-05, "pruning_sqnr_corrected": 7.738430668177613, "pruning_mse_corrected": 7.849931716918945e-05}, "layer2.2.conv3": {"sample_kurtosis": 6.901955913139616, "quant_sqnr": 17.72032510817072, "quant_mse": 1.1582287697819993e-05, "quant_sparsity": 0.2022857666015625, "pruning_sqnr": 9.244606577420718, "pruning_mse": 8.153915405273438e-05, "pruning_sqnr_corrected": 7.763416874243751, "pruning_mse_corrected": 0.00011467933654785156}, "layer2.3.conv1": {"sample_kurtosis": 2.967117585848075, "quant_sqnr": 19.84991346673565, "quant_mse": 6.130562724138144e-06, "quant_sparsity": 0.14495849609375, "pruning_sqnr": 8.361431973613303, "pruning_mse": 8.636713027954102e-05, "pruning_sqnr_corrected": 7.335755142443968, "pruning_mse_corrected": 0.0001093745231628418}, "layer2.3.conv2": {"sample_kurtosis": 1.9648081860807407, "quant_sqnr": 20.940214353938412, "quant_mse": 4.047522452310659e-06, "quant_sparsity": 0.1195882186293602, "pruning_sqnr": 8.024056169257394, "pruning_mse": 7.921457290649414e-05, "pruning_sqnr_corrected": 7.188350574492533, "pruning_mse_corrected": 9.60230827331543e-05}, "layer2.3.conv3": {"sample_kurtosis": 6.035920915712799, "quant_sqnr": 18.23059662498799, "quant_mse": 8.90802766662091e-06, "quant_sparsity": 0.208648681640625, "pruning_sqnr": 9.822013602243743, "pruning_mse": 6.175041198730469e-05, "pruning_sqnr_corrected": 8.21469856577907, "pruning_mse_corrected": 8.940696716308594e-05},