{"conv1.0": {"sample_kurtosis": 3.4754602104995707, "quant_sqnr": 18.748894734147672, "quant_mse": 0.005200624465942383, "quant_sparsity": 0.4922839403152466, "pruning_sqnr": 10.757951811644755, "pruning_mse": 0.032745361328125, "pruning_sqnr_corrected": 5.945115421515521, "pruning_mse_corrected": 0.09918212890625}, "stage2.0.branch1.0": {"sample_kurtosis": 1.342835601013884, "quant_sqnr": 18.912602875151055, "quant_mse": 0.04505843296647072, "quant_sparsity": 0.2777777910232544, "pruning_sqnr": 7.040779792761915, "pruning_mse": 0.693359375, "pruning_sqnr_corrected": 5.292118112498166, "pruning_mse_corrected": 1.037109375}, "stage2.0.branch1.2": {"sample_kurtosis": 11.172225573384614, "quant_sqnr": 15.875919573771974, "quant_mse": 0.0027591665275394917, "quant_sparsity": 0.6840277910232544, "pruning_sqnr": 17.04184660829903, "pruning_mse": 0.002109527587890625, "pruning_sqnr_corrected": 8.170925961160854, "pruning_mse_corrected": 0.016265869140625}, "stage2.0.branch2.0": {"sample_kurtosis": 7.6698977618190085, "quant_sqnr": 16.25140243368219, "quant_mse": 0.0038342964835464954, "quant_sparsity": 0.600694477558136, "pruning_sqnr": 14.639063048227426, "pruning_mse": 0.005558013916015625, "pruning_sqnr_corrected": 6.820942750850229, "pruning_mse_corrected": 0.03363037109375}, "stage2.0.branch2.3": {"sample_kurtosis": 0.6496602294768277, "quant_sqnr": 18.265447724784664, "quant_mse": 0.057074397802352905, "quant_sparsity": 0.18518519401550293, "pruning_sqnr": 5.758353375099211, "pruning_mse": 1.0166015625, "pruning_sqnr_corrected": 4.9050945213701596, "pruning_mse_corrected": 1.2373046875}, "stage2.0.branch2.5": {"sample_kurtosis": 4.1145739253968845, "quant_sqnr": 17.913388851165983, "quant_mse": 0.001677606487646699, "quant_sparsity": 0.4791666567325592, "pruning_sqnr": 11.992930273471462, "pruning_mse": 0.006557464599609375, "pruning_sqnr_corrected": 7.3179382613315465, "pruning_mse_corrected": 0.0192413330078125}, "stage2.1.branch2.0": {"sample_kurtosis": 3.116811712136651, "quant_sqnr": 16.49527641861807, "quant_mse": 0.0014677501749247313, "quant_sparsity": 0.2621527910232544, "pruning_sqnr": 8.24111162053508, "pruning_mse": 0.00981903076171875, "pruning_sqnr_corrected": 6.6863592045388, "pruning_mse_corrected": 0.01404571533203125}, "stage2.1.branch2.3": {"sample_kurtosis": 5.194759310000501, "quant_sqnr": 15.971080290596873, "quant_mse": 0.06400693207979202, "quant_sparsity": 0.3888888955116272, "pruning_sqnr": 10.015946670068976, "pruning_mse": 0.252197265625, "pruning_sqnr_corrected": 7.168419121168115, "pruning_mse_corrected": 0.48583984375}, "stage2.1.branch2.5": {"sample_kurtosis": 4.1539016755377665, "quant_sqnr": 15.69554458767768, "quant_mse": 0.0016748913330957294, "quant_sparsity": 0.3541666567325592, "pruning_sqnr": 9.145393481739477, "pruning_mse": 0.007568359375, "pruning_sqnr_corrected": 6.647987080288045, "pruning_mse_corrected": 0.01345062255859375}, "stage2.2.branch2.0": {"sample_kurtosis": 3.9354980683652014, "quant_sqnr": 16.484411918959452, "quant_mse": 0.0015687902923673391, "quant_sparsity": 0.3663194477558136, "pruning_sqnr": 9.55263960079584, "pruning_mse": 0.007740020751953125, "pruning_sqnr_corrected": 6.880517388276026, "pruning_mse_corrected": 0.01432037353515625}, "stage2.2.branch2.3": {"sample_kurtosis": 3.2800027716006435, "quant_sqnr": 17.444320156607738, "quant_mse": 0.03454693406820297, "quant_sparsity": 0.3055555522441864, "pruning_sqnr": 9.248545985487999, "pruning_mse": 0.22802734375, "pruning_sqnr_corrected": 7.020768764244316, "pruning_mse_corrected": 0.380859375}, "stage2.2.branch2.5": {"sample_kurtosis": 5.675549006982935, "quant_sqnr": 15.994196269475829, "quant_mse": 0.0017700671451166272, "quant_sparsity": 0.4184027910232544, "pruning_sqnr": 9.83100687115979, "pruning_mse": 0.00731658935546875, "pruning_sqnr_corrected": 6.818443195511711, "pruning_mse_corrected": 0.01464080810546875}, "stage2.3.branch2.0": {"sample_kurtosis": 8.280187485797816, "quant_sqnr": 14.419379325011228, "quant_mse": 0.002415773691609502, "quant_sparsity": 0.538194477558136, "pruning_sqnr": 11.390469905196667, "pruning_mse": 0.004852294921875, "pruning_sqnr_corrected": 6.911092561279765, "pruning_mse_corrected": 0.01361083984375}, "stage2.3.branch2.3": {"sample_kurtosis": 2.0974165091367363, "quant_sqnr": 18.524074624443404, "quant_mse": 0.03802645206451416, "quant_sparsity": 0.2777777910232544, "pruning_sqnr": 8.61583373584927, "pruning_mse": 0.372314453125, "pruning_sqnr_corrected": 6.56041803794208, "pruning_mse_corrected": 0.59765625}, "stage2.3.branch2.5": {"sample_kurtosis": 6.811516822145011, "quant_sqnr": 15.597534257792871, "quant_mse": 0.0022858413867652416, "quant_sparsity": 0.4791666567325592, "pruning_sqnr": 12.034813141850844, "pruning_mse": 0.005191802978515625, "pruning_sqnr_corrected": 7.985144504505152, "pruning_mse_corrected": 0.01319122314453125}, "stage3.0.branch1.0": {"sample_kurtosis": 1.9654942767950052, "quant_sqnr": 16.285522494433202, "quant_mse": 0.02848193421959877, "quant_sparsity": 0.125, "pruning_sqnr": 5.562324589185906, "pruning_mse": 0.33642578125, "pruning_sqnr_corrected": 5.0207877342778, "pruning_mse_corrected": 0.381103515625}, "stage3.0.branch1.2": {"sample_kurtosis": 9.50887573964497, "quant_sqnr": 13.620202308143135, "quant_mse": 0.002206394448876381, "quant_sparsity": 0.4483506977558136, "pruning_sqnr": 10.08632797272349, "pruning_mse": 0.004978179931640625, "pruning_sqnr_corrected": 6.964327362706585, "pruning_mse_corrected": 0.01021575927734375}, "stage3.0.branch2.0": {"sample_kurtosis": 11.10855675586832, "quant_sqnr": 13.429803016599045, "quant_mse": 0.0020129610784351826, "quant_sparsity": 0.5078125, "pruning_sqnr": 11.079877928584377, "pruning_mse": 0.0034580230712890625, "pruning_sqnr_corrected": 7.078018815468836, "pruning_mse_corrected": 0.00868988037109375}, "stage3.0.branch2.3": {"sample_kurtosis": -0.6280130338038452, "quant_sqnr": 19.582434965166968, "quant_mse": 0.008197782561182976, "quant_sparsity": 0.06018518656492233, "pruning_sqnr": 4.500725785762352, "pruning_mse": 0.26416015625, "pruning_sqnr_corrected": 4.258738148897805, "pruning_mse_corrected": 0.279296875}, "stage3.0.branch2.5": {"sample_kurtosis": 7.39187558111362, "quant_sqnr": 14.613653261687137, "quant_mse": 0.0014166440814733505, "quant_sparsity": 0.401909738779068, "pruning_sqnr": 10.441704599362772, "pruning_mse": 0.0037021636962890625, "pruning_sqnr_corrected": 7.4291677408867285, "pruning_mse_corrected": 0.00740814208984375}, "stage3.1.branch2.0": {"sample_kurtosis": 5.3284735514272015, "quant_sqnr": 15.347538428447551, "quant_mse": 0.0009754619677551091, "quant_sparsity": 0.378472238779068, "pruning_sqnr": 9.851362977365532, "pruning_mse": 0.0034580230712890625, "pruning_sqnr_corrected": 7.034550130278893, "pruning_mse_corrected": 0.00661468505859375}, "stage3.1.branch2.3": {"sample_kurtosis": 4.413202250463022, "quant_sqnr": 16.35025054412919, "quant_mse": 0.026521775871515274, "quant_sparsity": 0.4166666567325592, "pruning_sqnr": 10.768714092980234, "pruning_mse": 0.09588623046875, "pruning_sqnr_corrected": 7.477435843797577, "pruning_mse_corrected": 0.20458984375}, "stage3.1.branch2.5": {"sample_kurtosis": 8.274535334795075, "quant_sqnr": 14.262511854058182, "quant_mse": 0.001320933224633336, "quant_sparsity": 0.4743923544883728, "pruning_sqnr": 10.86289334045764, "pruning_mse": 0.0028896331787109375, "pruning_sqnr_corrected": 7.181897105430524, "pruning_mse_corrected": 0.006744384765625}, "stage3.2.branch2.0": {"sample_kurtosis": 4.467434501039566, "quant_sqnr": 15.406935237046028, "quant_mse": 0.0008765353704802692, "quant_sparsity": 0.2990451455116272, "pruning_sqnr": 8.220984236840088, "pruning_mse": 0.00458526611328125, "pruning_sqnr_corrected": 6.405021181524493, "pruning_mse_corrected": 0.00696563720703125}, "stage3.2.branch2.3": {"sample_kurtosis": 4.515834806813606, "quant_sqnr": 16.39148426906864, "quant_mse": 0.02148541435599327, "quant_sparsity": 0.4236111044883728,