{"conv1.0": {"sample_kurtosis": 3.4754602104995707, "quant_sqnr": 7.427964180385547, "quant_mse": 0.0704934149980545, "quant_sparsity": 0.6867284178733826, "pruning_sqnr": 5.8342930763844, "pruning_mse": 0.10174560546875, "pruning_sqnr_corrected": 2.359909978513994, "pruning_mse_corrected": 0.2264404296875}, "stage2.0.branch1.0": {"sample_kurtosis": 1.342835601013884, "quant_sqnr": 7.907582108820426, "quant_mse": 0.5679082274436951, "quant_sparsity": 0.5601851940155029, "pruning_sqnr": 3.9848442692525565, "pruning_mse": 1.4013671875, "pruning_sqnr_corrected": 2.237066103653345, "pruning_mse_corrected": 2.095703125}, "stage2.0.branch1.2": {"sample_kurtosis": 11.172225573384614, "quant_sqnr": 6.4435576090422675, "quant_mse": 0.024211077019572258, "quant_sparsity": 0.890625, "pruning_sqnr": 10.958869395504776, "pruning_mse": 0.0085601806640625, "pruning_sqnr_corrected": 1.779575897401027, "pruning_mse_corrected": 0.07086181640625}, "stage2.0.branch2.0": {"sample_kurtosis": 7.6698977618190085, "quant_sqnr": 7.621101699219035, "quant_mse": 0.027971500530838966, "quant_sparsity": 0.7847222089767456, "pruning_sqnr": 8.139183123279114, "pruning_mse": 0.0248260498046875, "pruning_sqnr_corrected": 2.544538536226261, "pruning_mse_corrected": 0.09002685546875}, "stage2.0.branch2.3": {"sample_kurtosis": 0.6496602294768277, "quant_sqnr": 7.796990115553132, "quant_mse": 0.6357510685920715, "quant_sparsity": 0.45370370149612427, "pruning_sqnr": 3.3873798991148343, "pruning_mse": 1.7548828125, "pruning_sqnr_corrected": 2.274238516179022, "pruning_mse_corrected": 2.267578125}, "stage2.0.branch2.5": {"sample_kurtosis": 4.1145739253968845, "quant_sqnr": 6.903941926998979, "quant_mse": 0.02116580493748188, "quant_sparsity": 0.7482638955116272, "pruning_sqnr": 7.012111161086133, "pruning_mse": 0.0206451416015625, "pruning_sqnr_corrected": 2.188784777809957, "pruning_mse_corrected": 0.06268310546875}, "stage2.1.branch2.0": {"sample_kurtosis": 3.116811712136651, "quant_sqnr": 7.027126481988518, "quant_mse": 0.012985752895474434, "quant_sparsity": 0.5729166865348816, "pruning_sqnr": 5.117568956793862, "pruning_mse": 0.0201568603515625, "pruning_sqnr_corrected": 2.7932061798260883, "pruning_mse_corrected": 0.034423828125}, "stage2.1.branch2.3": {"sample_kurtosis": 5.194759310000501, "quant_sqnr": 7.85050924217683, "quant_mse": 0.4152255952358246, "quant_sparsity": 0.6712962985038757, "pruning_sqnr": 6.362081748092443, "pruning_mse": 0.5849609375, "pruning_sqnr_corrected": 2.7723154906456573, "pruning_mse_corrected": 1.3369140625}, "stage2.1.branch2.5": {"sample_kurtosis": 4.1539016755377665, "quant_sqnr": 6.882358011295436, "quant_mse": 0.012743986211717129, "quant_sparsity": 0.6597222089767456, "pruning_sqnr": 5.554079701072575, "pruning_mse": 0.017303466796875, "pruning_sqnr_corrected": 2.5938541640519093, "pruning_mse_corrected": 0.034210205078125}, "stage2.2.branch2.0": {"sample_kurtosis": 3.9354980683652014, "quant_sqnr": 6.339653691864271, "quant_mse": 0.016219621524214745, "quant_sparsity": 0.6996527910232544, "pruning_sqnr": 5.820291977316751, "pruning_mse": 0.018280029296875, "pruning_sqnr_corrected": 2.3921122457462127, "pruning_mse_corrected": 0.040252685546875}, "stage2.2.branch2.3": {"sample_kurtosis": 3.2800027716006435, "quant_sqnr": 6.778093034769668, "quant_mse": 0.40274691581726074, "quant_sparsity": 0.6851851940155029, "pruning_sqnr": 5.395584245580243, "pruning_mse": 0.5537109375, "pruning_sqnr_corrected": 2.419889610035496, "pruning_mse_corrected": 1.0986328125}, "stage2.2.branch2.5": {"sample_kurtosis": 5.675549006982935, "quant_sqnr": 6.176393656337468, "quant_mse": 0.016973445191979408, "quant_sparsity": 0.710069477558136, "pruning_sqnr": 6.244751794465242, "pruning_mse": 0.0167083740234375, "pruning_sqnr_corrected": 2.8043300209790836, "pruning_mse_corrected": 0.036895751953125}, "stage2.3.branch2.0": {"sample_kurtosis": 8.280187485797816, "quant_sqnr": 5.194751055236267, "quant_mse": 0.020207801833748817, "quant_sparsity": 0.8003472089767456, "pruning_sqnr": 7.239686009515529, "pruning_mse": 0.0126190185546875, "pruning_sqnr_corrected": 2.722582530939567, "pruning_mse_corrected": 0.03570556640625}, "stage2.3.branch2.3": {"sample_kurtosis": 2.0974165091367363, "quant_sqnr": 7.012384329331779, "quant_mse": 0.5385857224464417, "quant_sparsity": 0.6064814925193787, "pruning_sqnr": 4.929155219028943, "pruning_mse": 0.8701171875, "pruning_sqnr_corrected": 2.3758886199162443, "pruning_mse_corrected": 1.56640625}, "stage2.3.branch2.5": {"sample_kurtosis": 6.811516822145011, "quant_sqnr": 5.9641677710141705, "quant_mse": 0.021007904782891273, "quant_sparsity": 0.7777777910232544, "pruning_sqnr": 7.717277144863605, "pruning_mse": 0.01403045654296875, "pruning_sqnr_corrected": 2.567129524666134, "pruning_mse_corrected": 0.045928955078125}, "stage3.0.branch1.0": {"sample_kurtosis": 1.9654942767950052, "quant_sqnr": 7.15298009892474, "quant_mse": 0.23325110971927643, "quant_sparsity": 0.3402777910232544, "pruning_sqnr": 3.2515366871068707, "pruning_mse": 0.57275390625, "pruning_sqnr_corrected": 2.467753565851176, "pruning_mse_corrected": 0.68603515625}, "stage3.0.branch1.2": {"sample_kurtosis": 9.50887573964497, "quant_sqnr": 5.558884717160559, "quant_mse": 0.014119356870651245, "quant_sparsity": 0.7265625, "pruning_sqnr": 6.556006405551374, "pruning_mse": 0.01122283935546875, "pruning_sqnr_corrected": 3.0338531950694887, "pruning_mse_corrected": 0.0252532958984375}, "stage3.0.branch2.0": {"sample_kurtosis": 11.10855675586832, "quant_sqnr": 5.546187014905577, "quant_mse": 0.01236508134752512, "quant_sparsity": 0.7799479365348816, "pruning_sqnr": 7.139458493645261, "pruning_mse": 0.00856781005859375, "pruning_sqnr_corrected": 2.9420925247497993, "pruning_mse_corrected": 0.02252197265625}, "stage3.0.branch2.3": {"sample_kurtosis": -0.6280130338038452, "quant_sqnr": 8.332006380482179, "quant_mse": 0.10932997614145279, "quant_sparsity": 0.37268519401550293, "pruning_sqnr": 2.4051792325299086, "pruning_mse": 0.427978515625, "pruning_sqnr_corrected": 1.6290856103509683, "pruning_mse_corrected": 0.51171875}, "stage3.0.branch2.5": {"sample_kurtosis": 7.39187558111362, "quant_sqnr": 6.236129489290343, "quant_mse": 0.009750191122293472, "quant_sparsity": 0.7434895634651184, "pruning_sqnr": 6.64183023682808, "pruning_mse": 0.008880615234375, "pruning_sqnr_corrected": 2.7134712228583275, "pruning_mse_corrected": 0.021942138671875}, "stage3.1.branch2.0": {"sample_kurtosis": 5.3284735514272015, "quant_sqnr": 6.299772326405289, "quant_mse": 0.007834061048924923, "quant_sparsity": 0.7078993320465088, "pruning_sqnr": 6.064448283017314, "pruning_mse": 0.008270263671875, "pruning_sqnr_corrected": 2.5622542810087956, "pruning_mse_corrected": 0.018524169921875}, "stage3.1.branch2.3": {"sample_kurtosis": 4.413202250463022, "quant_sqnr": 6.713039494702898, "quant_mse": 0.2439628541469574, "quant_sparsity": 0.8055555820465088, "pruning_sqnr": 6.481469921335065, "pruning_mse": 0.25732421875, "pruning_sqnr_corrected": 1.8555012193373288, "pruning_mse_corrected": 0.74658203125}, "stage3.1.branch2.5": {"sample_kurtosis": 8.274535334795075, "quant_sqnr": 5.635474611317786, "quant_mse": 0.009629075415432453, "quant_sparsity": 0.784288227558136, "pruning_sqnr": 6.956922945747829, "pruning_mse": 0.00710296630859375, "pruning_sqnr_corrected": 2.663546701987243, "pruning_mse_corrected": 0.0190887451171875}, "stage3.2.branch2.0": {"sample_kurtosis": 4.467434501039566, "quant_sqnr": 6.42264631834791, "quant_mse": 0.006937425583600998, "quant_sparsity": 0.6067708134651184, "pruning_sqnr": 5.1142101280029415, "pruning_mse": 0.00937652587890625, "pruning_sqnr_corrected": 2.8542236126484335, "pruning_mse_corrected": 0.015777587890625}, "stage3.2.branch2.3": {"sample_kurtosis": 4.515834806813606, "quant_sqnr": 7.136651956672511, "quant_mse": 0.18097849190235138, "quant_sparsity": 0.7893518805503845, "pruning_sqnr": 6.974434843745463, "pruning_mse": 0.1878662109375,