{"conv1.0": {"sample_kurtosis": 1.3748322858555184, "quant_sqnr": 29.31805235827838, "quant_mse": 0.00040790875209495425, "quant_sparsity": 0.08641975373029709, "pruning_sqnr": 10.95448858762078, "pruning_mse": 0.027984619140625, "pruning_sqnr_corrected": 9.844664920451983, "pruning_mse_corrected": 0.0361328125}, "stage2.0.branch1.0": {"sample_kurtosis": 3.3258078314216144, "quant_sqnr": 29.415350294368455, "quant_mse": 0.004884781781584024, "quant_sparsity": 0.18518519401550293, "pruning_sqnr": 15.396638169899505, "pruning_mse": 0.12322998046875, "pruning_sqnr_corrected": 13.307839555329405, "pruning_mse_corrected": 0.1993408203125}, "stage2.0.branch1.2": {"sample_kurtosis": 12.30469135802469, "quant_sqnr": 24.574150424998212, "quant_mse": 0.00015328424342442304, "quant_sparsity": 0.2801724076271057, "pruning_sqnr": 17.7058348805995, "pruning_mse": 0.0007452964782714844, "pruning_sqnr_corrected": 14.539974558725246, "pruning_mse_corrected": 0.001544952392578125}, "stage2.0.branch2.0": {"sample_kurtosis": 6.945608445659346, "quant_sqnr": 25.945902504725925, "quant_mse": 0.0002423219266347587, "quant_sparsity": 0.3002873659133911, "pruning_sqnr": 17.82362221401786, "pruning_mse": 0.0015726089477539062, "pruning_sqnr_corrected": 13.326906659797684, "pruning_mse_corrected": 0.004428863525390625}, "stage2.0.branch2.3": {"sample_kurtosis": 2.0116646301971706, "quant_sqnr": 28.468121580050763, "quant_mse": 0.002152480883523822, "quant_sparsity": 0.19348658621311188, "pruning_sqnr": 13.13905773075286, "pruning_mse": 0.07342529296875, "pruning_sqnr_corrected": 10.25698561974769, "pruning_mse_corrected": 0.142578125}, "stage2.0.branch2.5": {"sample_kurtosis": 10.776679278223323, "quant_sqnr": 24.315281182555182, "quant_mse": 0.00012473577226046473, "quant_sparsity": 0.30410224199295044, "pruning_sqnr": 17.41939077729199, "pruning_mse": 0.0006103515625, "pruning_sqnr_corrected": 13.781508777161937, "pruning_mse_corrected": 0.0014104843139648438}, "stage2.1.branch2.0": {"sample_kurtosis": 6.132299241596705, "quant_sqnr": 24.640759090244263, "quant_mse": 7.537078636232764e-05, "quant_sparsity": 0.15190249681472778, "pruning_sqnr": 11.834775271690335, "pruning_mse": 0.001438140869140625, "pruning_sqnr_corrected": 10.39246157010565, "pruning_mse_corrected": 0.0020046234130859375}, "stage2.1.branch2.3": {"sample_kurtosis": 4.98499595731792, "quant_sqnr": 26.89732533821166, "quant_mse": 0.0021886390168219805, "quant_sparsity": 0.19923371076583862, "pruning_sqnr": 16.659739687202745, "pruning_mse": 0.0231170654296875, "pruning_sqnr_corrected": 14.52635961210518, "pruning_mse_corrected": 0.03778076171875}, "stage2.1.branch2.5": {"sample_kurtosis": 4.750119686927069, "quant_sqnr": 25.90993199105717, "quant_mse": 5.431456884252839e-05, "quant_sparsity": 0.1236623078584671, "pruning_sqnr": 11.887505627278971, "pruning_mse": 0.0013713836669921875, "pruning_sqnr_corrected": 10.672989361733658, "pruning_mse_corrected": 0.0018138885498046875}, "stage2.2.branch2.0": {"sample_kurtosis": 8.22836564961855, "quant_sqnr": 22.38744676423153, "quant_mse": 0.00012354724458418787, "quant_sparsity": 0.1685493439435959, "pruning_sqnr": 12.12559219784792, "pruning_mse": 0.001312255859375, "pruning_sqnr_corrected": 10.477655830875428, "pruning_mse_corrected": 0.0019178390502929688}, "stage2.2.branch2.3": {"sample_kurtosis": 2.7916975425330817, "quant_sqnr": 27.992039911541756, "quant_mse": 0.0017831746954470873, "quant_sparsity": 0.19157087802886963, "pruning_sqnr": 16.191499814277755, "pruning_mse": 0.0269927978515625, "pruning_sqnr_corrected": 13.611853069252987, "pruning_mse_corrected": 0.04888916015625}, "stage2.2.branch2.5": {"sample_kurtosis": 5.969993502218035, "quant_sqnr": 25.077973557695433, "quant_mse": 6.838943954790011e-05, "quant_sparsity": 0.13882282376289368, "pruning_sqnr": 12.191235399874284, "pruning_mse": 0.0013294219970703125, "pruning_sqnr_corrected": 10.796329304168923, "pruning_mse_corrected": 0.0018329620361328125}, "stage2.3.branch2.0": {"sample_kurtosis": 10.304008792450281, "quant_sqnr": 23.103062035073407, "quant_mse": 0.00010470366396475583, "quant_sparsity": 0.18638525903224945, "pruning_sqnr": 14.39710387546588, "pruning_mse": 0.0007772445678710938, "pruning_sqnr_corrected": 12.460395926329094, "pruning_mse_corrected": 0.0012140274047851562}, "stage2.3.branch2.3": {"sample_kurtosis": 2.1261341697000224, "quant_sqnr": 29.075394380527648, "quant_mse": 0.0011363690719008446, "quant_sparsity": 0.12643678486347198, "pruning_sqnr": 13.543307227316285, "pruning_mse": 0.040618896484375, "pruning_sqnr_corrected": 11.898125176160478, "pruning_mse_corrected": 0.059326171875}, "stage2.3.branch2.5": {"sample_kurtosis": 7.197791282438901, "quant_sqnr": 25.183641209735388, "quant_mse": 7.28511658962816e-05, "quant_sparsity": 0.16082045435905457, "pruning_sqnr": 14.326841633147582, "pruning_mse": 0.0008873939514160156, "pruning_sqnr_corrected": 12.653144433974468, "pruning_mse_corrected": 0.00130462646484375}, "stage3.0.branch1.0": {"sample_kurtosis": -0.7262879947189966, "quant_sqnr": 31.497076986857433, "quant_mse": 0.0003346673329360783, "quant_sparsity": 0.005747126415371895, "pruning_sqnr": 6.118198286171186, "pruning_mse": 0.115478515625, "pruning_sqnr_corrected": 6.088459806712545, "pruning_mse_corrected": 0.11627197265625}, "stage3.0.branch1.2": {"sample_kurtosis": 14.333070901906162, "quant_sqnr": 21.376999697138224, "quant_mse": 0.00011423869000282139, "quant_sparsity": 0.18601366877555847, "pruning_sqnr": 12.936471520167682, "pruning_mse": 0.0007977485656738281, "pruning_sqnr_corrected": 11.164324562059315, "pruning_mse_corrected": 0.0011997222900390625}, "stage3.0.branch2.0": {"sample_kurtosis": 3.928710531428525, "quant_sqnr": 25.756725258842334, "quant_mse": 3.411156649235636e-05, "quant_sparsity": 0.16557669639587402, "pruning_sqnr": 11.475819857536859, "pruning_mse": 0.0009140968322753906, "pruning_sqnr_corrected": 9.76885758584711, "pruning_mse_corrected": 0.001354217529296875}, "stage3.0.branch2.3": {"sample_kurtosis": -1.1343686823489372, "quant_sqnr": 33.544360550009735, "quant_mse": 0.00019246658484917134, "quant_sparsity": 0.040229883044958115, "pruning_sqnr": 5.622867751205627, "pruning_mse": 0.1192626953125, "pruning_sqnr_corrected": 5.385016415481432, "pruning_mse_corrected": 0.1259765625}, "stage3.0.branch2.5": {"sample_kurtosis": 6.121154491661613, "quant_sqnr": 23.373242397299705, "quant_mse": 5.056264853919856e-05, "quant_sparsity": 0.19448572397232056, "pruning_sqnr": 12.16035949839274, "pruning_mse": 0.0006685256958007812, "pruning_sqnr_corrected": 10.117611108857902, "pruning_mse_corrected": 0.0010700225830078125}, "stage3.1.branch2.0": {"sample_kurtosis": 6.734715638288305, "quant_sqnr": 23.40608477302229, "quant_mse": 3.886384729412384e-05, "quant_sparsity": 0.17999404668807983, "pruning_sqnr": 11.82856565575413, "pruning_mse": 0.0005588531494140625, "pruning_sqnr_corrected": 10.070124157621898, "pruning_mse_corrected": 0.0008378028869628906}, "stage3.1.branch2.3": {"sample_kurtosis": 3.9136097545405217, "quant_sqnr": 27.434217890761126, "quant_mse": 0.0015603482024744153, "quant_sparsity": 0.1666666567325592, "pruning_sqnr": 14.413693836259583, "pruning_mse": 0.031280517578125, "pruning_sqnr_corrected": 12.777426515383514, "pruning_mse_corrected": 0.04559326171875}, "stage3.1.branch2.5": {"sample_kurtosis": 16.61496484493908, "quant_sqnr": 21.807885199204886, "quant_mse": 7.386311335721985e-05, "quant_sparsity": 0.2958531379699707, "pruning_sqnr": 15.572650496677847, "pruning_mse": 0.0003104209899902344, "pruning_sqnr_corrected": 12.418009783480183, "pruning_mse_corrected": 0.0006418228149414062}, "stage3.2.branch2.0": {"sample_kurtosis": 7.262154328049032, "quant_sqnr": 24.091863940243282, "quant_mse": 3.9848178857937455e-05, "quant_sparsity": 0.1672859638929367, "pruning_sqnr": 12.267376697083375, "pruning_mse": 0.000606536865234375, "pruning_sqnr_corrected": 10.605459448760259, "pruning_mse_corrected": 0.0008893013000488281},