{"conv1.0": {"sample_kurtosis": 1.3748322858555184, "quant_sqnr": 17.613756617391548, "quant_mse": 0.006039383355528116, "quant_sparsity": 0.2669753134250641, "pruning_sqnr": 7.118566526189579, "pruning_mse": 0.06768798828125, "pruning_sqnr_corrected": 5.4593483345322475, "pruning_mse_corrected": 0.09918212890625}, "stage2.0.branch1.0": {"sample_kurtosis": 3.3258078314216144, "quant_sqnr": 17.51088635336564, "quant_mse": 0.07573411613702774, "quant_sparsity": 0.4305555522441864, "pruning_sqnr": 11.409930706592613, "pruning_mse": 0.30859375, "pruning_sqnr_corrected": 6.890998083742734, "pruning_mse_corrected": 0.87353515625}, "stage2.0.branch1.2": {"sample_kurtosis": 12.30469135802469, "quant_sqnr": 13.94266447671047, "quant_mse": 0.0017727443482726812, "quant_sparsity": 0.6235632300376892, "pruning_sqnr": 13.884315719582972, "pruning_mse": 0.001796722412109375, "pruning_sqnr_corrected": 7.711952096926751, "pruning_mse_corrected": 0.007442474365234375}, "stage2.0.branch2.0": {"sample_kurtosis": 6.945608445659346, "quant_sqnr": 15.655051021668127, "quant_mse": 0.0025910623371601105, "quant_sparsity": 0.5538793206214905, "pruning_sqnr": 12.746519628539069, "pruning_mse": 0.005062103271484375, "pruning_sqnr_corrected": 6.664178345024219, "pruning_mse_corrected": 0.020538330078125}, "stage2.0.branch2.3": {"sample_kurtosis": 2.0116646301971706, "quant_sqnr": 17.52905706118177, "quant_mse": 0.026720572263002396, "quant_sparsity": 0.39846742153167725, "pruning_sqnr": 8.446776872001177, "pruning_mse": 0.21630859375, "pruning_sqnr_corrected": 5.473396475918734, "pruning_mse_corrected": 0.428955078125}, "stage2.0.branch2.5": {"sample_kurtosis": 10.776679278223323, "quant_sqnr": 14.302316876295924, "quant_mse": 0.001251086825504899, "quant_sparsity": 0.5752080678939819, "pruning_sqnr": 13.431855293589411, "pruning_mse": 0.0015287399291992188, "pruning_sqnr_corrected": 8.231881375206882, "pruning_mse_corrected": 0.005062103271484375}, "stage2.1.branch2.0": {"sample_kurtosis": 6.132299241596705, "quant_sqnr": 14.72964412779465, "quant_mse": 0.000738438859116286, "quant_sparsity": 0.33293697237968445, "pruning_sqnr": 8.688392803851372, "pruning_mse": 0.00296783447265625, "pruning_sqnr_corrected": 6.622145485004154, "pruning_mse_corrected": 0.0047760009765625}, "stage2.1.branch2.3": {"sample_kurtosis": 4.98499595731792, "quant_sqnr": 16.53190949246181, "quant_mse": 0.023807605728507042, "quant_sparsity": 0.48659002780914307, "pruning_sqnr": 13.090713284465886, "pruning_mse": 0.052581787109375, "pruning_sqnr_corrected": 8.354085893838562, "pruning_mse_corrected": 0.156494140625}, "stage2.1.branch2.5": {"sample_kurtosis": 4.750119686927069, "quant_sqnr": 15.267381728294678, "quant_mse": 0.000629754620604217, "quant_sparsity": 0.32074910402297974, "pruning_sqnr": 8.702576527677273, "pruning_mse": 0.0028553009033203125, "pruning_sqnr_corrected": 6.6708155216264196, "pruning_mse_corrected": 0.004558563232421875}, "stage2.2.branch2.0": {"sample_kurtosis": 8.22836564961855, "quant_sqnr": 13.860424124928167, "quant_mse": 0.000880106701515615, "quant_sparsity": 0.35225921869277954, "pruning_sqnr": 8.908813269268093, "pruning_mse": 0.0027523040771484375, "pruning_sqnr_corrected": 6.6489897561708355, "pruning_mse_corrected": 0.00463104248046875}, "stage2.2.branch2.3": {"sample_kurtosis": 2.7916975425330817, "quant_sqnr": 17.013100501432312, "quant_mse": 0.022340239956974983, "quant_sparsity": 0.43103447556495667, "pruning_sqnr": 11.641027364364549, "pruning_mse": 0.07696533203125, "pruning_sqnr_corrected": 6.660273162464215, "pruning_mse_corrected": 0.2423095703125}, "stage2.2.branch2.5": {"sample_kurtosis": 5.969993502218035, "quant_sqnr": 14.516216422836514, "quant_mse": 0.0007783317705616355, "quant_sparsity": 0.3596908450126648, "pruning_sqnr": 8.894616203332617, "pruning_mse": 0.0028400421142578125, "pruning_sqnr_corrected": 6.541163527735883, "pruning_mse_corrected": 0.0048828125}, "stage2.3.branch2.0": {"sample_kurtosis": 10.304008792450281, "quant_sqnr": 13.694439981534966, "quant_mse": 0.0009137430461123586, "quant_sparsity": 0.48365041613578796, "pruning_sqnr": 10.860501732770283, "pruning_mse": 0.0017547607421875, "pruning_sqnr_corrected": 7.117801252028273, "pruning_mse_corrected": 0.004154205322265625}, "stage2.3.branch2.3": {"sample_kurtosis": 2.1261341697000224, "quant_sqnr": 17.467192143009743, "quant_mse": 0.01645658165216446, "quant_sparsity": 0.33141762018203735, "pruning_sqnr": 9.409415210536284, "pruning_mse": 0.105224609375, "pruning_sqnr_corrected": 6.5477378980757255, "pruning_mse_corrected": 0.203369140625}, "stage2.3.branch2.5": {"sample_kurtosis": 7.197791282438901, "quant_sqnr": 14.804959542928696, "quant_mse": 0.0007948856800794601, "quant_sparsity": 0.44619500637054443, "pruning_sqnr": 10.866908478263703, "pruning_mse": 0.0019683837890625, "pruning_sqnr_corrected": 7.631110053672872, "pruning_mse_corrected": 0.004146575927734375}, "stage3.0.branch1.0": {"sample_kurtosis": -0.7262879947189966, "quant_sqnr": 20.35109291239212, "quant_mse": 0.004357242491096258, "quant_sparsity": 0.025862067937850952, "pruning_sqnr": 4.186246075318887, "pruning_mse": 0.18017578125, "pruning_sqnr_corrected": 4.098859931542297, "pruning_mse_corrected": 0.183837890625}, "stage3.0.branch1.2": {"sample_kurtosis": 14.333070901906162, "quant_sqnr": 12.220457269375286, "quant_mse": 0.0009407353354617953, "quant_sparsity": 0.44448572397232056, "pruning_sqnr": 9.768136181882891, "pruning_mse": 0.0016546249389648438, "pruning_sqnr_corrected": 6.856572537305055, "pruning_mse_corrected": 0.00323486328125}, "stage3.0.branch2.0": {"sample_kurtosis": 3.928710531428525, "quant_sqnr": 15.646223887755653, "quant_mse": 0.00034990633139386773, "quant_sparsity": 0.321938157081604, "pruning_sqnr": 8.119467537913472, "pruning_mse": 0.001979827880859375, "pruning_sqnr_corrected": 6.075130878556941, "pruning_mse_corrected": 0.003170013427734375}, "stage3.0.branch2.3": {"sample_kurtosis": -1.1343686823489372, "quant_sqnr": 22.001211393730003, "quant_mse": 0.002745808567851782, "quant_sparsity": 0.05076628178358078, "pruning_sqnr": 3.7377999730558056, "pruning_mse": 0.18408203125, "pruning_sqnr_corrected": 3.5572879713594667, "pruning_mse_corrected": 0.19189453125}, "stage3.0.branch2.5": {"sample_kurtosis": 6.121154491661613, "quant_sqnr": 14.508413122880327, "quant_mse": 0.0003893254033755511, "quant_sparsity": 0.3624405562877655, "pruning_sqnr": 8.722636541065654, "pruning_mse": 0.0014753341674804688, "pruning_sqnr_corrected": 6.297472805363346, "pruning_mse_corrected": 0.0025787353515625}, "stage3.1.branch2.0": {"sample_kurtosis": 6.734715638288305, "quant_sqnr": 14.177503487042543, "quant_mse": 0.0003253897884860635, "quant_sparsity": 0.3466111719608307, "pruning_sqnr": 8.59791104997772, "pruning_mse": 0.0011758804321289062, "pruning_sqnr_corrected": 6.390003205377493, "pruning_mse_corrected": 0.0019550323486328125}, "stage3.1.branch2.3": {"sample_kurtosis": 3.9136097545405217, "quant_sqnr": 16.875065627135754, "quant_mse": 0.017747482284903526, "quant_sparsity": 0.4013409912586212, "pruning_sqnr": 11.120459313563382, "pruning_mse": 0.0667724609375, "pruning_sqnr_corrected": 7.863246982983516, "pruning_mse_corrected": 0.141357421875}, "stage3.1.branch2.5": {"sample_kurtosis": 16.61496484493908, "quant_sqnr": 12.252406229507448, "quant_mse": 0.0006667691632173955, "quant_sparsity": 0.5614595413208008, "pruning_sqnr": 12.00877864239084, "pruning_mse": 0.0007052421569824219, "pruning_sqnr_corrected": 7.51335317397478, "pruning_mse_corrected": 0.0019855499267578125}, "stage3.2.branch2.0": {"sample_kurtosis": 7.262154328049032, "quant_sqnr": 14.340181838415509, "quant_mse": 0.0003763368004001677, "quant_sparsity": 0.3712841868400574, "pruning_sqnr": 9.02442269523778, "pruning_mse": 0.0012798309326171875, "pruning_sqnr_corrected": 6.620939336473999, "pruning_mse_corrected": 0.0022258758544921875}, "stage3.2.branch2.3": {"sample_kurtosis": 5.166160332320665, "quant_sqnr": 15.303957681552536,