{"conv1.0": {"sample_kurtosis": 3.4754602104995707, "quant_sqnr": 12.63907857718528, "quant_mse": 0.021234259009361267, "quant_sparsity": 0.5817901492118835, "pruning_sqnr": 8.230936744268769, "pruning_mse": 0.05859375, "pruning_sqnr_corrected": 4.130197521052413, "pruning_mse_corrected": 0.150634765625}, "stage2.0.branch1.0": {"sample_kurtosis": 1.342835601013884, "quant_sqnr": 13.039538253893337, "quant_mse": 0.17421379685401917, "quant_sparsity": 0.375, "pruning_sqnr": 5.518757958857603, "pruning_mse": 0.984375, "pruning_sqnr_corrected": 3.874285179937867, "pruning_mse_corrected": 1.4375}, "stage2.0.branch1.2": {"sample_kurtosis": 11.172225573384614, "quant_sqnr": 10.842692231626902, "quant_mse": 0.008792262524366379, "quant_sparsity": 0.8142361044883728, "pruning_sqnr": 14.07099237986251, "pruning_mse": 0.004180908203125, "pruning_sqnr_corrected": 4.469097921346013, "pruning_mse_corrected": 0.03814697265625}, "stage2.0.branch2.0": {"sample_kurtosis": 7.6698977618190085, "quant_sqnr": 11.800689117084868, "quant_mse": 0.010684569366276264, "quant_sparsity": 0.7152777910232544, "pruning_sqnr": 11.405105013157893, "pruning_mse": 0.0117034912109375, "pruning_sqnr_corrected": 4.161384909627504, "pruning_mse_corrected": 0.062042236328125}, "stage2.0.branch2.3": {"sample_kurtosis": 0.6496602294768277, "quant_sqnr": 12.44846400557594, "quant_mse": 0.2178410440683365, "quant_sparsity": 0.29629629850387573, "pruning_sqnr": 4.642410071324992, "pruning_mse": 1.314453125, "pruning_sqnr_corrected": 3.5775762011290837, "pruning_mse_corrected": 1.6796875}, "stage2.0.branch2.5": {"sample_kurtosis": 4.1145739253968845, "quant_sqnr": 12.418154975381501, "quant_mse": 0.005945843644440174, "quant_sparsity": 0.640625, "pruning_sqnr": 9.591883108908375, "pruning_mse": 0.0113983154296875, "pruning_sqnr_corrected": 4.069746922079728, "pruning_mse_corrected": 0.0406494140625}, "stage2.1.branch2.0": {"sample_kurtosis": 3.116811712136651, "quant_sqnr": 11.660884326882355, "quant_mse": 0.004467775579541922, "quant_sparsity": 0.409722238779068, "pruning_sqnr": 6.726648749654974, "pruning_mse": 0.013916015625, "pruning_sqnr_corrected": 4.680094973596168, "pruning_mse_corrected": 0.0222930908203125}, "stage2.1.branch2.3": {"sample_kurtosis": 5.194759310000501, "quant_sqnr": 11.928559245348493, "quant_mse": 0.1623600274324417, "quant_sparsity": 0.5972222089767456, "pruning_sqnr": 8.248032716043486, "pruning_mse": 0.37890625, "pruning_sqnr_corrected": 4.7762420148334614, "pruning_mse_corrected": 0.8427734375}, "stage2.1.branch2.5": {"sample_kurtosis": 4.1539016755377665, "quant_sqnr": 11.230365392717708, "quant_mse": 0.004682788625359535, "quant_sparsity": 0.5243055820465088, "pruning_sqnr": 7.338031840725031, "pruning_mse": 0.011474609375, "pruning_sqnr_corrected": 4.409346671771226, "pruning_mse_corrected": 0.02252197265625}, "stage2.2.branch2.0": {"sample_kurtosis": 3.9354980683652014, "quant_sqnr": 11.101891600060984, "quant_mse": 0.00541772460564971, "quant_sparsity": 0.5277777910232544, "pruning_sqnr": 7.720256977495815, "pruning_mse": 0.01180267333984375, "pruning_sqnr_corrected": 4.6045674923119755, "pruning_mse_corrected": 0.0241851806640625}, "stage2.2.branch2.3": {"sample_kurtosis": 3.2800027716006435, "quant_sqnr": 11.404128196355877, "quant_mse": 0.13881254196166992, "quant_sparsity": 0.5138888955116272, "pruning_sqnr": 7.450593129303346, "pruning_mse": 0.344970703125, "pruning_sqnr_corrected": 4.31607072591893, "pruning_mse_corrected": 0.7099609375}, "stage2.2.branch2.5": {"sample_kurtosis": 5.675549006982935, "quant_sqnr": 11.126465681502122, "quant_mse": 0.005429537035524845, "quant_sparsity": 0.5625, "pruning_sqnr": 7.976019595384665, "pruning_mse": 0.0112152099609375, "pruning_sqnr_corrected": 4.953918150996287, "pruning_mse_corrected": 0.022491455078125}, "stage2.3.branch2.0": {"sample_kurtosis": 8.280187485797816, "quant_sqnr": 9.520102740689108, "quant_mse": 0.007464210968464613, "quant_sparsity": 0.6753472089767456, "pruning_sqnr": 9.475274325183896, "pruning_mse": 0.007541656494140625, "pruning_sqnr_corrected": 4.786111171821734, "pruning_mse_corrected": 0.0222015380859375}, "stage2.3.branch2.3": {"sample_kurtosis": 2.0974165091367363, "quant_sqnr": 12.19122432660342, "quant_mse": 0.16344469785690308, "quant_sparsity": 0.5138888955116272, "pruning_sqnr": 6.819939143090513, "pruning_mse": 0.56298828125, "pruning_sqnr_corrected": 3.80211241711606, "pruning_mse_corrected": 1.1279296875}, "stage2.3.branch2.5": {"sample_kurtosis": 6.811516822145011, "quant_sqnr": 10.58707425988819, "quant_mse": 0.0072458959184587, "quant_sparsity": 0.6701388955116272, "pruning_sqnr": 9.867038311294648, "pruning_mse": 0.00855255126953125, "pruning_sqnr_corrected": 4.87060886870382, "pruning_mse_corrected": 0.0270233154296875}, "stage3.0.branch1.0": {"sample_kurtosis": 1.9654942767950052, "quant_sqnr": 11.146115624215465, "quant_mse": 0.09300582855939865, "quant_sparsity": 0.18287037312984467, "pruning_sqnr": 4.421436711640911, "pruning_mse": 0.4375, "pruning_sqnr_corrected": 3.803513593065957, "pruning_mse_corrected": 0.50439453125}, "stage3.0.branch1.2": {"sample_kurtosis": 9.50887573964497, "quant_sqnr": 9.258961651927445, "quant_mse": 0.0060229217633605, "quant_sparsity": 0.5915798544883728, "pruning_sqnr": 8.40715944084955, "pruning_mse": 0.007328033447265625, "pruning_sqnr_corrected": 4.932056124099083, "pruning_mse_corrected": 0.0163116455078125}, "stage3.0.branch2.0": {"sample_kurtosis": 11.10855675586832, "quant_sqnr": 9.247437282971203, "quant_mse": 0.005273172166198492, "quant_sparsity": 0.6575520634651184, "pruning_sqnr": 9.186075876593252, "pruning_mse": 0.00534820556640625, "pruning_sqnr_corrected": 4.897059865347458, "pruning_mse_corrected": 0.0143585205078125}, "stage3.0.branch2.3": {"sample_kurtosis": -0.6280130338038452, "quant_sqnr": 14.54699258142414, "quant_mse": 0.026136090978980064, "quant_sparsity": 0.15046297013759613, "pruning_sqnr": 3.447355731709361, "pruning_mse": 0.336669921875, "pruning_sqnr_corrected": 2.984744797338237, "pruning_mse_corrected": 0.37451171875}, "stage3.0.branch2.5": {"sample_kurtosis": 7.39187558111362, "quant_sqnr": 10.309264933558534, "quant_mse": 0.0038168015889823437, "quant_sparsity": 0.600694477558136, "pruning_sqnr": 8.591471902361024, "pruning_mse": 0.00566864013671875, "pruning_sqnr_corrected": 4.838836916973557, "pruning_mse_corrected": 0.01345062255859375}, "stage3.1.branch2.0": {"sample_kurtosis": 5.3284735514272015, "quant_sqnr": 10.64504389043737, "quant_mse": 0.0028804463800042868, "quant_sparsity": 0.549913227558136, "pruning_sqnr": 8.013680160473417, "pruning_mse": 0.005279541015625, "pruning_sqnr_corrected": 4.6828784209182555, "pruning_mse_corrected": 0.0113677978515625}, "stage3.1.branch2.3": {"sample_kurtosis": 4.413202250463022, "quant_sqnr": 11.145670506615694, "quant_mse": 0.08791451901197433, "quant_sparsity": 0.5439814925193787, "pruning_sqnr": 8.953771550036736, "pruning_mse": 0.1456298828125, "pruning_sqnr_corrected": 4.70958336456264, "pruning_mse_corrected": 0.386962890625}, "stage3.1.branch2.5": {"sample_kurtosis": 8.274535334795075, "quant_sqnr": 9.677089974497123, "quant_mse": 0.003796846605837345, "quant_sparsity": 0.6098090410232544, "pruning_sqnr": 9.023386122683572, "pruning_mse": 0.004413604736328125, "pruning_sqnr_corrected": 4.985080052510163, "pruning_mse_corrected": 0.0111846923828125}, "stage3.2.branch2.0": {"sample_kurtosis": 4.467434501039566, "quant_sqnr": 10.822360309877894, "quant_mse": 0.0025189928710460663, "quant_sparsity": 0.4361979067325592, "pruning_sqnr": 6.705333009200482, "pruning_mse": 0.006500244140625, "pruning_sqnr_corrected": 4.601507155774376, "pruning_mse_corrected": 0.01055145263671875}, "stage3.2.branch2.3": {"sample_kurtosis": 4.515834806813606, "quant_sqnr": 11.738034658886427, "quant_mse": 0.06273193657398224, "quant_sparsity": 0.6180555820465088, "pruning_sqnr": 9.542425094393248, "pruning_mse": 0.10400390625, "pruning_sqnr_corrected": 4.362850007482574,