{"conv1.0": {"sample_kurtosis": 1.3748322858555184, "quant_sqnr": 23.233047727550936, "quant_mse": 0.0016560120275244117, "quant_sparsity": 0.1558641940355301, "pruning_sqnr": 8.896154475894683, "pruning_mse": 0.044952392578125, "pruning_sqnr_corrected": 7.486140147616915, "pruning_mse_corrected": 0.06219482421875}, "stage2.0.branch1.0": {"sample_kurtosis": 3.3258078314216144, "quant_sqnr": 23.403646178527737, "quant_mse": 0.019499145448207855, "quant_sparsity": 0.2916666567325592, "pruning_sqnr": 13.616409262166105, "pruning_mse": 0.1856689453125, "pruning_sqnr_corrected": 10.208045447776222, "pruning_mse_corrected": 0.406982421875}, "stage2.0.branch1.2": {"sample_kurtosis": 12.30469135802469, "quant_sqnr": 18.856050224453043, "quant_mse": 0.0005718834581784904, "quant_sparsity": 0.44468390941619873, "pruning_sqnr": 15.825254235042685, "pruning_mse": 0.0011491775512695312, "pruning_sqnr_corrected": 11.267016044236142, "pruning_mse_corrected": 0.0032825469970703125}, "stage2.0.branch2.0": {"sample_kurtosis": 6.945608445659346, "quant_sqnr": 20.738432914457444, "quant_mse": 0.0008037845836952329, "quant_sparsity": 0.43318966031074524, "pruning_sqnr": 15.420037300505422, "pruning_mse": 0.002735137939453125, "pruning_sqnr_corrected": 9.44510494596887, "pruning_mse_corrected": 0.01082611083984375}, "stage2.0.branch2.3": {"sample_kurtosis": 2.0116646301971706, "quant_sqnr": 22.58394218243599, "quant_mse": 0.008343672379851341, "quant_sparsity": 0.27586206793785095, "pruning_sqnr": 10.666081402278529, "pruning_mse": 0.1297607421875, "pruning_sqnr_corrected": 7.717501264394606, "pruning_mse_corrected": 0.255859375}, "stage2.0.branch2.5": {"sample_kurtosis": 10.776679278223323, "quant_sqnr": 19.167802714580915, "quant_mse": 0.00040807394543662667, "quant_sparsity": 0.4176575541496277, "pruning_sqnr": 15.412253437651858, "pruning_mse": 0.00096893310546875, "pruning_sqnr_corrected": 11.222589066352457, "pruning_mse_corrected": 0.0025424957275390625}, "stage2.1.branch2.0": {"sample_kurtosis": 6.132299241596705, "quant_sqnr": 19.464607838627742, "quant_mse": 0.00024820936960168183, "quant_sparsity": 0.22829964756965637, "pruning_sqnr": 10.25419134854259, "pruning_mse": 0.0020694732666015625, "pruning_sqnr_corrected": 8.475968208424106, "pruning_mse_corrected": 0.003116607666015625}, "stage2.1.branch2.3": {"sample_kurtosis": 4.98499595731792, "quant_sqnr": 21.40705817256422, "quant_mse": 0.007748200558125973, "quant_sparsity": 0.3256704807281494, "pruning_sqnr": 14.895961412068823, "pruning_mse": 0.034698486328125, "pruning_sqnr_corrected": 11.878028861515356, "pruning_mse_corrected": 0.06951904296875}, "stage2.1.branch2.5": {"sample_kurtosis": 4.750119686927069, "quant_sqnr": 20.336532203826337, "quant_mse": 0.00019600011000875384, "quant_sparsity": 0.20124851167201996, "pruning_sqnr": 10.263631626637068, "pruning_mse": 0.0019931793212890625, "pruning_sqnr_corrected": 8.693881940550984, "pruning_mse_corrected": 0.00286102294921875}, "stage2.2.branch2.0": {"sample_kurtosis": 8.22836564961855, "quant_sqnr": 18.070899186940935, "quant_mse": 0.000333801144734025, "quant_sparsity": 0.24881093204021454, "pruning_sqnr": 10.501476580203036, "pruning_mse": 0.0019073486328125, "pruning_sqnr_corrected": 8.523159646914007, "pruning_mse_corrected": 0.0030078887939453125}, "stage2.2.branch2.3": {"sample_kurtosis": 2.7916975425330817, "quant_sqnr": 22.46451484608987, "quant_mse": 0.0063671693205833435, "quant_sparsity": 0.3218390643596649, "pruning_sqnr": 13.947066676451357, "pruning_mse": 0.045257568359375, "pruning_sqnr_corrected": 9.992924877904626, "pruning_mse_corrected": 0.11248779296875}, "stage2.2.branch2.5": {"sample_kurtosis": 5.969993502218035, "quant_sqnr": 19.44687545315906, "quant_mse": 0.0002500914561096579, "quant_sparsity": 0.22086800634860992, "pruning_sqnr": 10.526930014060586, "pruning_mse": 0.0019502639770507812, "pruning_sqnr_corrected": 8.734278343245842, "pruning_mse_corrected": 0.0029468536376953125}, "stage2.3.branch2.0": {"sample_kurtosis": 10.304008792450281, "quant_sqnr": 18.350327433231442, "quant_mse": 0.0003127773816231638, "quant_sparsity": 0.31183114647865295, "pruning_sqnr": 12.666493095473259, "pruning_mse": 0.0011577606201171875, "pruning_sqnr_corrected": 9.820234894607434, "pruning_mse_corrected": 0.0022296905517578125}, "stage2.3.branch2.3": {"sample_kurtosis": 2.1261341697000224, "quant_sqnr": 23.180833532457154, "quant_mse": 0.004415455274283886, "quant_sparsity": 0.22413793206214905, "pruning_sqnr": 11.448600216916025, "pruning_mse": 0.0657958984375, "pruning_sqnr_corrected": 9.157402351897847, "pruning_mse_corrected": 0.11151123046875}, "stage2.3.branch2.5": {"sample_kurtosis": 7.197791282438901, "quant_sqnr": 19.67118535837997, "quant_mse": 0.00025922810891643167, "quant_sparsity": 0.2755647897720337, "pruning_sqnr": 12.59637310505756, "pruning_mse": 0.0013217926025390625, "pruning_sqnr_corrected": 10.215513620187142, "pruning_mse_corrected": 0.0022869110107421875}, "stage3.0.branch1.0": {"sample_kurtosis": -0.7262879947189966, "quant_sqnr": 25.791084462688744, "quant_mse": 0.0012451239163056016, "quant_sparsity": 0.012452106922864914, "pruning_sqnr": 5.143592626320105, "pruning_mse": 0.14453125, "pruning_sqnr_corrected": 5.085297189712865, "pruning_mse_corrected": 0.146484375}, "stage3.0.branch1.2": {"sample_kurtosis": 14.333070901906162, "quant_sqnr": 16.636176580714793, "quant_mse": 0.00034032631083391607, "quant_sparsity": 0.30105528235435486, "pruning_sqnr": 11.344058272178327, "pruning_mse": 0.0011510848999023438, "pruning_sqnr_corrected": 8.967987932246697, "pruning_mse_corrected": 0.0019893646240234375}, "stage3.0.branch2.0": {"sample_kurtosis": 3.928710531428525, "quant_sqnr": 20.470403187718492, "quant_mse": 0.00011522159184096381, "quant_sparsity": 0.23186682164669037, "pruning_sqnr": 9.756641136669298, "pruning_mse": 0.0013580322265625, "pruning_sqnr_corrected": 7.863567883320345, "pruning_mse_corrected": 0.0020999908447265625}, "stage3.0.branch2.3": {"sample_kurtosis": -1.1343686823489372, "quant_sqnr": 27.708903148080726, "quant_mse": 0.0007377361762337387, "quant_sparsity": 0.04597701132297516, "pruning_sqnr": 4.672477639026196, "pruning_mse": 0.1484375, "pruning_sqnr_corrected": 4.459904415759205, "pruning_mse_corrected": 0.1558837890625}, "stage3.0.branch2.5": {"sample_kurtosis": 6.121154491661613, "quant_sqnr": 18.789833117634434, "quant_mse": 0.00014526826271321625, "quant_sparsity": 0.26174196600914, "pruning_sqnr": 10.401512517776908, "pruning_mse": 0.0010023117065429688, "pruning_sqnr_corrected": 8.212047195233332, "pruning_mse_corrected": 0.001659393310546875}, "stage3.1.branch2.0": {"sample_kurtosis": 6.734715638288305, "quant_sqnr": 18.63849122340689, "quant_mse": 0.00011649442603811622, "quant_sparsity": 0.2495540976524353, "pruning_sqnr": 10.198051504259805, "pruning_mse": 0.0008134841918945312, "pruning_sqnr_corrected": 8.207422319215993, "pruning_mse_corrected": 0.0012865066528320312}, "stage3.1.branch2.3": {"sample_kurtosis": 3.9136097545405217, "quant_sqnr": 21.640473522920217, "quant_mse": 0.00592373963445425, "quant_sparsity": 0.27586206793785095, "pruning_sqnr": 12.777426515383514, "pruning_mse": 0.04559326171875, "pruning_sqnr_corrected": 10.496599027984194, "pruning_mse_corrected": 0.07708740234375}, "stage3.1.branch2.5": {"sample_kurtosis": 16.61496484493908, "quant_sqnr": 16.70286154558053, "quant_mse": 0.00023929298913571984, "quant_sparsity": 0.4298454225063324, "pruning_sqnr": 13.789557342999515, "pruning_mse": 0.0004680156707763672, "pruning_sqnr_corrected": 9.848824676352791, "pruning_mse_corrected": 0.00115966796875}, "stage3.2.branch2.0": {"sample_kurtosis": 7.262154328049032, "quant_sqnr": 19.152601751927833, "quant_mse": 0.00012426095781847835, "quant_sparsity": 0.25958681106567383, "pruning_sqnr": 10.610119261244897, "pruning_mse": 0.0008883476257324219, "pruning_sqnr_corrected": 8.555535926963028, "pruning_mse_corrected": 0.0014257431030273438},