{"conv1.0": {"sample_kurtosis": 1.3748322858555184, "quant_sqnr": 41.41480833104973, "quant_mse": 2.5170244043692946e-05, "quant_sparsity": 0.03086419776082039, "pruning_sqnr": 15.021192997131978, "pruning_mse": 0.0109710693359375, "pruning_sqnr_corrected": 14.514368293214943, "pruning_mse_corrected": 0.0123291015625}, "stage2.0.branch1.0": {"sample_kurtosis": 3.3258078314216144, "quant_sqnr": 41.470716559939696, "quant_mse": 0.0003043046162929386, "quant_sparsity": 0.05092592537403107, "pruning_sqnr": 19.659912035743844, "pruning_mse": 0.046173095703125, "pruning_sqnr_corrected": 18.779547122786735, "pruning_mse_corrected": 0.056549072265625}, "stage2.0.branch1.2": {"sample_kurtosis": 12.30469135802469, "quant_sqnr": 36.37522371686904, "quant_mse": 1.0124887012352701e-05, "quant_sparsity": 0.06968390941619873, "pruning_sqnr": 21.658918206338676, "pruning_mse": 0.0002999305725097656, "pruning_sqnr_corrected": 20.549864368379613, "pruning_mse_corrected": 0.0003871917724609375}, "stage2.0.branch2.0": {"sample_kurtosis": 6.945608445659346, "quant_sqnr": 37.82627591785439, "quant_mse": 1.571648317622021e-05, "quant_sparsity": 0.16020114719867706, "pruning_sqnr": 22.967217064733752, "pruning_mse": 0.0004811286926269531, "pruning_sqnr_corrected": 19.605655550488926, "pruning_mse_corrected": 0.0010433197021484375}, "stage2.0.branch2.3": {"sample_kurtosis": 2.0116646301971706, "quant_sqnr": 40.23958656056639, "quant_mse": 0.00014315047883428633, "quant_sparsity": 0.09386973083019257, "pruning_sqnr": 18.69775278311289, "pruning_mse": 0.020416259765625, "pruning_sqnr_corrected": 16.65006610722361, "pruning_mse_corrected": 0.03271484375}, "stage2.0.branch2.5": {"sample_kurtosis": 10.776679278223323, "quant_sqnr": 35.83333002998013, "quant_mse": 8.793993401923217e-06, "quant_sparsity": 0.15071342885494232, "pruning_sqnr": 21.72684073968012, "pruning_mse": 0.0002263784408569336, "pruning_sqnr_corrected": 19.051601723032952, "pruning_mse_corrected": 0.0004191398620605469}, "stage2.1.branch2.0": {"sample_kurtosis": 6.132299241596705, "quant_sqnr": 35.922187120262954, "quant_mse": 5.611258075077785e-06, "quant_sparsity": 0.05737217515707016, "pruning_sqnr": 15.271403497989475, "pruning_mse": 0.0006518363952636719, "pruning_sqnr_corrected": 14.428007763267148, "pruning_mse_corrected": 0.0007915496826171875}, "stage2.1.branch2.3": {"sample_kurtosis": 4.98499595731792, "quant_sqnr": 39.12653343825796, "quant_mse": 0.00013099458010401577, "quant_sparsity": 0.05747126415371895, "pruning_sqnr": 20.436128762666222, "pruning_mse": 0.0096893310546875, "pruning_sqnr_corrected": 19.60177977391101, "pruning_mse_corrected": 0.01174163818359375}, "stage2.1.branch2.5": {"sample_kurtosis": 4.750119686927069, "quant_sqnr": 37.141393970826144, "quant_mse": 4.090441052539973e-06, "quant_sparsity": 0.057669442147016525, "pruning_sqnr": 15.416887700535986, "pruning_mse": 0.0006084442138671875, "pruning_sqnr_corrected": 14.555298517850721, "pruning_mse_corrected": 0.0007419586181640625}, "stage2.2.branch2.0": {"sample_kurtosis": 8.22836564961855, "quant_sqnr": 33.41449515783054, "quant_mse": 9.752775440574624e-06, "quant_sparsity": 0.07996432483196259, "pruning_sqnr": 15.726646419453598, "pruning_mse": 0.0005726814270019531, "pruning_sqnr_corrected": 14.510837521408863, "pruning_mse_corrected": 0.0007576942443847656}, "stage2.2.branch2.3": {"sample_kurtosis": 2.7916975425330817, "quant_sqnr": 40.18717091326165, "quant_mse": 0.00010756742994999513, "quant_sparsity": 0.05747126415371895, "pruning_sqnr": 20.58666841413277, "pruning_mse": 0.0098114013671875, "pruning_sqnr_corrected": 19.613517659024502, "pruning_mse_corrected": 0.01227569580078125}, "stage2.2.branch2.5": {"sample_kurtosis": 5.969993502218035, "quant_sqnr": 36.88214606928839, "quant_mse": 4.514106421993347e-06, "quant_sparsity": 0.06450653821229935, "pruning_sqnr": 15.852350633657753, "pruning_mse": 0.00057220458984375, "pruning_sqnr_corrected": 14.863030570987682, "pruning_mse_corrected": 0.0007185935974121094}, "stage2.3.branch2.0": {"sample_kurtosis": 10.304008792450281, "quant_sqnr": 34.1687945350194, "quant_mse": 8.19197521195747e-06, "quant_sparsity": 0.05885850265622139, "pruning_sqnr": 17.93661656521033, "pruning_mse": 0.0003440380096435547, "pruning_sqnr_corrected": 17.05691438107763, "pruning_mse_corrected": 0.00042128562927246094}, "stage2.3.branch2.3": {"sample_kurtosis": 2.1261341697000224, "quant_sqnr": 40.677116326929394, "quant_mse": 7.858636672608554e-05, "quant_sparsity": 0.03256705030798912, "pruning_sqnr": 17.767249946456115, "pruning_mse": 0.01535797119140625, "pruning_sqnr_corrected": 17.272296742229614, "pruning_mse_corrected": 0.0172119140625}, "stage2.3.branch2.5": {"sample_kurtosis": 7.197791282438901, "quant_sqnr": 36.66406837964333, "quant_mse": 5.180763764656149e-06, "quant_sparsity": 0.04904875159263611, "pruning_sqnr": 18.070079904061174, "pruning_mse": 0.00037479400634765625, "pruning_sqnr_corrected": 17.302276980664608, "pruning_mse_corrected": 0.00044727325439453125}, "stage3.0.branch1.0": {"sample_kurtosis": -0.7262879947189966, "quant_sqnr": 43.1938778378127, "quant_mse": 2.2642961994279176e-05, "quant_sparsity": 0.0038314175326377153, "pruning_sqnr": 8.261589764547296, "pruning_mse": 0.07049560546875, "pruning_sqnr_corrected": 8.24282971455974, "pruning_mse_corrected": 0.07080078125}, "stage3.0.branch1.2": {"sample_kurtosis": 14.333070901906162, "quant_sqnr": 31.76507561560807, "quant_mse": 1.0447337444929872e-05, "quant_sparsity": 0.06354042887687683, "pruning_sqnr": 16.369013170836826, "pruning_mse": 0.0003619194030761719, "pruning_sqnr_corrected": 15.454035020913846, "pruning_mse_corrected": 0.0004467964172363281}, "stage3.0.branch2.0": {"sample_kurtosis": 3.928710531428525, "quant_sqnr": 37.04739633866261, "quant_mse": 2.534163058953709e-06, "quant_sparsity": 0.1029280573129654, "pruning_sqnr": 15.33402400966827, "pruning_mse": 0.00037598609924316406, "pruning_sqnr_corrected": 13.657461094048301, "pruning_mse_corrected": 0.000553131103515625}, "stage3.0.branch2.3": {"sample_kurtosis": -1.1343686823489372, "quant_sqnr": 45.172335165769155, "quant_mse": 1.3229940122982953e-05, "quant_sparsity": 0.02107279561460018, "pruning_sqnr": 7.704259641868669, "pruning_mse": 0.0738525390625, "pruning_sqnr_corrected": 7.5318560439545434, "pruning_mse_corrected": 0.07684326171875}, "stage3.0.branch2.5": {"sample_kurtosis": 6.121154491661613, "quant_sqnr": 34.180027075614895, "quant_mse": 4.199052909825696e-06, "quant_sparsity": 0.112886443734169, "pruning_sqnr": 16.031161187802837, "pruning_mse": 0.0002741813659667969, "pruning_sqnr_corrected": 14.195368383320524, "pruning_mse_corrected": 0.0004184246063232422}, "stage3.1.branch2.0": {"sample_kurtosis": 6.734715638288305, "quant_sqnr": 34.517371985182535, "quant_mse": 3.0089645406405907e-06, "quant_sparsity": 0.09787455201148987, "pruning_sqnr": 15.49784702367848, "pruning_mse": 0.00024008750915527344, "pruning_sqnr_corrected": 13.980859654813102, "pruning_mse_corrected": 0.00034046173095703125}, "stage3.1.branch2.3": {"sample_kurtosis": 3.9136097545405217, "quant_sqnr": 38.82210119586712, "quant_mse": 0.00011335304589010775, "quant_sparsity": 0.06609195470809937, "pruning_sqnr": 18.201424227585143, "pruning_mse": 0.0130767822265625, "pruning_sqnr_corrected": 17.117305595234875, "pruning_mse_corrected": 0.01678466796875}, "stage3.1.branch2.5": {"sample_kurtosis": 16.61496484493908, "quant_sqnr": 32.76338114509434, "quant_mse": 5.927588063059375e-06, "quant_sparsity": 0.12760107219219208, "pruning_sqnr": 19.459644016049097, "pruning_mse": 0.00012683868408203125, "pruning_sqnr_corrected": 17.394022692228045, "pruning_mse_corrected": 0.0002040863037109375}, "stage3.2.branch2.0": {"sample_kurtosis": 7.262154328049032, "quant_sqnr": 34.97017286326858, "quant_mse": 3.2551993172091898e-06, "quant_sparsity": 0.0732758641242981, "pruning_sqnr": 15.928406575085765, "pruning_mse": 0.00026106834411621094, "pruning_sqnr_corrected": 14.79966432301657,