{"conv1.0": {"sample_kurtosis": 3.4754602104995707, "quant_sqnr": 30.3716880320091, "quant_mse": 0.00035791192203760147, "quant_sparsity": 0.3580246865749359, "pruning_sqnr": 16.421289690963512, "pruning_mse": 0.00888824462890625, "pruning_sqnr_corrected": 10.42686343739009, "pruning_mse_corrected": 0.03533935546875}, "stage2.0.branch1.0": {"sample_kurtosis": 1.342835601013884, "quant_sqnr": 30.81786658375534, "quant_mse": 0.002905692905187607, "quant_sparsity": 0.07407407462596893, "pruning_sqnr": 10.703251134166937, "pruning_mse": 0.29833984375, "pruning_sqnr_corrected": 9.90078984575053, "pruning_mse_corrected": 0.35888671875}, "stage2.0.branch1.2": {"sample_kurtosis": 11.172225573384614, "quant_sqnr": 26.94757761481762, "quant_mse": 0.00021558180742431432, "quant_sparsity": 0.472222238779068, "pruning_sqnr": 23.07818184610779, "pruning_mse": 0.0005254745483398438, "pruning_sqnr_corrected": 14.550194881985764, "pruning_mse_corrected": 0.0037441253662109375}, "stage2.0.branch2.0": {"sample_kurtosis": 7.6698977618190085, "quant_sqnr": 27.18345705101601, "quant_mse": 0.00030937144765630364, "quant_sparsity": 0.4739583432674408, "pruning_sqnr": 21.09840072958911, "pruning_mse": 0.0012559890747070312, "pruning_sqnr_corrected": 11.915214906082914, "pruning_mse_corrected": 0.010406494140625}, "stage2.0.branch2.3": {"sample_kurtosis": 0.6496602294768277, "quant_sqnr": 29.9253235453479, "quant_mse": 0.0038945183623582125, "quant_sparsity": 0.0416666679084301, "pruning_sqnr": 8.48993083897781, "pruning_mse": 0.5419921875, "pruning_sqnr_corrected": 8.154968795855897, "pruning_mse_corrected": 0.58544921875}, "stage2.0.branch2.5": {"sample_kurtosis": 4.1145739253968845, "quant_sqnr": 29.66916315317362, "quant_mse": 0.00011197283311048523, "quant_sparsity": 0.2760416567325592, "pruning_sqnr": 16.9066735354902, "pruning_mse": 0.0021152496337890625, "pruning_sqnr_corrected": 12.88130768748424, "pruning_mse_corrected": 0.005344390869140625}, "stage2.1.branch2.0": {"sample_kurtosis": 3.116811712136651, "quant_sqnr": 27.403885537483546, "quant_mse": 0.00011906694999197498, "quant_sparsity": 0.0902777761220932, "pruning_sqnr": 11.275097349740076, "pruning_mse": 0.0048828125, "pruning_sqnr_corrected": 10.491775497675008, "pruning_mse_corrected": 0.005847930908203125}, "stage2.1.branch2.3": {"sample_kurtosis": 5.194759310000501, "quant_sqnr": 27.502599066481768, "quant_mse": 0.004498576745390892, "quant_sparsity": 0.13425925374031067, "pruning_sqnr": 14.11468935442048, "pruning_mse": 0.09814453125, "pruning_sqnr_corrected": 12.579194975145924, "pruning_mse_corrected": 0.1397705078125}, "stage2.1.branch2.5": {"sample_kurtosis": 4.1539016755377665, "quant_sqnr": 26.756061678590388, "quant_mse": 0.00013120032963342965, "quant_sparsity": 0.1145833358168602, "pruning_sqnr": 12.648924504660142, "pruning_mse": 0.0033779144287109375, "pruning_sqnr_corrected": 11.472487962535338, "pruning_mse_corrected": 0.004428863525390625}, "stage2.2.branch2.0": {"sample_kurtosis": 3.9354980683652014, "quant_sqnr": 27.873921174997637, "quant_mse": 0.0001139236701419577, "quant_sparsity": 0.1753472238779068, "pruning_sqnr": 13.148672671759936, "pruning_mse": 0.0033817291259765625, "pruning_sqnr_corrected": 11.280501512782566, "pruning_mse_corrected": 0.005199432373046875}, "stage2.2.branch2.3": {"sample_kurtosis": 3.2800027716006435, "quant_sqnr": 29.42324714344032, "quant_mse": 0.002190366620197892, "quant_sparsity": 0.07870370149612427, "pruning_sqnr": 12.848075050665798, "pruning_mse": 0.09954833984375, "pruning_sqnr_corrected": 12.065592228190011, "pruning_mse_corrected": 0.11920166015625}, "stage2.2.branch2.5": {"sample_kurtosis": 5.675549006982935, "quant_sqnr": 27.195620548097086, "quant_mse": 0.00013422929623629898, "quant_sparsity": 0.2013888955116272, "pruning_sqnr": 13.691475922857022, "pruning_mse": 0.0030078887939453125, "pruning_sqnr_corrected": 11.349725983450067, "pruning_mse_corrected": 0.005157470703125}, "stage2.3.branch2.0": {"sample_kurtosis": 8.280187485797816, "quant_sqnr": 25.761199495666723, "quant_mse": 0.0001773675758158788, "quant_sparsity": 0.2378472238779068, "pruning_sqnr": 15.271133679855069, "pruning_mse": 0.0019855499267578125, "pruning_sqnr_corrected": 12.496571868908507, "pruning_mse_corrected": 0.00376129150390625}, "stage2.3.branch2.3": {"sample_kurtosis": 2.0974165091367363, "quant_sqnr": 29.867205614315502, "quant_mse": 0.0027910827193409204, "quant_sparsity": 0.08796296268701553, "pruning_sqnr": 12.25309281725863, "pruning_mse": 0.1611328125, "pruning_sqnr_corrected": 11.236871666299928, "pruning_mse_corrected": 0.20361328125}, "stage2.3.branch2.5": {"sample_kurtosis": 6.811516822145011, "quant_sqnr": 26.18111031870483, "quant_mse": 0.00019984279060736299, "quant_sparsity": 0.21875, "pruning_sqnr": 15.985588809040499, "pruning_mse": 0.0020904541015625, "pruning_sqnr_corrected": 13.434625244472079, "pruning_mse_corrected": 0.00376129150390625}, "stage3.0.branch1.0": {"sample_kurtosis": 1.9654942767950052, "quant_sqnr": 27.88495775662166, "quant_mse": 0.001970724668353796, "quant_sparsity": 0.02777777798473835, "pruning_sqnr": 7.9675649490070395, "pruning_mse": 0.193359375, "pruning_sqnr_corrected": 7.782388185827312, "pruning_mse_corrected": 0.2017822265625}, "stage3.0.branch1.2": {"sample_kurtosis": 9.50887573964497, "quant_sqnr": 23.25391577487135, "quant_mse": 0.0002400555822532624, "quant_sparsity": 0.177517369389534, "pruning_sqnr": 13.371372159100787, "pruning_mse": 0.0023365020751953125, "pruning_sqnr_corrected": 11.611641483048217, "pruning_mse_corrected": 0.0035037994384765625}, "stage3.0.branch2.0": {"sample_kurtosis": 11.10855675586832, "quant_sqnr": 22.967513353352153, "quant_mse": 0.00022390528465621173, "quant_sparsity": 0.212673619389534, "pruning_sqnr": 14.748481392813819, "pruning_mse": 0.0014858245849609375, "pruning_sqnr_corrected": 12.41229767373416, "pruning_mse_corrected": 0.002544403076171875}, "stage3.0.branch2.3": {"sample_kurtosis": -0.6280130338038452, "quant_sqnr": 30.50541689446868, "quant_mse": 0.0006628239643760026, "quant_sparsity": 0.013888888992369175, "pruning_sqnr": 6.989700043360188, "pruning_mse": 0.14892578125, "pruning_sqnr_corrected": 6.8841982200271055, "pruning_mse_corrected": 0.152587890625}, "stage3.0.branch2.5": {"sample_kurtosis": 7.39187558111362, "quant_sqnr": 23.25141643089788, "quant_mse": 0.00019385831546969712, "quant_sparsity": 0.1883680522441864, "pruning_sqnr": 14.009924698738878, "pruning_mse": 0.0016279220581054688, "pruning_sqnr_corrected": 12.021840456527359, "pruning_mse_corrected": 0.0025730133056640625}, "stage3.1.branch2.0": {"sample_kurtosis": 5.3284735514272015, "quant_sqnr": 25.60591867793379, "quant_mse": 9.191202116198838e-05, "quant_sparsity": 0.146267369389534, "pruning_sqnr": 13.366605671099915, "pruning_mse": 0.0015392303466796875, "pruning_sqnr_corrected": 11.877736371443273, "pruning_mse_corrected": 0.0021686553955078125}, "stage3.1.branch2.3": {"sample_kurtosis": 4.413202250463022, "quant_sqnr": 27.78691762970313, "quant_mse": 0.0019051794661208987, "quant_sparsity": 0.125, "pruning_sqnr": 14.055801064789453, "pruning_mse": 0.04498291015625, "pruning_sqnr_corrected": 12.818215186455017, "pruning_mse_corrected": 0.059814453125}, "stage3.1.branch2.5": {"sample_kurtosis": 8.274535334795075, "quant_sqnr": 24.82764333911533, "quant_mse": 0.0001159758903668262, "quant_sparsity": 0.1905381977558136, "pruning_sqnr": 14.448610396836337, "pruning_mse": 0.0012655258178710938, "pruning_sqnr_corrected": 12.397603389250584, "pruning_mse_corrected": 0.0020294189453125}, "stage3.2.branch2.0": {"sample_kurtosis": 4.467434501039566, "quant_sqnr": 25.69492659789792, "quant_mse": 8.202954631997272e-05, "quant_sparsity": 0.1145833358168602, "pruning_sqnr": 11.285821680601194, "pruning_mse": 0.0022640228271484375, "pruning_sqnr_corrected": 10.220473062279801, "pruning_mse_corrected": 0.0028934478759765625}, "stage3.2.branch2.3": {"sample_kurtosis": 4.515834806813606,