{"conv1.0": {"sample_kurtosis": 3.4754602104995707, "quant_sqnr": 24.477042803337916, "quant_mse": 0.001390723162330687, "quant_sparsity": 0.41512346267700195, "pruning_sqnr": 13.5704514253295, "pruning_mse": 0.0171356201171875, "pruning_sqnr_corrected": 8.047139538368503, "pruning_mse_corrected": 0.061126708984375}, "stage2.0.branch1.0": {"sample_kurtosis": 1.342835601013884, "quant_sqnr": 24.288889401958116, "quant_mse": 0.013066143728792667, "quant_sparsity": 0.17129629850387573, "pruning_sqnr": 8.9139994882815, "pruning_mse": 0.450439453125, "pruning_sqnr_corrected": 7.295857466472391, "pruning_mse_corrected": 0.65380859375}, "stage2.0.branch1.2": {"sample_kurtosis": 11.172225573384614, "quant_sqnr": 20.966468045727396, "quant_mse": 0.0008545216405764222, "quant_sparsity": 0.5746527910232544, "pruning_sqnr": 20.024746191278556, "pruning_mse": 0.0010614395141601562, "pruning_sqnr_corrected": 11.424192643611137, "pruning_mse_corrected": 0.0076904296875}, "stage2.0.branch2.0": {"sample_kurtosis": 7.6698977618190085, "quant_sqnr": 21.7703234692225, "quant_mse": 0.0010759537108242512, "quant_sparsity": 0.5329861044883728, "pruning_sqnr": 17.856936065190983, "pruning_mse": 0.0026493072509765625, "pruning_sqnr_corrected": 9.336389076690857, "pruning_mse_corrected": 0.0188446044921875}, "stage2.0.branch2.3": {"sample_kurtosis": 0.6496602294768277, "quant_sqnr": 24.203997874876286, "quant_mse": 0.014540733769536018, "quant_sparsity": 0.08796296268701553, "pruning_sqnr": 7.0820768287123315, "pruning_mse": 0.74951171875, "pruning_sqnr_corrected": 6.485567067171615, "pruning_mse_corrected": 0.85986328125}, "stage2.0.branch2.5": {"sample_kurtosis": 4.1145739253968845, "quant_sqnr": 23.74259395314572, "quant_mse": 0.0004382980987429619, "quant_sparsity": 0.362847238779068, "pruning_sqnr": 14.440080740401788, "pruning_mse": 0.0037326812744140625, "pruning_sqnr_corrected": 10.064341100054099, "pruning_mse_corrected": 0.010223388671875}, "stage2.1.branch2.0": {"sample_kurtosis": 3.116811712136651, "quant_sqnr": 21.85432046883883, "quant_mse": 0.00042731460416689515, "quant_sparsity": 0.1458333283662796, "pruning_sqnr": 9.775212784825314, "pruning_mse": 0.00689697265625, "pruning_sqnr_corrected": 8.669911585348993, "pruning_mse_corrected": 0.0088958740234375}, "stage2.1.branch2.3": {"sample_kurtosis": 5.194759310000501, "quant_sqnr": 22.266715761046157, "quant_mse": 0.015019776299595833, "quant_sparsity": 0.21759259700775146, "pruning_sqnr": 12.129212632345425, "pruning_mse": 0.155029296875, "pruning_sqnr_corrected": 9.875305691020483, "pruning_mse_corrected": 0.260498046875}, "stage2.1.branch2.5": {"sample_kurtosis": 4.1539016755377665, "quant_sqnr": 20.925657012363388, "quant_mse": 0.0005023141275160015, "quant_sparsity": 0.1909722238779068, "pruning_sqnr": 10.892100931276723, "pruning_mse": 0.005062103271484375, "pruning_sqnr_corrected": 9.25175663019733, "pruning_mse_corrected": 0.00738525390625}, "stage2.2.branch2.0": {"sample_kurtosis": 3.9354980683652014, "quant_sqnr": 21.76450324183032, "quant_mse": 0.0004651100898627192, "quant_sparsity": 0.25, "pruning_sqnr": 11.328561149136291, "pruning_mse": 0.0051422119140625, "pruning_sqnr_corrected": 9.084375679655292, "pruning_mse_corrected": 0.0086212158203125}, "stage2.2.branch2.3": {"sample_kurtosis": 3.2800027716006435, "quant_sqnr": 23.057021675793106, "quant_mse": 0.009487228468060493, "quant_sparsity": 0.1805555522441864, "pruning_sqnr": 11.159658431030298, "pruning_mse": 0.1468505859375, "pruning_sqnr_corrected": 9.526973686108125, "pruning_mse_corrected": 0.2138671875}, "stage2.2.branch2.5": {"sample_kurtosis": 5.675549006982935, "quant_sqnr": 21.526325208261557, "quant_mse": 0.0004951956798322499, "quant_sparsity": 0.284722238779068, "pruning_sqnr": 11.721775084518939, "pruning_mse": 0.004734039306640625, "pruning_sqnr_corrected": 9.034668151994493, "pruning_mse_corrected": 0.0087890625}, "stage2.3.branch2.0": {"sample_kurtosis": 8.280187485797816, "quant_sqnr": 20.205296782717674, "quant_mse": 0.0006374769727699459, "quant_sparsity": 0.3350694477558136, "pruning_sqnr": 13.302502000716434, "pruning_mse": 0.003124237060546875, "pruning_sqnr_corrected": 10.148771437231268, "pruning_mse_corrected": 0.006458282470703125}, "stage2.3.branch2.3": {"sample_kurtosis": 2.0974165091367363, "quant_sqnr": 23.90448154731306, "quant_mse": 0.011016537435352802, "quant_sparsity": 0.13425925374031067, "pruning_sqnr": 10.4550514806101, "pruning_mse": 0.2437744140625, "pruning_sqnr_corrected": 9.275819216119674, "pruning_mse_corrected": 0.31982421875}, "stage2.3.branch2.5": {"sample_kurtosis": 6.811516822145011, "quant_sqnr": 20.637840250653994, "quant_mse": 0.0007161689572967589, "quant_sparsity": 0.347222238779068, "pruning_sqnr": 14.04105310673611, "pruning_mse": 0.0032711029052734375, "pruning_sqnr_corrected": 10.464148800056648, "pruning_mse_corrected": 0.00745391845703125}, "stage3.0.branch1.0": {"sample_kurtosis": 1.9654942767950052, "quant_sqnr": 22.151151422269884, "quant_mse": 0.007379154209047556, "quant_sparsity": 0.05787036940455437, "pruning_sqnr": 6.742923774202594, "pruning_mse": 0.25634765625, "pruning_sqnr_corrected": 6.431725768428739, "pruning_mse_corrected": 0.275390625}, "stage3.0.branch1.2": {"sample_kurtosis": 9.50887573964497, "quant_sqnr": 18.260352432758925, "quant_mse": 0.0007579981465823948, "quant_sparsity": 0.2829861044883728, "pruning_sqnr": 11.71208851696292, "pruning_mse": 0.0034236907958984375, "pruning_sqnr_corrected": 9.418286565120948, "pruning_mse_corrected": 0.00580596923828125}, "stage3.0.branch2.0": {"sample_kurtosis": 11.10855675586832, "quant_sqnr": 18.12702346020037, "quant_mse": 0.0006825167802162468, "quant_sparsity": 0.3372395932674408, "pruning_sqnr": 12.904738354711686, "pruning_mse": 0.0022716522216796875, "pruning_sqnr_corrected": 9.814948004233921, "pruning_mse_corrected": 0.004627227783203125}, "stage3.0.branch2.3": {"sample_kurtosis": -0.6280130338038452, "quant_sqnr": 24.64818641228577, "quant_mse": 0.002553414087742567, "quant_sparsity": 0.032407406717538834, "pruning_sqnr": 5.65221746970712, "pruning_mse": 0.20263671875, "pruning_sqnr_corrected": 5.472837318819717, "pruning_mse_corrected": 0.211181640625}, "stage3.0.branch2.5": {"sample_kurtosis": 7.39187558111362, "quant_sqnr": 18.872841443725306, "quant_mse": 0.0005313025903888047, "quant_sparsity": 0.2782118022441864, "pruning_sqnr": 12.24646865579954, "pruning_mse": 0.0024433135986328125, "pruning_sqnr_corrected": 9.719813820292877, "pruning_mse_corrected": 0.00437164306640625}, "stage3.1.branch2.0": {"sample_kurtosis": 5.3284735514272015, "quant_sqnr": 20.31035474096828, "quant_mse": 0.0003111205587629229, "quant_sparsity": 0.2413194477558136, "pruning_sqnr": 11.658029221796697, "pruning_mse": 0.00228118896484375, "pruning_sqnr_corrected": 9.488474775526187, "pruning_mse_corrected": 0.0037593841552734375}, "stage3.1.branch2.3": {"sample_kurtosis": 4.413202250463022, "quant_sqnr": 21.918126216083028, "quant_mse": 0.0073589361272752285, "quant_sparsity": 0.236111119389534, "pruning_sqnr": 12.40026149655086, "pruning_mse": 0.06585693359375, "pruning_sqnr_corrected": 10.518942723832916, "pruning_mse_corrected": 0.1015625}, "stage3.1.branch2.5": {"sample_kurtosis": 8.274535334795075, "quant_sqnr": 19.112501310562063, "quant_mse": 0.0004323962493799627, "quant_sparsity": 0.3194444477558136, "pruning_sqnr": 12.641039861641794, "pruning_mse": 0.001918792724609375, "pruning_sqnr_corrected": 9.777823612223614, "pruning_mse_corrected": 0.0037097930908203125}, "stage3.2.branch2.0": {"sample_kurtosis": 4.467434501039566, "quant_sqnr": 20.415019872639387, "quant_mse": 0.00027666930691339076, "quant_sparsity": 0.1844618022441864, "pruning_sqnr": 9.741194810200223, "pruning_mse": 0.003231048583984375, "pruning_sqnr_corrected": 8.345600485743487, "pruning_mse_corrected": 0.00445556640625}, "stage3.2.branch2.3": {"sample_kurtosis": 4.515834806813606, "quant_sqnr": 21.729142195976905, "quant_mse": 0.006286051589995623,