{"conv1.0": {"sample_kurtosis": 1.3748322858555184, "quant_sqnr": 7.874512464616256, "quant_mse": 0.05687442421913147, "quant_sparsity": 0.5771604776382446, "pruning_sqnr": 3.9657358547276567, "pruning_mse": 0.139892578125, "pruning_sqnr_corrected": 2.1197628701034184, "pruning_mse_corrected": 0.2139892578125}, "stage2.0.branch1.0": {"sample_kurtosis": 3.3258078314216144, "quant_sqnr": 7.440528298700929, "quant_mse": 0.7697104215621948, "quant_sparsity": 0.7453703880310059, "pruning_sqnr": 6.125157338531953, "pruning_mse": 1.0419921875, "pruning_sqnr_corrected": 1.8675056121993647, "pruning_mse_corrected": 2.77734375}, "stage2.0.branch1.2": {"sample_kurtosis": 12.30469135802469, "quant_sqnr": 5.846078005129041, "quant_mse": 0.011436806060373783, "quant_sparsity": 0.8591954112052917, "pruning_sqnr": 9.253663817030958, "pruning_mse": 0.005218505859375, "pruning_sqnr_corrected": 2.506824678528297, "pruning_mse_corrected": 0.0246734619140625}, "stage2.0.branch2.0": {"sample_kurtosis": 6.945608445659346, "quant_sqnr": 7.642673785586666, "quant_mse": 0.01639515720307827, "quant_sparsity": 0.7471264600753784, "pruning_sqnr": 7.221111920034788, "pruning_mse": 0.01806640625, "pruning_sqnr_corrected": 2.727579016556299, "pruning_mse_corrected": 0.05084228515625}, "stage2.0.branch2.3": {"sample_kurtosis": 2.0116646301971706, "quant_sqnr": 7.883010067814796, "quant_mse": 0.2462920844554901, "quant_sparsity": 0.6034482717514038, "pruning_sqnr": 4.682408025466595, "pruning_mse": 0.5146484375, "pruning_sqnr_corrected": 2.2226950968340677, "pruning_mse_corrected": 0.90673828125}, "stage2.0.branch2.5": {"sample_kurtosis": 10.776679278223323, "quant_sqnr": 5.907467986278574, "quant_mse": 0.008645146153867245, "quant_sparsity": 0.8659334182739258, "pruning_sqnr": 9.062485062367733, "pruning_mse": 0.004180908203125, "pruning_sqnr_corrected": 2.1851780335656725, "pruning_mse_corrected": 0.0203704833984375}, "stage2.1.branch2.0": {"sample_kurtosis": 6.132299241596705, "quant_sqnr": 6.385615573912516, "quant_mse": 0.0050433301366865635, "quant_sparsity": 0.6343638300895691, "pruning_sqnr": 5.527233369556082, "pruning_mse": 0.006145477294921875, "pruning_sqnr_corrected": 2.98620588752333, "pruning_mse_corrected": 0.0110321044921875}, "stage2.1.branch2.3": {"sample_kurtosis": 4.98499595731792, "quant_sqnr": 7.647231507624549, "quant_mse": 0.18415500223636627, "quant_sparsity": 0.7988505363464355, "pruning_sqnr": 8.113573193562303, "pruning_mse": 0.1654052734375, "pruning_sqnr_corrected": 1.759922971133815, "pruning_mse_corrected": 0.71435546875}, "stage2.1.branch2.5": {"sample_kurtosis": 4.750119686927069, "quant_sqnr": 6.31214017063664, "quant_mse": 0.004951029550284147, "quant_sparsity": 0.6221759915351868, "pruning_sqnr": 5.444201908930282, "pruning_mse": 0.006046295166015625, "pruning_sqnr_corrected": 2.883872329918471, "pruning_mse_corrected": 0.01090240478515625}, "stage2.2.branch2.0": {"sample_kurtosis": 8.22836564961855, "quant_sqnr": 6.043983447736641, "quant_mse": 0.005323281046003103, "quant_sparsity": 0.6516052484512329, "pruning_sqnr": 5.655631287374606, "pruning_mse": 0.00582122802734375, "pruning_sqnr_corrected": 2.997935692575954, "pruning_mse_corrected": 0.01073455810546875}, "stage2.2.branch2.3": {"sample_kurtosis": 2.7916975425330817, "quant_sqnr": 7.558765123776238, "quant_mse": 0.19702501595020294, "quant_sparsity": 0.7432950139045715, "pruning_sqnr": 5.824922043417294, "pruning_mse": 0.293701171875, "pruning_sqnr_corrected": 1.6169856946382262, "pruning_mse_corrected": 0.77392578125}, "stage2.2.branch2.5": {"sample_kurtosis": 5.969993502218035, "quant_sqnr": 6.1345764167713615, "quant_mse": 0.005362024065107107, "quant_sparsity": 0.6373364925384521, "pruning_sqnr": 5.545004463896069, "pruning_mse": 0.00614166259765625, "pruning_sqnr_corrected": 2.9297899200929933, "pruning_mse_corrected": 0.0112152099609375}, "stage2.3.branch2.0": {"sample_kurtosis": 10.304008792450281, "quant_sqnr": 5.941783755118611, "quant_mse": 0.005446151364594698, "quant_sparsity": 0.7660523056983948, "pruning_sqnr": 6.976554825112209, "pruning_mse": 0.004291534423828125, "pruning_sqnr_corrected": 2.8431845752463087, "pruning_mse_corrected": 0.01111602783203125}, "stage2.3.branch2.3": {"sample_kurtosis": 2.1261341697000224, "quant_sqnr": 7.603874597777479, "quant_mse": 0.1594672054052353, "quant_sparsity": 0.6436781287193298, "pruning_sqnr": 5.017004408682374, "pruning_mse": 0.289306640625, "pruning_sqnr_corrected": 2.0287499045528974, "pruning_mse_corrected": 0.57568359375}, "stage2.3.branch2.5": {"sample_kurtosis": 7.197791282438901, "quant_sqnr": 5.714329218842118, "quant_mse": 0.006447148974984884, "quant_sparsity": 0.7708085775375366, "pruning_sqnr": 7.179932416494492, "pruning_mse": 0.00460052490234375, "pruning_sqnr_corrected": 2.6354025862868404, "pruning_mse_corrected": 0.01309967041015625}, "stage3.0.branch1.0": {"sample_kurtosis": -0.7262879947189966, "quant_sqnr": 9.03087740390015, "quant_mse": 0.059051819145679474, "quant_sparsity": 0.16858236491680145, "pruning_sqnr": 2.3168510782578866, "pruning_mse": 0.277099609375, "pruning_sqnr_corrected": 1.9960976344839476, "pruning_mse_corrected": 0.29833984375}, "stage3.0.branch1.2": {"sample_kurtosis": 14.333070901906162, "quant_sqnr": 5.131853931708718, "quant_mse": 0.004812024068087339, "quant_sparsity": 0.7171521782875061, "pruning_sqnr": 6.458037118793019, "pruning_mse": 0.0035457611083984375, "pruning_sqnr_corrected": 3.3075187728366973, "pruning_mse_corrected": 0.00732421875}, "stage3.0.branch2.0": {"sample_kurtosis": 3.928710531428525, "quant_sqnr": 6.633963644174308, "quant_mse": 0.002787262201309204, "quant_sparsity": 0.5825653672218323, "pruning_sqnr": 4.904852162776439, "pruning_mse": 0.004150390625, "pruning_sqnr_corrected": 2.735338220776222, "pruning_mse_corrected": 0.006839752197265625}, "stage3.0.branch2.3": {"sample_kurtosis": -1.1343686823489372, "quant_sqnr": 9.55764831909681, "quant_mse": 0.048197727650403976, "quant_sparsity": 0.14080458879470825, "pruning_sqnr": 1.97304916323102, "pruning_mse": 0.2763671875, "pruning_sqnr_corrected": 1.734201635229626, "pruning_mse_corrected": 0.2919921875}, "stage3.0.branch2.5": {"sample_kurtosis": 6.121154491661613, "quant_sqnr": 6.145180879155764, "quant_mse": 0.0026707667857408524, "quant_sparsity": 0.6199464797973633, "pruning_sqnr": 5.338664018532281, "pruning_mse": 0.003215789794921875, "pruning_sqnr_corrected": 2.882600755349622, "pruning_mse_corrected": 0.0056610107421875}, "stage3.1.branch2.0": {"sample_kurtosis": 6.734715638288305, "quant_sqnr": 5.850172372040032, "quant_mse": 0.00221379310823977, "quant_sparsity": 0.62522292137146, "pruning_sqnr": 5.377899095968408, "pruning_mse": 0.002468109130859375, "pruning_sqnr_corrected": 2.9293372557780635, "pruning_mse_corrected": 0.004337310791015625}, "stage3.1.branch2.3": {"sample_kurtosis": 3.9136097545405217, "quant_sqnr": 7.006396459555651, "quant_mse": 0.17218831181526184, "quant_sparsity": 0.8122605085372925, "pruning_sqnr": 6.67618605255215, "pruning_mse": 0.185791015625, "pruning_sqnr_corrected": 1.493295405447497, "pruning_mse_corrected": 0.61279296875}, "stage3.1.branch2.5": {"sample_kurtosis": 16.61496484493908, "quant_sqnr": 5.232091640487075, "quant_mse": 0.00335742998868227, "quant_sparsity": 0.8182223439216614, "pruning_sqnr": 8.068905732401637, "pruning_mse": 0.00174713134765625, "pruning_sqnr_corrected": 3.022149745216598, "pruning_mse_corrected": 0.005584716796875}, "stage3.2.branch2.0": {"sample_kurtosis": 7.262154328049032, "quant_sqnr": 6.002334540210703, "quant_mse": 0.0025666190776973963, "quant_sparsity": 0.6548008322715759, "pruning_sqnr": 5.729185992954255, "pruning_mse": 0.0027332305908203125, "pruning_sqnr_corrected": 2.9973552531098235, "pruning_mse_corrected": 0.005126953125}, "stage3.2.branch2.3": {"sample_kurtosis": 5.166160332320665, "quant_sqnr": 6.185570086260517, "quant_mse": 0.11957694590091705, "quant_sparsity": 0.6982758641242981, "pruning_sqnr": 6.37160132267855,