{"conv1.0": {"sample_kurtosis": 1.3748322858555184, "quant_sqnr": 12.238780691382551, "quant_mse": 0.020820453763008118, "quant_sparsity": 0.4444444477558136, "pruning_sqnr": 5.5785632883590885, "pruning_mse": 0.09649658203125, "pruning_sqnr_corrected": 3.451684928048878, "pruning_mse_corrected": 0.157470703125}, "stage2.0.branch1.0": {"sample_kurtosis": 3.3258078314216144, "quant_sqnr": 11.803157635610795, "quant_mse": 0.28188011050224304, "quant_sparsity": 0.5925925970077515, "pruning_sqnr": 8.886317054582268, "pruning_mse": 0.5517578125, "pruning_sqnr_corrected": 4.048992829501049, "pruning_mse_corrected": 1.6806640625}, "stage2.0.branch1.2": {"sample_kurtosis": 12.30469135802469, "quant_sqnr": 9.649005673313072, "quant_mse": 0.004764441400766373, "quant_sparsity": 0.7844827771186829, "pruning_sqnr": 11.775072840529134, "pruning_mse": 0.0029201507568359375, "pruning_sqnr_corrected": 4.570104128264701, "pruning_mse_corrected": 0.01534271240234375}, "stage2.0.branch2.0": {"sample_kurtosis": 6.945608445659346, "quant_sqnr": 11.438578345086398, "quant_mse": 0.006841087248176336, "quant_sparsity": 0.6781609058380127, "pruning_sqnr": 9.872519214661578, "pruning_mse": 0.0098114013671875, "pruning_sqnr_corrected": 4.4173895680143085, "pruning_mse_corrected": 0.034454345703125}, "stage2.0.branch2.3": {"sample_kurtosis": 2.0116646301971706, "quant_sqnr": 12.613658409088853, "quant_mse": 0.08286776393651962, "quant_sparsity": 0.530651330947876, "pruning_sqnr": 6.516033660489887, "pruning_mse": 0.33740234375, "pruning_sqnr_corrected": 3.474421781486439, "pruning_mse_corrected": 0.6796875}, "stage2.0.branch2.5": {"sample_kurtosis": 10.776679278223323, "quant_sqnr": 9.890307297982929, "quant_mse": 0.0034553210716694593, "quant_sparsity": 0.7422711253166199, "pruning_sqnr": 11.405582022267236, "pruning_mse": 0.002437591552734375, "pruning_sqnr_corrected": 4.857627336276483, "pruning_mse_corrected": 0.01100921630859375}, "stage2.1.branch2.0": {"sample_kurtosis": 6.132299241596705, "quant_sqnr": 10.414223685576049, "quant_mse": 0.0019946035463362932, "quant_sparsity": 0.4717597961425781, "pruning_sqnr": 7.141048184339586, "pruning_mse": 0.004238128662109375, "pruning_sqnr_corrected": 4.771967644967636, "pruning_mse_corrected": 0.007312774658203125}, "stage2.1.branch2.3": {"sample_kurtosis": 4.98499595731792, "quant_sqnr": 11.848019727308293, "quant_mse": 0.07000107318162918, "quant_sparsity": 0.6819922924041748, "pruning_sqnr": 10.941844483820773, "pruning_mse": 0.08624267578125, "pruning_sqnr_corrected": 3.8627089218027155, "pruning_mse_corrected": 0.440185546875}, "stage2.1.branch2.5": {"sample_kurtosis": 4.750119686927069, "quant_sqnr": 10.637034973131367, "quant_mse": 0.0018289677100256085, "quant_sparsity": 0.47681331634521484, "pruning_sqnr": 7.126371861164281, "pruning_mse": 0.0041046142578125, "pruning_sqnr_corrected": 4.650106691597781, "pruning_mse_corrected": 0.007259368896484375}, "stage2.2.branch2.0": {"sample_kurtosis": 8.22836564961855, "quant_sqnr": 9.912844843277487, "quant_mse": 0.0021842042915523052, "quant_sparsity": 0.5005944967269897, "pruning_sqnr": 7.312499433928165, "pruning_mse": 0.00397491455078125, "pruning_sqnr_corrected": 4.742673423396575, "pruning_mse_corrected": 0.007183074951171875}, "stage2.2.branch2.3": {"sample_kurtosis": 2.7916975425330817, "quant_sqnr": 12.318547030656202, "quant_mse": 0.06584808975458145, "quant_sparsity": 0.6053639650344849, "pruning_sqnr": 8.82080557248206, "pruning_mse": 0.1473388671875, "pruning_sqnr_corrected": 3.397120961998726, "pruning_mse_corrected": 0.513671875}, "stage2.2.branch2.5": {"sample_kurtosis": 5.969993502218035, "quant_sqnr": 10.222482883063659, "quant_mse": 0.0020918864756822586, "quant_sparsity": 0.4946492314338684, "pruning_sqnr": 7.279025669345068, "pruning_mse": 0.004119873046875, "pruning_sqnr_corrected": 4.635658113223227, "pruning_mse_corrected": 0.007572174072265625}, "stage2.3.branch2.0": {"sample_kurtosis": 10.304008792450281, "quant_sqnr": 9.685410287040893, "quant_mse": 0.0022999958600848913, "quant_sparsity": 0.6539833545684814, "pruning_sqnr": 8.97549656239527, "pruning_mse": 0.00270843505859375, "pruning_sqnr_corrected": 4.625761509300492, "pruning_mse_corrected": 0.007373809814453125}, "stage2.3.branch2.3": {"sample_kurtosis": 2.1261341697000224, "quant_sqnr": 12.761898145077822, "quant_mse": 0.04862605407834053, "quant_sparsity": 0.5134099721908569, "pruning_sqnr": 7.272296742229614, "pruning_mse": 0.172119140625, "pruning_sqnr_corrected": 3.795191388051263, "pruning_mse_corrected": 0.38330078125}, "stage2.3.branch2.5": {"sample_kurtosis": 7.197791282438901, "quant_sqnr": 10.07130643545391, "quant_mse": 0.0023641225416213274, "quant_sparsity": 0.6242568492889404, "pruning_sqnr": 9.103191273583569, "pruning_mse": 0.0029544830322265625, "pruning_sqnr_corrected": 5.044336388483893, "pruning_mse_corrected": 0.0075225830078125}, "stage3.0.branch1.0": {"sample_kurtosis": -0.7262879947189966, "quant_sqnr": 15.02468862660852, "quant_mse": 0.014854298904538155, "quant_sparsity": 0.06704980880022049, "pruning_sqnr": 3.2502262071721493, "pruning_mse": 0.2235107421875, "pruning_sqnr_corrected": 3.0645027796389854, "pruning_mse_corrected": 0.2332763671875}, "stage3.0.branch1.2": {"sample_kurtosis": 14.333070901906162, "quant_sqnr": 8.475611075061124, "quant_mse": 0.0022281892597675323, "quant_sparsity": 0.5895511507987976, "pruning_sqnr": 8.167855651565029, "pruning_mse": 0.002391815185546875, "pruning_sqnr_corrected": 4.964504142971351, "pruning_mse_corrected": 0.005001068115234375}, "stage3.0.branch2.0": {"sample_kurtosis": 3.928710531428525, "quant_sqnr": 11.085959603331608, "quant_mse": 0.000999949872493744, "quant_sparsity": 0.44448572397232056, "pruning_sqnr": 6.532125137753438, "pruning_mse": 0.0028533935546875, "pruning_sqnr_corrected": 4.329925157992436, "pruning_mse_corrected": 0.00473785400390625}, "stage3.0.branch2.3": {"sample_kurtosis": -1.1343686823489372, "quant_sqnr": 16.075847833614446, "quant_mse": 0.010745004750788212, "quant_sparsity": 0.06417624652385712, "pruning_sqnr": 2.8454035649342027, "pruning_mse": 0.22607421875, "pruning_sqnr_corrected": 2.6820205460085593, "pruning_mse_corrected": 0.2347412109375}, "stage3.0.branch2.5": {"sample_kurtosis": 6.121154491661613, "quant_sqnr": 10.24592379773444, "quant_mse": 0.0010388711234554648, "quant_sparsity": 0.4816438555717468, "pruning_sqnr": 7.0572811061281016, "pruning_mse": 0.0021648406982421875, "pruning_sqnr_corrected": 4.532279342287388, "pruning_mse_corrected": 0.003871917724609375}, "stage3.1.branch2.0": {"sample_kurtosis": 6.734715638288305, "quant_sqnr": 9.887733202064432, "quant_mse": 0.0008737374446354806, "quant_sparsity": 0.49308857321739197, "pruning_sqnr": 7.015558242023907, "pruning_mse": 0.0016927719116210938, "pruning_sqnr_corrected": 4.532716442261332, "pruning_mse_corrected": 0.00299835205078125}, "stage3.1.branch2.3": {"sample_kurtosis": 3.9136097545405217, "quant_sqnr": 11.629376636483158, "quant_mse": 0.05938895046710968, "quant_sparsity": 0.540229856967926, "pruning_sqnr": 9.296490155114116, "pruning_mse": 0.10162353515625, "pruning_sqnr_corrected": 4.644269840914569, "pruning_mse_corrected": 0.296630859375}, "stage3.1.branch2.5": {"sample_kurtosis": 16.61496484493908, "quant_sqnr": 8.646913728872036, "quant_mse": 0.0015294129261747003, "quant_sparsity": 0.7139565944671631, "pruning_sqnr": 10.140555778842606, "pruning_mse": 0.0010843276977539062, "pruning_sqnr_corrected": 5.056235819457974, "pruning_mse_corrected": 0.0034961700439453125}, "stage3.2.branch2.0": {"sample_kurtosis": 7.262154328049032, "quant_sqnr": 9.980021195952617, "quant_mse": 0.0010270527563989162, "quant_sparsity": 0.5242270827293396, "pruning_sqnr": 7.426169762780459, "pruning_mse": 0.0018491744995117188, "pruning_sqnr_corrected": 4.648192826426776, "pruning_mse_corrected": 0.003505706787109375}, "stage3.2.branch2.3": {"sample_kurtosis": 5.166160332320665, "quant_sqnr": 10.58995038785056,