{"conv1.0": {"sample_kurtosis": 3.4754602104995707, "quant_sqnr": 36.15089474005232, "quant_mse": 9.459223656449467e-05, "quant_sparsity": 0.3256172835826874, "pruning_sqnr": 19.784806087588333, "pruning_mse": 0.00409698486328125, "pruning_sqnr_corrected": 12.748450511346707, "pruning_mse_corrected": 0.0207061767578125}, "stage2.0.branch1.0": {"sample_kurtosis": 1.342835601013884, "quant_sqnr": 35.96795664281742, "quant_mse": 0.0008876478532329202, "quant_sparsity": 0.0416666679084301, "pruning_sqnr": 12.74302960747539, "pruning_mse": 0.1865234375, "pruning_sqnr_corrected": 12.131604755297491, "pruning_mse_corrected": 0.2147216796875}, "stage2.0.branch1.2": {"sample_kurtosis": 11.172225573384614, "quant_sqnr": 32.67603264294692, "quant_mse": 5.7645658671390265e-05, "quant_sparsity": 0.3767361044883728, "pruning_sqnr": 26.486476998577654, "pruning_mse": 0.0002397298812866211, "pruning_sqnr_corrected": 18.200563774678756, "pruning_mse_corrected": 0.0016155242919921875}, "stage2.0.branch2.0": {"sample_kurtosis": 7.6698977618190085, "quant_sqnr": 32.86629239474722, "quant_mse": 8.35981554700993e-05, "quant_sparsity": 0.4444444477558136, "pruning_sqnr": 25.745276866877255, "pruning_mse": 0.00043082237243652344, "pruning_sqnr_corrected": 14.24332969578022, "pruning_mse_corrected": 0.0060882568359375}, "stage2.0.branch2.3": {"sample_kurtosis": 0.6496602294768277, "quant_sqnr": 36.28683447914591, "quant_mse": 0.0009001246653497219, "quant_sparsity": 0.023148149251937866, "pruning_sqnr": 10.233272489238631, "pruning_mse": 0.36279296875, "pruning_sqnr_corrected": 9.96688971393997, "pruning_mse_corrected": 0.3857421875}, "stage2.0.branch2.5": {"sample_kurtosis": 4.1145739253968845, "quant_sqnr": 35.71218232636202, "quant_mse": 2.7849073376273736e-05, "quant_sparsity": 0.2135416716337204, "pruning_sqnr": 19.585347449557503, "pruning_mse": 0.0011415481567382812, "pruning_sqnr_corrected": 15.751303685791424, "pruning_mse_corrected": 0.0027599334716796875}, "stage2.1.branch2.0": {"sample_kurtosis": 3.116811712136651, "quant_sqnr": 33.57845298695746, "quant_mse": 2.8729924451909028e-05, "quant_sparsity": 0.0399305559694767, "pruning_sqnr": 12.850857808226134, "pruning_mse": 0.0033969879150390625, "pruning_sqnr_corrected": 12.406226150336659, "pruning_mse_corrected": 0.0037631988525390625}, "stage2.1.branch2.3": {"sample_kurtosis": 5.194759310000501, "quant_sqnr": 33.69884899907327, "quant_mse": 0.0010800656164065003, "quant_sparsity": 0.0694444477558136, "pruning_sqnr": 16.0365465833486, "pruning_mse": 0.06304931640625, "pruning_sqnr_corrected": 15.149783649710391, "pruning_mse_corrected": 0.07733154296875}, "stage2.1.branch2.5": {"sample_kurtosis": 4.1539016755377665, "quant_sqnr": 32.67002612886391, "quant_mse": 3.3615415304666385e-05, "quant_sparsity": 0.0590277798473835, "pruning_sqnr": 14.412290043499636, "pruning_mse": 0.00225067138671875, "pruning_sqnr_corrected": 13.722888315467783, "pruning_mse_corrected": 0.0026378631591796875}, "stage2.2.branch2.0": {"sample_kurtosis": 3.9354980683652014, "quant_sqnr": 34.09770323052718, "quant_mse": 2.7179143216926605e-05, "quant_sparsity": 0.1076388880610466, "pruning_sqnr": 15.021235236897182, "pruning_mse": 0.002197265625, "pruning_sqnr_corrected": 13.608153153837115, "pruning_mse_corrected": 0.0030422210693359375}, "stage2.2.branch2.3": {"sample_kurtosis": 3.2800027716006435, "quant_sqnr": 35.049629361236285, "quant_mse": 0.0005996234249323606, "quant_sparsity": 0.0555555559694767, "pruning_sqnr": 14.550798715910894, "pruning_mse": 0.0672607421875, "pruning_sqnr_corrected": 13.941422125611417, "pruning_mse_corrected": 0.077392578125}, "stage2.2.branch2.5": {"sample_kurtosis": 5.675549006982935, "quant_sqnr": 33.212953241276004, "quant_mse": 3.3582578907953575e-05, "quant_sparsity": 0.125, "pruning_sqnr": 15.966324093845117, "pruning_mse": 0.001781463623046875, "pruning_sqnr_corrected": 13.99071475613125, "pruning_mse_corrected": 0.0028076171875}, "stage2.3.branch2.0": {"sample_kurtosis": 8.280187485797816, "quant_sqnr": 31.765279826563876, "quant_mse": 4.451088170753792e-05, "quant_sparsity": 0.173611119389534, "pruning_sqnr": 17.28986349171776, "pruning_mse": 0.001247406005859375, "pruning_sqnr_corrected": 14.89185766121043, "pruning_mse_corrected": 0.002166748046875}, "stage2.3.branch2.3": {"sample_kurtosis": 2.0974165091367363, "quant_sqnr": 36.485172869264886, "quant_mse": 0.0006081013707444072, "quant_sparsity": 0.0416666679084301, "pruning_sqnr": 14.294292643817876, "pruning_mse": 0.1007080078125, "pruning_sqnr_corrected": 13.72062888579029, "pruning_mse_corrected": 0.11492919921875}, "stage2.3.branch2.5": {"sample_kurtosis": 6.811516822145011, "quant_sqnr": 32.237039923155265, "quant_mse": 4.955591793986969e-05, "quant_sparsity": 0.1371527761220932, "pruning_sqnr": 18.05222323139615, "pruning_mse": 0.0012989044189453125, "pruning_sqnr_corrected": 16.09391729843622, "pruning_mse_corrected": 0.0020389556884765625}, "stage3.0.branch1.0": {"sample_kurtosis": 1.9654942767950052, "quant_sqnr": 33.9634688355233, "quant_mse": 0.0004861550987698138, "quant_sparsity": 0.009259259328246117, "pruning_sqnr": 9.246296648480532, "pruning_mse": 0.14404296875, "pruning_sqnr_corrected": 9.198712284838367, "pruning_mse_corrected": 0.1456298828125}, "stage3.0.branch1.2": {"sample_kurtosis": 9.50887573964497, "quant_sqnr": 28.83957413289859, "quant_mse": 6.633549492107704e-05, "quant_sparsity": 0.0954861119389534, "pruning_sqnr": 15.138493392343353, "pruning_mse": 0.0015554428100585938, "pruning_sqnr_corrected": 13.938648403590058, "pruning_mse_corrected": 0.0020503997802734375}, "stage3.0.branch2.0": {"sample_kurtosis": 11.10855675586832, "quant_sqnr": 28.702800742718257, "quant_mse": 5.9777205024147406e-05, "quant_sparsity": 0.1271701455116272, "pruning_sqnr": 16.5626823184213, "pruning_mse": 0.0009784698486328125, "pruning_sqnr_corrected": 14.948126614080676, "pruning_mse_corrected": 0.0014190673828125}, "stage3.0.branch2.3": {"sample_kurtosis": -0.6280130338038452, "quant_sqnr": 36.61914996642804, "quant_mse": 0.00016219030658248812, "quant_sparsity": 0.0069444444961845875, "pruning_sqnr": 8.523490130875688, "pruning_mse": 0.1046142578125, "pruning_sqnr_corrected": 8.465600122276495, "pruning_mse_corrected": 0.10601806640625}, "stage3.0.branch2.5": {"sample_kurtosis": 7.39187558111362, "quant_sqnr": 28.610391305150277, "quant_mse": 5.6439992476953194e-05, "quant_sparsity": 0.1184895858168602, "pruning_sqnr": 15.782301294594799, "pruning_mse": 0.0010824203491210938, "pruning_sqnr_corrected": 14.315558113420398, "pruning_mse_corrected": 0.0015172958374023438}, "stage3.1.branch2.0": {"sample_kurtosis": 5.3284735514272015, "quant_sqnr": 31.133702398800267, "quant_mse": 2.5739134798641317e-05, "quant_sparsity": 0.0794270858168602, "pruning_sqnr": 15.111403420090934, "pruning_mse": 0.00102996826171875, "pruning_sqnr_corrected": 14.132663008984201, "pruning_mse_corrected": 0.0012903213500976562}, "stage3.1.branch2.3": {"sample_kurtosis": 4.413202250463022, "quant_sqnr": 33.60820515006247, "quant_mse": 0.0004986629937775433, "quant_sparsity": 0.0625, "pruning_sqnr": 15.884266163110288, "pruning_mse": 0.0295257568359375, "pruning_sqnr_corrected": 15.114956057738148, "pruning_mse_corrected": 0.035247802734375}, "stage3.1.branch2.5": {"sample_kurtosis": 8.274535334795075, "quant_sqnr": 30.663171932498436, "quant_mse": 3.0256233003456146e-05, "quant_sparsity": 0.09765625, "pruning_sqnr": 16.388242723041163, "pruning_mse": 0.0008096694946289062, "pruning_sqnr_corrected": 15.055261537283563, "pruning_mse_corrected": 0.0011005401611328125}, "stage3.2.branch2.0": {"sample_kurtosis": 4.467434501039566, "quant_sqnr": 31.23285107940046, "quant_mse": 2.291806049470324e-05, "quant_sparsity": 0.0677083358168602, "pruning_sqnr": 12.916089216384162, "pruning_mse": 0.0015554428100585938, "pruning_sqnr_corrected": 12.131383232959376, "pruning_mse_corrected": 0.0018634796142578125}, "stage3.2.branch2.3": {"sample_kurtosis": 4.515834806813606,