{"conv1.0": {"sample_kurtosis": 1.3748322858555184, "quant_sqnr": 35.33646146442403, "quant_mse": 0.00010202864359598607, "quant_sparsity": 0.04783950746059418, "pruning_sqnr": 13.080818788630381, "pruning_mse": 0.01715087890625, "pruning_sqnr_corrected": 12.399224372703037, "pruning_mse_corrected": 0.0200653076171875}, "stage2.0.branch1.0": {"sample_kurtosis": 3.3258078314216144, "quant_sqnr": 35.15966281565421, "quant_mse": 0.0013014093274250627, "quant_sparsity": 0.10648148506879807, "pruning_sqnr": 17.423664302522536, "pruning_mse": 0.0772705078125, "pruning_sqnr_corrected": 15.948683792993952, "pruning_mse_corrected": 0.1085205078125}, "stage2.0.branch1.2": {"sample_kurtosis": 12.30469135802469, "quant_sqnr": 30.342708062442206, "quant_mse": 4.061081926920451e-05, "quant_sparsity": 0.1566091924905777, "pruning_sqnr": 19.660651630426305, "pruning_mse": 0.00047516822814941406, "pruning_sqnr_corrected": 17.526213817706275, "pruning_mse_corrected": 0.0007767677307128906}, "stage2.0.branch2.0": {"sample_kurtosis": 6.945608445659346, "quant_sqnr": 31.667034597240715, "quant_mse": 6.49052017251961e-05, "quant_sparsity": 0.2083333283662796, "pruning_sqnr": 20.292360008162113, "pruning_mse": 0.0008907318115234375, "pruning_sqnr_corrected": 16.76124510196837, "pruning_mse_corrected": 0.0020084381103515625}, "stage2.0.branch2.3": {"sample_kurtosis": 2.0116646301971706, "quant_sqnr": 34.61419441505268, "quant_mse": 0.0005227957153692842, "quant_sparsity": 0.12835249304771423, "pruning_sqnr": 15.958661183931541, "pruning_mse": 0.038360595703125, "pruning_sqnr_corrected": 13.476762360804225, "pruning_mse_corrected": 0.06793212890625}, "stage2.0.branch2.5": {"sample_kurtosis": 10.776679278223323, "quant_sqnr": 30.114916784725008, "quant_mse": 3.281160388723947e-05, "quant_sparsity": 0.20630201697349548, "pruning_sqnr": 19.48781918720597, "pruning_mse": 0.0003790855407714844, "pruning_sqnr_corrected": 16.524203247537805, "pruning_mse_corrected": 0.0007500648498535156}, "stage2.1.branch2.0": {"sample_kurtosis": 6.132299241596705, "quant_sqnr": 30.09747637749587, "quant_mse": 2.1455138266901486e-05, "quant_sparsity": 0.09274672716856003, "pruning_sqnr": 13.47778547183168, "pruning_mse": 0.0009851455688476562, "pruning_sqnr_corrected": 12.396629904299619, "pruning_mse_corrected": 0.0012636184692382812}, "stage2.1.branch2.3": {"sample_kurtosis": 4.98499595731792, "quant_sqnr": 32.6033725977198, "quant_mse": 0.0005882601253688335, "quant_sparsity": 0.10344827175140381, "pruning_sqnr": 18.553821612278433, "pruning_mse": 0.01494598388671875, "pruning_sqnr_corrected": 17.17987332840792, "pruning_mse_corrected": 0.0205078125}, "stage2.1.branch2.5": {"sample_kurtosis": 4.750119686927069, "quant_sqnr": 31.45732634268208, "quant_mse": 1.5141778931138106e-05, "quant_sparsity": 0.08263971656560898, "pruning_sqnr": 13.588431838484865, "pruning_mse": 0.000926971435546875, "pruning_sqnr_corrected": 12.601496181000126, "pruning_mse_corrected": 0.001163482666015625}, "stage2.2.branch2.0": {"sample_kurtosis": 8.22836564961855, "quant_sqnr": 27.623850075195516, "quant_mse": 3.699923399835825e-05, "quant_sparsity": 0.12425683438777924, "pruning_sqnr": 13.852707381890927, "pruning_mse": 0.0008816719055175781, "pruning_sqnr_corrected": 12.345699096960363, "pruning_mse_corrected": 0.001247406005859375}, "stage2.2.branch2.3": {"sample_kurtosis": 2.7916975425330817, "quant_sqnr": 34.111903655958514, "quant_mse": 0.0004357200232334435, "quant_sparsity": 0.10536397993564606, "pruning_sqnr": 18.41981854230014, "pruning_mse": 0.0161590576171875, "pruning_sqnr_corrected": 16.824703289251786, "pruning_mse_corrected": 0.0233306884765625}, "stage2.2.branch2.5": {"sample_kurtosis": 5.969993502218035, "quant_sqnr": 31.010344292477583, "quant_mse": 1.7448253856855445e-05, "quant_sparsity": 0.09363852441310883, "pruning_sqnr": 13.95838337530557, "pruning_mse": 0.000885009765625, "pruning_sqnr_corrected": 12.777390254525624, "pruning_mse_corrected": 0.0011615753173828125}, "stage2.3.branch2.0": {"sample_kurtosis": 10.304008792450281, "quant_sqnr": 28.328805540048357, "quant_mse": 3.143312278552912e-05, "quant_sparsity": 0.11266349256038666, "pruning_sqnr": 16.120874378021956, "pruning_mse": 0.000522613525390625, "pruning_sqnr_corrected": 14.752280592823963, "pruning_mse_corrected": 0.0007162094116210938}, "stage2.3.branch2.3": {"sample_kurtosis": 2.1261341697000224, "quant_sqnr": 34.80399249107791, "quant_mse": 0.00030385024729184806, "quant_sparsity": 0.0593869723379612, "pruning_sqnr": 15.72173736401213, "pruning_mse": 0.02459716796875, "pruning_sqnr_corrected": 14.833124866091243, "pruning_mse_corrected": 0.030181884765625}, "stage2.3.branch2.5": {"sample_kurtosis": 7.197791282438901, "quant_sqnr": 30.773820916839178, "quant_mse": 2.0110299374209717e-05, "quant_sparsity": 0.09096314013004303, "pruning_sqnr": 16.132321696403764, "pruning_mse": 0.0005855560302734375, "pruning_sqnr_corrected": 14.972261724973805, "pruning_mse_corrected": 0.0007648468017578125}, "stage3.0.branch1.0": {"sample_kurtosis": -0.7262879947189966, "quant_sqnr": 37.33033643302781, "quant_mse": 8.735492156120017e-05, "quant_sparsity": 0.0038314175326377153, "pruning_sqnr": 7.1439036320351255, "pruning_mse": 0.0911865234375, "pruning_sqnr_corrected": 7.129393278346131, "pruning_mse_corrected": 0.09149169921875}, "stage3.0.branch1.2": {"sample_kurtosis": 14.333070901906162, "quant_sqnr": 26.358592084695506, "quant_mse": 3.627888872870244e-05, "quant_sparsity": 0.11154875159263611, "pruning_sqnr": 14.598574485609483, "pruning_mse": 0.0005440711975097656, "pruning_sqnr_corrected": 13.296223721426998, "pruning_mse_corrected": 0.0007343292236328125}, "stage3.0.branch2.0": {"sample_kurtosis": 3.928710531428525, "quant_sqnr": 31.256176833822945, "quant_mse": 9.615159797249362e-06, "quant_sparsity": 0.1268579065799713, "pruning_sqnr": 13.315603728146916, "pruning_mse": 0.0005984306335449219, "pruning_sqnr_corrected": 11.675157543300521, "pruning_mse_corrected": 0.0008730888366699219}, "stage3.0.branch2.3": {"sample_kurtosis": -1.1343686823489372, "quant_sqnr": 39.16308506837951, "quant_mse": 5.278164098854177e-05, "quant_sparsity": 0.03256705030798912, "pruning_sqnr": 6.62599536689712, "pruning_mse": 0.09466552734375, "pruning_sqnr_corrected": 6.388974370789173, "pruning_mse_corrected": 0.0999755859375}, "stage3.0.branch2.5": {"sample_kurtosis": 6.121154491661613, "quant_sqnr": 28.523210086684344, "quant_mse": 1.544660517538432e-05, "quant_sparsity": 0.1487812101840973, "pruning_sqnr": 14.006514941716786, "pruning_mse": 0.00043702125549316406, "pruning_sqnr_corrected": 12.086644379540674, "pruning_mse_corrected": 0.0006799697875976562}, "stage3.1.branch2.0": {"sample_kurtosis": 6.734715638288305, "quant_sqnr": 28.731380914867128, "quant_mse": 1.1402922609704547e-05, "quant_sparsity": 0.12841854989528656, "pruning_sqnr": 13.577451764528758, "pruning_mse": 0.00037360191345214844, "pruning_sqnr_corrected": 11.998602612113782, "pruning_mse_corrected": 0.0005373954772949219}, "stage3.1.branch2.3": {"sample_kurtosis": 3.9136097545405217, "quant_sqnr": 32.75482869051721, "quant_mse": 0.0004583111731335521, "quant_sparsity": 0.10536397993564606, "pruning_sqnr": 16.19584336311495, "pruning_mse": 0.020751953125, "pruning_sqnr_corrected": 14.85482262335797, "pruning_mse_corrected": 0.02825927734375}, "stage3.1.branch2.5": {"sample_kurtosis": 16.61496484493908, "quant_sqnr": 27.218274944615132, "quant_mse": 2.125145329046063e-05, "quant_sparsity": 0.18876338005065918, "pruning_sqnr": 17.43224187246263, "pruning_mse": 0.00020229816436767578, "pruning_sqnr_corrected": 14.995650653780036, "pruning_mse_corrected": 0.00035452842712402344}, "stage3.2.branch2.0": {"sample_kurtosis": 7.262154328049032, "quant_sqnr": 29.354931950584483, "quant_mse": 1.1860463928314857e-05, "quant_sparsity": 0.1074613556265831, "pruning_sqnr": 14.033413706900255, "pruning_mse": 0.0004038810729980469, "pruning_sqnr_corrected": 12.697723019335392,