{"conv1.0": {"sample_kurtosis": 3.4754602104995707, "quant_sqnr": 41.98254494787277, "quant_mse": 2.4699631467228755e-05, "quant_sparsity": 0.3055555522441864, "pruning_sqnr": 24.120639665879764, "pruning_mse": 0.0015096664428710938, "pruning_sqnr_corrected": 15.249003608395274, "pruning_mse_corrected": 0.0116424560546875}, "stage2.0.branch1.0": {"sample_kurtosis": 1.342835601013884, "quant_sqnr": 42.94697535110727, "quant_mse": 0.00017796673637349159, "quant_sparsity": 0.023148149251937866, "pruning_sqnr": 14.76834197773129, "pruning_mse": 0.11700439453125, "pruning_sqnr_corrected": 14.439057762292865, "pruning_mse_corrected": 0.126220703125}, "stage2.0.branch1.2": {"sample_kurtosis": 11.172225573384614, "quant_sqnr": 38.833964746719694, "quant_mse": 1.3962828234070912e-05, "quant_sparsity": 0.3368055522441864, "pruning_sqnr": 30.98665793003842, "pruning_mse": 8.505582809448242e-05, "pruning_sqnr_corrected": 21.0178121793647, "pruning_mse_corrected": 0.0008444786071777344}, "stage2.0.branch2.0": {"sample_kurtosis": 7.6698977618190085, "quant_sqnr": 38.97571556252099, "quant_mse": 2.0476436475291848e-05, "quant_sparsity": 0.4166666567325592, "pruning_sqnr": 32.26450290157402, "pruning_mse": 9.60230827331543e-05, "pruning_sqnr_corrected": 16.893467591165223, "pruning_mse_corrected": 0.003307342529296875}, "stage2.0.branch2.3": {"sample_kurtosis": 0.6496602294768277, "quant_sqnr": 41.86171910210841, "quant_mse": 0.0002493527717888355, "quant_sparsity": 0.009259259328246117, "pruning_sqnr": 12.110438263685165, "pruning_mse": 0.2354736328125, "pruning_sqnr_corrected": 11.96650900036764, "pruning_mse_corrected": 0.243408203125}, "stage2.0.branch2.5": {"sample_kurtosis": 4.1145739253968845, "quant_sqnr": 41.49463169412197, "quant_mse": 7.354714398388751e-06, "quant_sparsity": 0.1822916716337204, "pruning_sqnr": 22.355683655143057, "pruning_mse": 0.0006031990051269531, "pruning_sqnr_corrected": 18.365996288083906, "pruning_mse_corrected": 0.0015115737915039062}, "stage2.1.branch2.0": {"sample_kurtosis": 3.116811712136651, "quant_sqnr": 39.256918877417704, "quant_mse": 7.771196578687523e-06, "quant_sparsity": 0.02083333395421505, "pruning_sqnr": 14.518888994192842, "pruning_mse": 0.0023136138916015625, "pruning_sqnr_corrected": 14.224750078215067, "pruning_mse_corrected": 0.002475738525390625}, "stage2.1.branch2.3": {"sample_kurtosis": 5.194759310000501, "quant_sqnr": 39.886005489127115, "quant_mse": 0.0002598570426926017, "quant_sparsity": 0.04629629850387573, "pruning_sqnr": 17.745222017564714, "pruning_mse": 0.04254150390625, "pruning_sqnr_corrected": 17.090019606699467, "pruning_mse_corrected": 0.049468994140625}, "stage2.1.branch2.5": {"sample_kurtosis": 4.1539016755377665, "quant_sqnr": 38.90878696159346, "quant_mse": 7.992127393663395e-06, "quant_sparsity": 0.02604166604578495, "pruning_sqnr": 16.246506936207027, "pruning_mse": 0.0014753341674804688, "pruning_sqnr_corrected": 15.896079447139844, "pruning_mse_corrected": 0.0015993118286132812}, "stage2.2.branch2.0": {"sample_kurtosis": 3.9354980683652014, "quant_sqnr": 40.256296064152565, "quant_mse": 6.5822819124150556e-06, "quant_sparsity": 0.0746527761220932, "pruning_sqnr": 17.09877791000737, "pruning_mse": 0.001361846923828125, "pruning_sqnr_corrected": 15.858523974880637, "pruning_mse_corrected": 0.001811981201171875}, "stage2.2.branch2.3": {"sample_kurtosis": 3.2800027716006435, "quant_sqnr": 41.435508469037885, "quant_mse": 0.0001378131564706564, "quant_sparsity": 0.032407406717538834, "pruning_sqnr": 16.198901202370813, "pruning_mse": 0.0460205078125, "pruning_sqnr_corrected": 15.81861630894586, "pruning_mse_corrected": 0.05023193359375}, "stage2.2.branch2.5": {"sample_kurtosis": 5.675549006982935, "quant_sqnr": 39.29337353241239, "quant_mse": 8.28079464554321e-06, "quant_sparsity": 0.1059027761220932, "pruning_sqnr": 18.2582768676282, "pruning_mse": 0.0010509490966796875, "pruning_sqnr_corrected": 16.345055209374518, "pruning_mse_corrected": 0.0016326904296875}, "stage2.3.branch2.0": {"sample_kurtosis": 8.280187485797816, "quant_sqnr": 37.83547955730506, "quant_mse": 1.1001356142514851e-05, "quant_sparsity": 0.126736119389534, "pruning_sqnr": 19.27563756375144, "pruning_mse": 0.000789642333984375, "pruning_sqnr_corrected": 17.28986349171776, "pruning_mse_corrected": 0.001247406005859375}, "stage2.3.branch2.3": {"sample_kurtosis": 2.0974165091367363, "quant_sqnr": 41.69843383711512, "quant_mse": 0.00018308378639630973, "quant_sparsity": 0.03703703731298447, "pruning_sqnr": 15.976951859255124, "pruning_mse": 0.068359375, "pruning_sqnr_corrected": 15.461981220226125, "pruning_mse_corrected": 0.07696533203125}, "stage2.3.branch2.5": {"sample_kurtosis": 6.811516822145011, "quant_sqnr": 38.20071543815477, "quant_mse": 1.2552434782264754e-05, "quant_sparsity": 0.071180559694767, "pruning_sqnr": 20.25585578332665, "pruning_mse": 0.000782012939453125, "pruning_sqnr_corrected": 19.007792687666786, "pruning_mse_corrected": 0.0010423660278320312}, "stage3.0.branch1.0": {"sample_kurtosis": 1.9654942767950052, "quant_sqnr": 40.10029784503989, "quant_mse": 0.00011832920426968485, "quant_sparsity": 0.0069444444961845875, "pruning_sqnr": 10.642916582770596, "pruning_mse": 0.10443115234375, "pruning_sqnr_corrected": 10.589937801368322, "pruning_mse_corrected": 0.105712890625}, "stage3.0.branch1.2": {"sample_kurtosis": 9.50887573964497, "quant_sqnr": 34.841919098890074, "quant_mse": 1.6653728380333632e-05, "quant_sparsity": 0.05078125, "pruning_sqnr": 17.04287560456891, "pruning_mse": 0.001003265380859375, "pruning_sqnr_corrected": 16.255882137015295, "pruning_mse_corrected": 0.0012025833129882812}, "stage3.0.branch2.0": {"sample_kurtosis": 11.10855675586832, "quant_sqnr": 34.45520292171058, "quant_mse": 1.5896275726845488e-05, "quant_sparsity": 0.0729166641831398, "pruning_sqnr": 18.459020642131545, "pruning_mse": 0.0006322860717773438, "pruning_sqnr_corrected": 17.349418279407743, "pruning_mse_corrected": 0.00081634521484375}, "stage3.0.branch2.3": {"sample_kurtosis": -0.6280130338038452, "quant_sqnr": 42.58714303237166, "quant_mse": 4.10417233069893e-05, "quant_sparsity": 0.004629629664123058, "pruning_sqnr": 10.086286510223562, "pruning_mse": 0.072998046875, "pruning_sqnr_corrected": 10.02857210844481, "pruning_mse_corrected": 0.073974609375}, "stage3.0.branch2.5": {"sample_kurtosis": 7.39187558111362, "quant_sqnr": 34.725343924991535, "quant_mse": 1.3806757124257274e-05, "quant_sparsity": 0.0642361119389534, "pruning_sqnr": 17.6516962916558, "pruning_mse": 0.0007038116455078125, "pruning_sqnr_corrected": 16.675540197685145, "pruning_mse_corrected": 0.000881195068359375}, "stage3.1.branch2.0": {"sample_kurtosis": 5.3284735514272015, "quant_sqnr": 37.01581276403837, "quant_mse": 6.643285360041773e-06, "quant_sparsity": 0.0399305559694767, "pruning_sqnr": 16.963749805046444, "pruning_mse": 0.0006723403930664062, "pruning_sqnr_corrected": 16.352755733337926, "pruning_mse_corrected": 0.0007739067077636719}, "stage3.1.branch2.3": {"sample_kurtosis": 4.413202250463022, "quant_sqnr": 39.863243126498915, "quant_mse": 0.00011811453441623598, "quant_sparsity": 0.023148149251937866, "pruning_sqnr": 17.834406280702744, "pruning_mse": 0.0188446044921875, "pruning_sqnr_corrected": 17.463853013275322, "pruning_mse_corrected": 0.0205230712890625}, "stage3.1.branch2.5": {"sample_kurtosis": 8.274535334795075, "quant_sqnr": 36.55398894811407, "quant_mse": 7.793511031195521e-06, "quant_sparsity": 0.0551215298473835, "pruning_sqnr": 18.434560929472802, "pruning_mse": 0.0005054473876953125, "pruning_sqnr_corrected": 17.538175424994655, "pruning_mse_corrected": 0.0006213188171386719}, "stage3.2.branch2.0": {"sample_kurtosis": 4.467434501039566, "quant_sqnr": 37.24816932199497, "quant_mse": 5.7364873100596014e-06, "quant_sparsity": 0.0412326380610466, "pruning_sqnr": 14.706391271917422, "pruning_mse": 0.00102996826171875, "pruning_sqnr_corrected": 14.109915763026283, "pruning_mse_corrected": 0.0011816024780273438},