{"features.0": {"sample_kurtosis": 0.3012244897959184, "quant_sqnr": 24.27655449355871, "quant_mse": 0.000255353981629014, "quant_sparsity": 0.0954861119389534, "pruning_sqnr": 7.667658548077501, "pruning_mse": 0.01169586181640625, "pruning_sqnr_corrected": 6.996976690947523, "pruning_mse_corrected": 0.01364898681640625}, "features.3.squeeze": {"sample_kurtosis": 3.6873070271302613, "quant_sqnr": 21.251743323113534, "quant_mse": 0.0005664040800184011, "quant_sparsity": 0.2021484375, "pruning_sqnr": 10.226827780763442, "pruning_mse": 0.007171630859375, "pruning_sqnr_corrected": 8.571921977765504, "pruning_mse_corrected": 0.010498046875}, "features.3.expand1x1": {"sample_kurtosis": 3.6718293821334074, "quant_sqnr": 20.784499163673743, "quant_mse": 0.0003920475719496608, "quant_sparsity": 0.24609375, "pruning_sqnr": 10.497262667093493, "pruning_mse": 0.00418853759765625, "pruning_sqnr_corrected": 8.283524154256096, "pruning_mse_corrected": 0.0069732666015625}, "features.3.expand3x3": {"sample_kurtosis": 7.216372685494175, "quant_sqnr": 17.96456724018591, "quant_mse": 0.00013982884411234409, "quant_sparsity": 0.2231987863779068, "pruning_sqnr": 10.159555676474692, "pruning_mse": 0.0008435249328613281, "pruning_sqnr_corrected": 8.420794736873614, "pruning_mse_corrected": 0.00125885009765625}, "features.4.squeeze": {"sample_kurtosis": 1.5571177149857478, "quant_sqnr": 22.401876958078212, "quant_mse": 0.00022696604719385505, "quant_sparsity": 0.150390625, "pruning_sqnr": 8.898583624584784, "pruning_mse": 0.005084991455078125, "pruning_sqnr_corrected": 7.662247943213057, "pruning_mse_corrected": 0.0067596435546875}, "features.4.expand1x1": {"sample_kurtosis": 3.6150121963333737, "quant_sqnr": 20.72850695728392, "quant_mse": 0.00039171584649011493, "quant_sparsity": 0.197265625, "pruning_sqnr": 9.543498088795008, "pruning_mse": 0.005146026611328125, "pruning_sqnr_corrected": 8.026467885241093, "pruning_mse_corrected": 0.007297515869140625}, "features.4.expand3x3": {"sample_kurtosis": 2.101300219138057, "quant_sqnr": 21.224744102182598, "quant_mse": 8.52832745295018e-05, "quant_sparsity": 0.1529947966337204, "pruning_sqnr": 8.943863994700651, "pruning_mse": 0.00144195556640625, "pruning_sqnr_corrected": 7.753034075108173, "pruning_mse_corrected": 0.0018968582153320312}, "features.6.squeeze": {"sample_kurtosis": 3.762567537253645, "quant_sqnr": 19.576310982846607, "quant_mse": 0.00033611233811825514, "quant_sparsity": 0.179443359375, "pruning_sqnr": 9.020045215883307, "pruning_mse": 0.0038204193115234375, "pruning_sqnr_corrected": 7.668869606501037, "pruning_mse_corrected": 0.005214691162109375}, "features.6.expand1x1": {"sample_kurtosis": 2.942222222222222, "quant_sqnr": 20.42990230784907, "quant_mse": 0.00013295507233124226, "quant_sparsity": 0.182373046875, "pruning_sqnr": 8.961482929618521, "pruning_mse": 0.0018644332885742188, "pruning_sqnr_corrected": 7.5980894559795225, "pruning_mse_corrected": 0.002552032470703125}, "features.6.expand3x3": {"sample_kurtosis": 5.797995799109014, "quant_sqnr": 18.145151600373747, "quant_mse": 5.3910807764623314e-05, "quant_sparsity": 0.1886393278837204, "pruning_sqnr": 8.841946209210382, "pruning_mse": 0.0004591941833496094, "pruning_sqnr_corrected": 7.502182163554886, "pruning_mse_corrected": 0.0006251335144042969}, "features.7.squeeze": {"sample_kurtosis": 2.6692181530458274, "quant_sqnr": 20.418807343677873, "quant_mse": 0.00013274092634674162, "quant_sparsity": 0.1572265625, "pruning_sqnr": 8.649238115392325, "pruning_mse": 0.001995086669921875, "pruning_sqnr_corrected": 7.493228446937131, "pruning_mse_corrected": 0.0026035308837890625}, "features.7.expand1x1": {"sample_kurtosis": 2.6761145529914296, "quant_sqnr": 20.231040189249253, "quant_mse": 0.00014475485659204423, "quant_sparsity": 0.152099609375, "pruning_sqnr": 8.28490639318999, "pruning_mse": 0.00226593017578125, "pruning_sqnr_corrected": 7.214634920194013, "pruning_mse_corrected": 0.002899169921875}, "features.7.expand3x3": {"sample_kurtosis": 5.206414443156376, "quant_sqnr": 18.174950833485287, "quant_mse": 5.6532859161961824e-05, "quant_sparsity": 0.1792534738779068, "pruning_sqnr": 8.79010568085561, "pruning_mse": 0.0004906654357910156, "pruning_sqnr_corrected": 7.4934948177470915, "pruning_mse_corrected": 0.0006613731384277344}, "features.9.squeeze": {"sample_kurtosis": 2.9784686471818853, "quant_sqnr": 19.646244587708097, "quant_mse": 0.00013060885248705745, "quant_sparsity": 0.1451822966337204, "pruning_sqnr": 8.432785355512868, "pruning_mse": 0.0017271041870117188, "pruning_sqnr_corrected": 7.398469615130788, "pruning_mse_corrected": 0.0021915435791015625}, "features.9.expand1x1": {"sample_kurtosis": 1.4400617476908097, "quant_sqnr": 21.438472530044454, "quant_mse": 5.070131737738848e-05, "quant_sparsity": 0.123046875, "pruning_sqnr": 7.94284555462175, "pruning_mse": 0.0011339187622070312, "pruning_sqnr_corrected": 7.0630503510384814, "pruning_mse_corrected": 0.0013885498046875}, "features.9.expand3x3": {"sample_kurtosis": 5.758341925005297, "quant_sqnr": 17.923663500697103, "quant_mse": 3.664168980321847e-05, "quant_sparsity": 0.1780116707086563, "pruning_sqnr": 8.5908633821673, "pruning_mse": 0.0003142356872558594, "pruning_sqnr_corrected": 7.344772369046373, "pruning_mse_corrected": 0.00041866302490234375}, "features.10.squeeze": {"sample_kurtosis": 3.3271481963052993, "quant_sqnr": 19.525541958513468, "quant_mse": 8.582459850003943e-05, "quant_sparsity": 0.1477864533662796, "pruning_sqnr": 8.37097792629132, "pruning_mse": 0.0011196136474609375, "pruning_sqnr_corrected": 7.338711917885517, "pruning_mse_corrected": 0.0014200210571289062}, "features.10.expand1x1": {"sample_kurtosis": 2.136261184345331, "quant_sqnr": 19.88245054555133, "quant_mse": 7.587878644699231e-05, "quant_sparsity": 0.1300998330116272, "pruning_sqnr": 7.861887294168959, "pruning_mse": 0.0012083053588867188, "pruning_sqnr_corrected": 6.952843147590557, "pruning_mse_corrected": 0.0014896392822265625}, "features.10.expand3x3": {"sample_kurtosis": 2.695305108997559, "quant_sqnr": 19.58673208361859, "quant_mse": 2.290759584866464e-05, "quant_sparsity": 0.14027537405490875, "pruning_sqnr": 8.004904452513514, "pruning_mse": 0.00032973289489746094, "pruning_sqnr_corrected": 7.030155574852682, "pruning_mse_corrected": 0.0004127025604248047}, "features.11.squeeze": {"sample_kurtosis": 3.061254642991928, "quant_sqnr": 19.369982179018074, "quant_mse": 7.157813524827361e-05, "quant_sparsity": 0.152587890625, "pruning_sqnr": 8.180613584845576, "pruning_mse": 0.0009412765502929688, "pruning_sqnr_corrected": 7.120079660366314, "pruning_mse_corrected": 0.001201629638671875}, "features.11.expand1x1": {"sample_kurtosis": 1.6306921696273138, "quant_sqnr": 20.79829062067315, "quant_mse": 3.967720112996176e-05, "quant_sparsity": 0.11517333984375, "pruning_sqnr": 7.549811292622469, "pruning_mse": 0.0008382797241210938, "pruning_sqnr_corrected": 6.765416331505323, "pruning_mse_corrected": 0.0010042190551757812}, "features.11.expand3x3": {"sample_kurtosis": 2.053465475117897, "quant_sqnr": 20.225433863462293, "quant_mse": 1.278472518606577e-05, "quant_sparsity": 0.1200425922870636, "pruning_sqnr": 7.739425668422855, "pruning_mse": 0.00022661685943603516, "pruning_sqnr_corrected": 6.908193644139555, "pruning_mse_corrected": 0.00027441978454589844}, "features.12.squeeze": {"sample_kurtosis": 1.0755714096974502, "quant_sqnr": 21.2877434193556, "quant_mse": 3.9617050788365304e-05, "quant_sparsity": 0.106292724609375, "pruning_sqnr": 7.418613655554381, "pruning_mse": 0.0009655952453613281, "pruning_sqnr_corrected": 6.698884921579879, "pruning_mse_corrected": 0.0011396408081054688}, "features.12.expand1x1": {"sample_kurtosis": 0.8944690770165642, "quant_sqnr": 22.65782682614311, "quant_mse": 5.39078246220015e-05, "quant_sparsity": 0.0908203125, "pruning_sqnr": 6.80375511678386, "pruning_mse": 0.0020751953125, "pruning_sqnr_corrected": 6.214863647173963, "pruning_mse_corrected": 0.002376556396484375},