{"features.0": {"sample_kurtosis": 5.3893899189249925, "quant_sqnr": 10.336453411452474, "quant_mse": 0.0010287368204444647, "quant_sparsity": 0.4919217824935913, "pruning_sqnr": 7.014361071343566, "pruning_mse": 0.0022106170654296875, "pruning_sqnr_corrected": 4.400038797348044, "pruning_mse_corrected": 0.00403594970703125}, "features.3.squeeze": {"sample_kurtosis": 3.4349554404922307, "quant_sqnr": 10.692591250655887, "quant_mse": 0.0032783965580165386, "quant_sparsity": 0.5188802480697632, "pruning_sqnr": 7.253932012208439, "pruning_mse": 0.007236480712890625, "pruning_sqnr_corrected": 4.397421921438288, "pruning_mse_corrected": 0.01396942138671875}, "features.3.expand1x1": {"sample_kurtosis": 2.8082211319387236, "quant_sqnr": 11.422314923704366, "quant_mse": 0.0034289779141545296, "quant_sparsity": 0.4677734375, "pruning_sqnr": 7.372400026069748, "pruning_mse": 0.0087127685546875, "pruning_sqnr_corrected": 4.489445647036629, "pruning_mse_corrected": 0.0169219970703125}, "features.3.expand3x3": {"sample_kurtosis": 9.978485264369585, "quant_sqnr": 8.923733300520935, "quant_mse": 0.000728726212400943, "quant_sparsity": 0.5052083134651184, "pruning_sqnr": 7.397078095281289, "pruning_mse": 0.0010356903076171875, "pruning_sqnr_corrected": 4.8773590485073095, "pruning_mse_corrected": 0.001850128173828125}, "features.4.squeeze": {"sample_kurtosis": 3.605083470923261, "quant_sqnr": 10.51370509218822, "quant_mse": 0.0026679313741624355, "quant_sparsity": 0.47412109375, "pruning_sqnr": 6.968786062616274, "pruning_mse": 0.00603485107421875, "pruning_sqnr_corrected": 4.442986498989948, "pruning_mse_corrected": 0.01079559326171875}, "features.4.expand1x1": {"sample_kurtosis": 2.8946810077267804, "quant_sqnr": 10.901248366510075, "quant_mse": 0.002998137380927801, "quant_sparsity": 0.4013671875, "pruning_sqnr": 5.95995822006338, "pruning_mse": 0.0093536376953125, "pruning_sqnr_corrected": 4.11022019567388, "pruning_mse_corrected": 0.01432037353515625}, "features.4.expand3x3": {"sample_kurtosis": 5.382934443288242, "quant_sqnr": 10.273142932345197, "quant_mse": 0.0007107018609531224, "quant_sparsity": 0.492730051279068, "pruning_sqnr": 7.073130465780019, "pruning_mse": 0.0014848709106445312, "pruning_sqnr_corrected": 4.518236498515012, "pruning_mse_corrected": 0.002674102783203125}, "features.5.squeeze": {"sample_kurtosis": 4.020304031222774, "quant_sqnr": 10.142114718260515, "quant_mse": 0.0017986882012337446, "quant_sparsity": 0.40625, "pruning_sqnr": 6.052809787640471, "pruning_mse": 0.004611968994140625, "pruning_sqnr_corrected": 4.212403841845775, "pruning_mse_corrected": 0.007045745849609375}, "features.5.expand1x1": {"sample_kurtosis": 3.7779026414386125, "quant_sqnr": 10.277505035017365, "quant_mse": 0.0009468897478654981, "quant_sparsity": 0.407470703125, "pruning_sqnr": 6.1471670784815, "pruning_mse": 0.0024509429931640625, "pruning_sqnr_corrected": 4.273935482543028, "pruning_mse_corrected": 0.003772735595703125}, "features.5.expand3x3": {"sample_kurtosis": 4.003991372030006, "quant_sqnr": 11.082471917678408, "quant_mse": 0.00028482518973760307, "quant_sparsity": 0.3444553017616272, "pruning_sqnr": 5.6099712922102025, "pruning_mse": 0.0010042190551757812, "pruning_sqnr_corrected": 4.111145318845526, "pruning_mse_corrected": 0.0014181137084960938}, "features.7.squeeze": {"sample_kurtosis": 14.204049392025638, "quant_sqnr": 9.281118633409676, "quant_mse": 0.001877986709587276, "quant_sparsity": 0.4130859375, "pruning_sqnr": 6.355920216390798, "pruning_mse": 0.0036830902099609375, "pruning_sqnr_corrected": 4.448324863910456, "pruning_mse_corrected": 0.00571441650390625}, "features.7.expand1x1": {"sample_kurtosis": 2.0910330489982147, "quant_sqnr": 11.322450425199609, "quant_mse": 0.00100040715187788, "quant_sparsity": 0.36767578125, "pruning_sqnr": 5.82478803744241, "pruning_mse": 0.00354766845703125, "pruning_sqnr_corrected": 4.148756549140787, "pruning_mse_corrected": 0.005218505859375}, "features.7.expand3x3": {"sample_kurtosis": 9.094286139013358, "quant_sqnr": 9.398232695390496, "quant_mse": 0.00047584623098373413, "quant_sparsity": 0.4378255307674408, "pruning_sqnr": 6.455572575333263, "pruning_mse": 0.0009369850158691406, "pruning_sqnr_corrected": 4.461594232179342, "pruning_mse_corrected": 0.0014829635620117188}, "features.8.squeeze": {"sample_kurtosis": 4.5919983783227885, "quant_sqnr": 9.94925532565032, "quant_mse": 0.001011969055980444, "quant_sparsity": 0.4188639521598816, "pruning_sqnr": 6.227526700099903, "pruning_mse": 0.002384185791015625, "pruning_sqnr_corrected": 4.356833987795667, "pruning_mse_corrected": 0.0036678314208984375}, "features.8.expand1x1": {"sample_kurtosis": 4.624233589489009, "quant_sqnr": 10.034939936949431, "quant_mse": 0.0005475636571645737, "quant_sparsity": 0.4128689169883728, "pruning_sqnr": 6.136175293376435, "pruning_mse": 0.0013437271118164062, "pruning_sqnr_corrected": 4.185294533898386, "pruning_mse_corrected": 0.002105712890625}, "features.8.expand3x3": {"sample_kurtosis": 7.920673378710164, "quant_sqnr": 10.590069908229376, "quant_mse": 0.00014652298705186695, "quant_sparsity": 0.566430389881134, "pruning_sqnr": 7.615689535237303, "pruning_mse": 0.0002906322479248047, "pruning_sqnr_corrected": 4.076087232212073, "pruning_mse_corrected": 0.0006566047668457031}, "features.9.squeeze": {"sample_kurtosis": 4.358587696319262, "quant_sqnr": 10.0409521258775, "quant_mse": 0.0006597951287403703, "quant_sparsity": 0.4034288227558136, "pruning_sqnr": 6.045545098570403, "pruning_mse": 0.00165557861328125, "pruning_sqnr_corrected": 4.231588247755411, "pruning_mse_corrected": 0.002513885498046875}, "features.9.expand1x1": {"sample_kurtosis": 2.0683924676598666, "quant_sqnr": 11.408406403488865, "quant_mse": 0.00045178658911027014, "quant_sparsity": 0.3305121660232544, "pruning_sqnr": 5.299174190053792, "pruning_mse": 0.0018444061279296875, "pruning_sqnr_corrected": 3.8953743494885402, "pruning_mse_corrected": 0.0025482177734375}, "features.9.expand3x3": {"sample_kurtosis": 5.114168045980007, "quant_sqnr": 11.368677149735646, "quant_mse": 0.00011593307863222435, "quant_sparsity": 0.5346860289573669, "pruning_sqnr": 7.192478770863362, "pruning_mse": 0.0003032684326171875, "pruning_sqnr_corrected": 3.9237122423974387, "pruning_mse_corrected": 0.0006437301635742188}, "features.10.squeeze": {"sample_kurtosis": 2.1137059064571595, "quant_sqnr": 11.410122875477155, "quant_mse": 0.00042293453589081764, "quant_sparsity": 0.3255208432674408, "pruning_sqnr": 5.228315624369099, "pruning_mse": 0.0017557144165039062, "pruning_sqnr_corrected": 3.864848101593804, "pruning_mse_corrected": 0.00240325927734375}, "features.10.expand1x1": {"sample_kurtosis": 3.3648746941744365, "quant_sqnr": 10.81517016619465, "quant_mse": 0.0004129393200855702, "quant_sparsity": 0.3271484375, "pruning_sqnr": 5.271114513448478, "pruning_mse": 0.0014801025390625, "pruning_sqnr_corrected": 3.9785688215596346, "pruning_mse_corrected": 0.0019931793212890625}, "features.10.expand3x3": {"sample_kurtosis": 4.567848346117427, "quant_sqnr": 10.900506496179627, "quant_mse": 0.00012339356180746108, "quant_sparsity": 0.3134969174861908, "pruning_sqnr": 5.2754125055636845, "pruning_mse": 0.0004506111145019531, "pruning_sqnr_corrected": 3.988275085116232, "pruning_mse_corrected": 0.0006060600280761719}, "features.12.squeeze": {"sample_kurtosis": 1.4745101737147204, "quant_sqnr": 11.872919256172397, "quant_mse": 0.00039381481474265456, "quant_sparsity": 0.28759765625, "pruning_sqnr": 4.924905761919813, "pruning_mse": 0.0019502639770507812, "pruning_sqnr_corrected": 3.7634743473183385, "pruning_mse_corrected": 0.0025482177734375}, "features.12.expand1x1": {"sample_kurtosis": 0.5305275237443676, "quant_sqnr": 13.213253857472013, "quant_mse": 0.0005271488334983587, "quant_sparsity": 0.23248291015625, "pruning_sqnr": 4.263688193405609, "pruning_mse": 0.004138946533203125, "pruning_sqnr_corrected": 3.399105724214282, "pruning_mse_corrected": 0.0050506591796875},