{"features.0": {"sample_kurtosis": 5.3893899189249925, "quant_sqnr": 6.290965005788669, "quant_mse": 0.0026112780906260014, "quant_sparsity": 0.6146541833877563, "pruning_sqnr": 5.272224752225587, "pruning_mse": 0.0033016204833984375, "pruning_sqnr_corrected": 2.858003076583815, "pruning_mse_corrected": 0.005756378173828125}, "features.3.squeeze": {"sample_kurtosis": 3.4349554404922307, "quant_sqnr": 5.6575702701159, "quant_mse": 0.010451138019561768, "quant_sparsity": 0.6634114980697632, "pruning_sqnr": 5.480065633308784, "pruning_mse": 0.01088714599609375, "pruning_sqnr_corrected": 2.593240797082592, "pruning_mse_corrected": 0.0211639404296875}, "features.3.expand1x1": {"sample_kurtosis": 2.8082211319387236, "quant_sqnr": 6.483788282924813, "quant_mse": 0.010690975934267044, "quant_sparsity": 0.7080078125, "pruning_sqnr": 5.3364323772431055, "pruning_mse": 0.01392364501953125, "pruning_sqnr_corrected": 2.042871583102262, "pruning_mse_corrected": 0.02972412109375}, "features.3.expand3x3": {"sample_kurtosis": 9.978485264369585, "quant_sqnr": 5.368097127773853, "quant_mse": 0.0016524487873539329, "quant_sparsity": 0.6394314169883728, "pruning_sqnr": 5.77705941452054, "pruning_mse": 0.0015039443969726562, "pruning_sqnr_corrected": 3.2775962548633593, "pruning_mse_corrected": 0.002674102783203125}, "features.4.squeeze": {"sample_kurtosis": 3.605083470923261, "quant_sqnr": 5.7926406404391395, "quant_mse": 0.007911905646324158, "quant_sparsity": 0.6435546875, "pruning_sqnr": 5.213367394131812, "pruning_mse": 0.00904083251953125, "pruning_sqnr_corrected": 2.5779555000902823, "pruning_mse_corrected": 0.0165863037109375}, "features.4.expand1x1": {"sample_kurtosis": 2.8946810077267804, "quant_sqnr": 6.410971959143085, "quant_mse": 0.00843100156635046, "quant_sparsity": 0.5634765625, "pruning_sqnr": 4.429398115921859, "pruning_mse": 0.0133056640625, "pruning_sqnr_corrected": 2.5441123663679504, "pruning_mse_corrected": 0.020538330078125}, "features.4.expand3x3": {"sample_kurtosis": 5.382934443288242, "quant_sqnr": 6.0980510717711764, "quant_mse": 0.0018586458172649145, "quant_sparsity": 0.6206597089767456, "pruning_sqnr": 5.401456390251356, "pruning_mse": 0.0021820068359375, "pruning_sqnr_corrected": 2.9107562556892814, "pruning_mse_corrected": 0.003871917724609375}, "features.5.squeeze": {"sample_kurtosis": 4.020304031222774, "quant_sqnr": 5.7791647959004795, "quant_mse": 0.004911915399134159, "quant_sparsity": 0.558837890625, "pruning_sqnr": 4.557282527933147, "pruning_mse": 0.00650787353515625, "pruning_sqnr_corrected": 2.6841255787135836, "pruning_mse_corrected": 0.01001739501953125}, "features.5.expand1x1": {"sample_kurtosis": 3.7779026414386125, "quant_sqnr": 5.738661698794716, "quant_mse": 0.002692673821002245, "quant_sparsity": 0.561279296875, "pruning_sqnr": 4.62833166860487, "pruning_mse": 0.0034770965576171875, "pruning_sqnr_corrected": 2.6513307171725646, "pruning_mse_corrected": 0.005481719970703125}, "features.5.expand3x3": {"sample_kurtosis": 4.003991372030006, "quant_sqnr": 6.749978522021434, "quant_mse": 0.0007723741582594812, "quant_sparsity": 0.4915907084941864, "pruning_sqnr": 4.161081656583306, "pruning_mse": 0.0014019012451171875, "pruning_sqnr_corrected": 2.5996713355703904, "pruning_mse_corrected": 0.0020084381103515625}, "features.7.squeeze": {"sample_kurtosis": 14.204049392025638, "quant_sqnr": 5.520687304901793, "quant_mse": 0.004464117810130119, "quant_sparsity": 0.5655517578125, "pruning_sqnr": 4.833068449649805, "pruning_mse": 0.005229949951171875, "pruning_sqnr_corrected": 2.8709860079253047, "pruning_mse_corrected": 0.00821685791015625}, "features.7.expand1x1": {"sample_kurtosis": 2.0910330489982147, "quant_sqnr": 6.339790735172576, "quant_mse": 0.0031509590335190296, "quant_sparsity": 0.53271484375, "pruning_sqnr": 4.310463420401851, "pruning_mse": 0.00502777099609375, "pruning_sqnr_corrected": 2.505836874274735, "pruning_mse_corrected": 0.007617950439453125}, "features.7.expand3x3": {"sample_kurtosis": 9.094286139013358, "quant_sqnr": 5.778813884585563, "quant_mse": 0.0010949858697131276, "quant_sparsity": 0.5263400673866272, "pruning_sqnr": 4.958133555075056, "pruning_mse": 0.0013227462768554688, "pruning_sqnr_corrected": 3.181593222505659, "pruning_mse_corrected": 0.00199127197265625}, "features.8.squeeze": {"sample_kurtosis": 4.5919983783227885, "quant_sqnr": 5.657728980283325, "quant_mse": 0.0027184407226741314, "quant_sparsity": 0.5608724355697632, "pruning_sqnr": 4.753855622162037, "pruning_mse": 0.0033473968505859375, "pruning_sqnr_corrected": 2.8733489075644254, "pruning_mse_corrected": 0.005161285400390625}, "features.8.expand1x1": {"sample_kurtosis": 4.624233589489009, "quant_sqnr": 5.848922399782472, "quant_mse": 0.001435609650798142, "quant_sparsity": 0.564561665058136, "pruning_sqnr": 4.576073605461081, "pruning_mse": 0.0019245147705078125, "pruning_sqnr_corrected": 2.6311639677472436, "pruning_mse_corrected": 0.0030117034912109375}, "features.8.expand3x3": {"sample_kurtosis": 7.920673378710164, "quant_sqnr": 6.473247671465724, "quant_mse": 0.0003780837287195027, "quant_sparsity": 0.6668595671653748, "pruning_sqnr": 5.55095065474328, "pruning_mse": 0.00046753883361816406, "pruning_sqnr_corrected": 2.605355413986565, "pruning_mse_corrected": 0.0009212493896484375}, "features.9.squeeze": {"sample_kurtosis": 4.358587696319262, "quant_sqnr": 5.800113801804752, "quant_mse": 0.001751833944581449, "quant_sparsity": 0.5538737177848816, "pruning_sqnr": 4.556477779972466, "pruning_mse": 0.0023326873779296875, "pruning_sqnr_corrected": 2.7030464848177265, "pruning_mse_corrected": 0.003574371337890625}, "features.9.expand1x1": {"sample_kurtosis": 2.0683924676598666, "quant_sqnr": 6.65048150873583, "quant_mse": 0.0013512192526832223, "quant_sparsity": 0.4659288227558136, "pruning_sqnr": 3.882390947235732, "pruning_mse": 0.00255584716796875, "pruning_sqnr_corrected": 2.4699997913731617, "pruning_mse_corrected": 0.0035381317138671875}, "features.9.expand3x3": {"sample_kurtosis": 5.114168045980007, "quant_sqnr": 6.889732081894252, "quant_mse": 0.0003251635644119233, "quant_sparsity": 0.6242886781692505, "pruning_sqnr": 5.158112847868495, "pruning_mse": 0.000484466552734375, "pruning_sqnr_corrected": 2.5179335332426884, "pruning_mse_corrected": 0.0008897781372070312}, "features.10.squeeze": {"sample_kurtosis": 2.1137059064571595, "quant_sqnr": 6.775732950246182, "quant_mse": 0.0012294535990804434, "quant_sparsity": 0.4882405698299408, "pruning_sqnr": 3.8305163432098643, "pruning_mse": 0.002422332763671875, "pruning_sqnr_corrected": 2.361914358136998, "pruning_mse_corrected": 0.0033969879150390625}, "features.10.expand1x1": {"sample_kurtosis": 3.3648746941744365, "quant_sqnr": 6.366957330378334, "quant_mse": 0.0011500256368890405, "quant_sparsity": 0.47503662109375, "pruning_sqnr": 3.9495743278531603, "pruning_mse": 0.00200653076171875, "pruning_sqnr_corrected": 2.577068415095421, "pruning_mse_corrected": 0.0027523040771484375}, "features.10.expand3x3": {"sample_kurtosis": 4.567848346117427, "quant_sqnr": 6.743646855765668, "quant_mse": 0.00032135011861100793, "quant_sparsity": 0.5045369267463684, "pruning_sqnr": 3.9036805753105686, "pruning_mse": 0.00061798095703125, "pruning_sqnr_corrected": 2.4099686766781883, "pruning_mse_corrected": 0.0008716583251953125}, "features.12.squeeze": {"sample_kurtosis": 1.4745101737147204, "quant_sqnr": 6.980265283601152, "quant_mse": 0.0012149473186582327, "quant_sparsity": 0.4681396484375, "pruning_sqnr": 3.5757968526174437, "pruning_mse": 0.0026607513427734375, "pruning_sqnr_corrected": 2.234002919185318, "pruning_mse_corrected": 0.00362396240234375}, "features.12.expand1x1": {"sample_kurtosis": 0.5305275237443676, "quant_sqnr": 8.017860256636293, "quant_mse": 0.001743703382089734, "quant_sparsity": 0.358642578125, "pruning_sqnr": 3.0223136429148894, "pruning_mse": 0.0055084228515625, "pruning_sqnr_corrected": 2.111346380618657, "pruning_mse_corrected": 0.006793975830078125},