{"features.0": {"sample_kurtosis": 0.3012244897959184, "quant_sqnr": 18.966732335488224, "quant_mse": 0.0008672111434862018, "quant_sparsity": 0.1753472238779068, "pruning_sqnr": 6.243363860391145, "pruning_mse": 0.0162353515625, "pruning_sqnr_corrected": 5.241732156333363, "pruning_mse_corrected": 0.02044677734375}, "features.3.squeeze": {"sample_kurtosis": 3.6873070271302613, "quant_sqnr": 15.97938089148374, "quant_mse": 0.0019070523558184505, "quant_sparsity": 0.3212890625, "pruning_sqnr": 8.571921977765504, "pruning_mse": 0.010498046875, "pruning_sqnr_corrected": 6.447877790919189, "pruning_mse_corrected": 0.017120361328125}, "features.3.expand1x1": {"sample_kurtosis": 3.6718293821334074, "quant_sqnr": 15.538009106466053, "quant_mse": 0.001312162959948182, "quant_sparsity": 0.373046875, "pruning_sqnr": 8.683930069954169, "pruning_mse": 0.006359100341796875, "pruning_sqnr_corrected": 5.9617401280497955, "pruning_mse_corrected": 0.01190185546875}, "features.3.expand3x3": {"sample_kurtosis": 7.216372685494175, "quant_sqnr": 13.806443782661088, "quant_mse": 0.00036425801226869226, "quant_sparsity": 0.3363715410232544, "pruning_sqnr": 8.598767900097698, "pruning_mse": 0.0012083053588867188, "pruning_sqnr_corrected": 6.475230877096095, "pruning_mse_corrected": 0.0019702911376953125}, "features.4.squeeze": {"sample_kurtosis": 1.5571177149857478, "quant_sqnr": 17.08966855205064, "quant_mse": 0.0007712261285632849, "quant_sparsity": 0.23828125, "pruning_sqnr": 7.264392863003516, "pruning_mse": 0.00740814208984375, "pruning_sqnr_corrected": 5.77572418824259, "pruning_mse_corrected": 0.01043701171875}, "features.4.expand1x1": {"sample_kurtosis": 3.6150121963333737, "quant_sqnr": 15.367489050868956, "quant_mse": 0.001346086384728551, "quant_sparsity": 0.28515625, "pruning_sqnr": 8.003824743129254, "pruning_mse": 0.007335662841796875, "pruning_sqnr_corrected": 6.310434185043674, "pruning_mse_corrected": 0.010833740234375}, "features.4.expand3x3": {"sample_kurtosis": 2.101300219138057, "quant_sqnr": 16.59259172648874, "quant_mse": 0.00024778733495622873, "quant_sparsity": 0.2387152761220932, "pruning_sqnr": 7.386809342007211, "pruning_mse": 0.002063751220703125, "pruning_sqnr_corrected": 5.8992322796769, "pruning_mse_corrected": 0.00290679931640625}, "features.6.squeeze": {"sample_kurtosis": 3.762567537253645, "quant_sqnr": 15.006848510519866, "quant_mse": 0.0009625664097256958, "quant_sparsity": 0.283935546875, "pruning_sqnr": 7.509792443708782, "pruning_mse": 0.00540924072265625, "pruning_sqnr_corrected": 5.841747500434085, "pruning_mse_corrected": 0.00794219970703125}, "features.6.expand1x1": {"sample_kurtosis": 2.942222222222222, "quant_sqnr": 15.814037264163517, "quant_mse": 0.0003848499327432364, "quant_sparsity": 0.263427734375, "pruning_sqnr": 7.4638597262852, "pruning_mse": 0.00263214111328125, "pruning_sqnr_corrected": 5.8784867896846205, "pruning_mse_corrected": 0.00379180908203125}, "features.6.expand3x3": {"sample_kurtosis": 5.797995799109014, "quant_sqnr": 14.024410976771762, "quant_mse": 0.0001392354752169922, "quant_sparsity": 0.2686631977558136, "pruning_sqnr": 7.423396423449789, "pruning_mse": 0.0006365776062011719, "pruning_sqnr_corrected": 5.902116937414817, "pruning_mse_corrected": 0.0009036064147949219}, "features.7.squeeze": {"sample_kurtosis": 2.6692181530458274, "quant_sqnr": 15.61932988744587, "quant_mse": 0.0004008229589089751, "quant_sparsity": 0.2564697265625, "pruning_sqnr": 7.1802538222720536, "pruning_mse": 0.0027980804443359375, "pruning_sqnr_corrected": 5.684851506135702, "pruning_mse_corrected": 0.003948211669921875}, "features.7.expand1x1": {"sample_kurtosis": 2.6761145529914296, "quant_sqnr": 15.475065342889337, "quant_mse": 0.00043274357449263334, "quant_sparsity": 0.24755859375, "pruning_sqnr": 6.879339271807519, "pruning_mse": 0.003131866455078125, "pruning_sqnr_corrected": 5.515107730671502, "pruning_mse_corrected": 0.0042877197265625}, "features.7.expand3x3": {"sample_kurtosis": 5.206414443156376, "quant_sqnr": 14.075372905469688, "quant_mse": 0.00014529770123772323, "quant_sparsity": 0.258843332529068, "pruning_sqnr": 7.34574041777983, "pruning_mse": 0.0006842613220214844, "pruning_sqnr_corrected": 5.858596293326901, "pruning_mse_corrected": 0.0009636878967285156}, "features.9.squeeze": {"sample_kurtosis": 2.9784686471818853, "quant_sqnr": 15.180849400367043, "quant_mse": 0.0003651843289844692, "quant_sparsity": 0.2362467497587204, "pruning_sqnr": 7.011773508001866, "pruning_mse": 0.0023956298828125, "pruning_sqnr_corrected": 5.689523422387628, "pruning_mse_corrected": 0.0032482147216796875}, "features.9.expand1x1": {"sample_kurtosis": 1.4400617476908097, "quant_sqnr": 16.668254787606912, "quant_mse": 0.00015206911484710872, "quant_sparsity": 0.1961805522441864, "pruning_sqnr": 6.519824658669602, "pruning_mse": 0.0015735626220703125, "pruning_sqnr_corrected": 5.435404543094004, "pruning_mse_corrected": 0.0020198822021484375}, "features.9.expand3x3": {"sample_kurtosis": 5.758341925005297, "quant_sqnr": 13.930378452925975, "quant_mse": 9.1897563834209e-05, "quant_sparsity": 0.257824569940567, "pruning_sqnr": 7.191690494112375, "pruning_mse": 0.0004336833953857422, "pruning_sqnr_corrected": 5.769123979026244, "pruning_mse_corrected": 0.0006017684936523438}, "features.10.squeeze": {"sample_kurtosis": 3.3271481963052993, "quant_sqnr": 14.97231124600324, "quant_mse": 0.0002448695886414498, "quant_sparsity": 0.2281901091337204, "pruning_sqnr": 6.980558696343268, "pruning_mse": 0.0015420913696289062, "pruning_sqnr_corrected": 5.739236225463761, "pruning_mse_corrected": 0.00205230712890625}, "features.10.expand1x1": {"sample_kurtosis": 2.136261184345331, "quant_sqnr": 15.761185312417892, "quant_mse": 0.00019599586084950715, "quant_sparsity": 0.2043185830116272, "pruning_sqnr": 6.46423916001953, "pruning_mse": 0.001667022705078125, "pruning_sqnr_corrected": 5.340889217841034, "pruning_mse_corrected": 0.00215911865234375}, "features.10.expand3x3": {"sample_kurtosis": 2.695305108997559, "quant_sqnr": 15.467687668688757, "quant_mse": 5.9140358644071966e-05, "quant_sparsity": 0.21455439925193787, "pruning_sqnr": 6.618738370736415, "pruning_mse": 0.00045371055603027344, "pruning_sqnr_corrected": 5.458115010550361, "pruning_mse_corrected": 0.0005927085876464844}, "features.11.squeeze": {"sample_kurtosis": 3.061254642991928, "quant_sqnr": 14.958527974768785, "quant_mse": 0.00019766319019254297, "quant_sparsity": 0.2303059995174408, "pruning_sqnr": 6.794787412097114, "pruning_mse": 0.0012950897216796875, "pruning_sqnr_corrected": 5.544600608401359, "pruning_mse_corrected": 0.0017271041870117188}, "features.11.expand1x1": {"sample_kurtosis": 1.6306921696273138, "quant_sqnr": 16.182817339807404, "quant_mse": 0.00011483872367534786, "quant_sparsity": 0.18280029296875, "pruning_sqnr": 6.194269969331128, "pruning_mse": 0.0011453628540039062, "pruning_sqnr_corrected": 5.225893120927484, "pruning_mse_corrected": 0.0014314651489257812}, "features.11.expand3x3": {"sample_kurtosis": 2.053465475117897, "quant_sqnr": 16.04886227276297, "quant_mse": 3.344633660162799e-05, "quant_sparsity": 0.19708251953125, "pruning_sqnr": 6.366170966478459, "pruning_mse": 0.0003108978271484375, "pruning_sqnr_corrected": 5.312636685956552, "pruning_mse_corrected": 0.0003962516784667969}, "features.12.squeeze": {"sample_kurtosis": 1.0755714096974502, "quant_sqnr": 16.695770606955, "quant_mse": 0.00011404583347029984, "quant_sparsity": 0.177520751953125, "pruning_sqnr": 6.080071798705373, "pruning_mse": 0.0013141632080078125, "pruning_sqnr_corrected": 5.150228763274107, "pruning_mse_corrected": 0.0016279220581054688}, "features.12.expand1x1": {"sample_kurtosis": 0.8944690770165642, "quant_sqnr": 17.596032209563944, "quant_mse": 0.00017291444237343967, "quant_sparsity": 0.14947509765625, "pruning_sqnr": 5.523541911062503, "pruning_mse": 0.0027866363525390625, "pruning_sqnr_corrected": 4.7820584432663, "pruning_mse_corrected": 0.0033054351806640625},