{"features.0": {"sample_kurtosis": 5.3893899189249925, "quant_sqnr": 19.57263514339744, "quant_mse": 0.00012265524128451943, "quant_sparsity": 0.2255527228116989, "pruning_sqnr": 10.33930777911214, "pruning_mse": 0.0010280609130859375, "pruning_sqnr_corrected": 8.477515406501961, "pruning_mse_corrected": 0.0015783309936523438}, "features.3.squeeze": {"sample_kurtosis": 3.4349554404922307, "quant_sqnr": 21.204910882308816, "quant_mse": 0.0002913597272709012, "quant_sparsity": 0.17578125, "pruning_sqnr": 10.654414346332963, "pruning_mse": 0.003307342529296875, "pruning_sqnr_corrected": 9.153244434089551, "pruning_mse_corrected": 0.004673004150390625}, "features.3.expand1x1": {"sample_kurtosis": 2.8082211319387236, "quant_sqnr": 22.275144587871864, "quant_mse": 0.00028176154592074454, "quant_sparsity": 0.185546875, "pruning_sqnr": 10.888287192067278, "pruning_mse": 0.0038776397705078125, "pruning_sqnr_corrected": 9.357678092222733, "pruning_mse_corrected": 0.00551605224609375}, "features.3.expand3x3": {"sample_kurtosis": 9.978485264369585, "quant_sqnr": 17.431245995860387, "quant_mse": 0.00010275740351062268, "quant_sparsity": 0.2562934160232544, "pruning_sqnr": 10.488104257543846, "pruning_mse": 0.0005083084106445312, "pruning_sqnr_corrected": 8.512583487190753, "pruning_mse_corrected": 0.00080108642578125}, "features.4.squeeze": {"sample_kurtosis": 3.605083470923261, "quant_sqnr": 21.474658200618293, "quant_mse": 0.0002138352720066905, "quant_sparsity": 0.197265625, "pruning_sqnr": 10.24804112565312, "pruning_mse": 0.0028362274169921875, "pruning_sqnr_corrected": 8.642728140929147, "pruning_mse_corrected": 0.0041046142578125}, "features.4.expand1x1": {"sample_kurtosis": 2.8946810077267804, "quant_sqnr": 20.44989900818951, "quant_mse": 0.000332649186020717, "quant_sparsity": 0.1865234375, "pruning_sqnr": 9.059732804498093, "pruning_mse": 0.004581451416015625, "pruning_sqnr_corrected": 7.602070061268527, "pruning_mse_corrected": 0.00640869140625}, "features.4.expand3x3": {"sample_kurtosis": 5.382934443288242, "quant_sqnr": 19.6300454500748, "quant_mse": 8.241328032454476e-05, "quant_sparsity": 0.2065972238779068, "pruning_sqnr": 10.2338381855448, "pruning_mse": 0.0007171630859375, "pruning_sqnr_corrected": 8.601875399699852, "pruning_mse_corrected": 0.0010442733764648438}, "features.5.squeeze": {"sample_kurtosis": 4.020304031222774, "quant_sqnr": 19.204231442826917, "quant_mse": 0.000223225710215047, "quant_sparsity": 0.17236328125, "pruning_sqnr": 8.963675756596794, "pruning_mse": 0.0023593902587890625, "pruning_sqnr_corrected": 7.7178006792770315, "pruning_mse_corrected": 0.003143310546875}, "features.5.expand1x1": {"sample_kurtosis": 3.7779026414386125, "quant_sqnr": 19.42789419331467, "quant_mse": 0.00011514908692333847, "quant_sparsity": 0.174560546875, "pruning_sqnr": 9.073785355236803, "pruning_mse": 0.0012493133544921875, "pruning_sqnr_corrected": 7.791371633652949, "pruning_mse_corrected": 0.001678466796875}, "features.5.expand3x3": {"sample_kurtosis": 4.003991372030006, "quant_sqnr": 18.973807081836902, "quant_mse": 4.6285491407616064e-05, "quant_sparsity": 0.1415473073720932, "pruning_sqnr": 8.486256708176597, "pruning_mse": 0.0005178451538085938, "pruning_sqnr_corrected": 7.45206278498881, "pruning_mse_corrected": 0.0006570816040039062}, "features.7.squeeze": {"sample_kurtosis": 14.204049392025638, "quant_sqnr": 15.148116623805368, "quant_mse": 0.0004863990470767021, "quant_sparsity": 0.2320556640625, "pruning_sqnr": 9.277176668030124, "pruning_mse": 0.0018796920776367188, "pruning_sqnr_corrected": 7.585113020965483, "pruning_mse_corrected": 0.0027751922607421875}, "features.7.expand1x1": {"sample_kurtosis": 2.0910330489982147, "quant_sqnr": 21.52889558927065, "quant_mse": 9.539646271150559e-05, "quant_sparsity": 0.136474609375, "pruning_sqnr": 8.740396267606954, "pruning_mse": 0.0018129348754882812, "pruning_sqnr_corrected": 7.735349299088647, "pruning_mse_corrected": 0.002285003662109375}, "features.7.expand3x3": {"sample_kurtosis": 9.094286139013358, "quant_sqnr": 16.97524566230389, "quant_mse": 8.313144644489512e-05, "quant_sparsity": 0.2109103798866272, "pruning_sqnr": 9.354592801352652, "pruning_mse": 0.00048065185546875, "pruning_sqnr_corrected": 7.820679111747606, "pruning_mse_corrected": 0.0006842613220214844}, "features.8.squeeze": {"sample_kurtosis": 4.5919983783227885, "quant_sqnr": 19.570877856962024, "quant_mse": 0.00011040912795579061, "quant_sparsity": 0.18017578125, "pruning_sqnr": 9.131435489373416, "pruning_mse": 0.0012216567993164062, "pruning_sqnr_corrected": 7.8139319955513535, "pruning_mse_corrected": 0.0016546249389648438}, "features.8.expand1x1": {"sample_kurtosis": 4.624233589489009, "quant_sqnr": 18.83050364765257, "quant_mse": 7.225672015920281e-05, "quant_sparsity": 0.1987847238779068, "pruning_sqnr": 9.152644206762353, "pruning_mse": 0.0006709098815917969, "pruning_sqnr_corrected": 7.657980070118472, "pruning_mse_corrected": 0.0009465217590332031}, "features.8.expand3x3": {"sample_kurtosis": 7.920673378710164, "quant_sqnr": 18.360619189927355, "quant_mse": 2.4482222215738147e-05, "quant_sparsity": 0.434136301279068, "pruning_sqnr": 12.09582878357427, "pruning_mse": 0.0001035928726196289, "pruning_sqnr_corrected": 7.260128149546112, "pruning_mse_corrected": 0.0003154277801513672}, "features.9.squeeze": {"sample_kurtosis": 4.358587696319262, "quant_sqnr": 19.03458853721146, "quant_mse": 8.318508480442688e-05, "quant_sparsity": 0.182888463139534, "pruning_sqnr": 8.976519656844403, "pruning_mse": 0.000843048095703125, "pruning_sqnr_corrected": 7.627569228933808, "pruning_mse_corrected": 0.0011501312255859375}, "features.9.expand1x1": {"sample_kurtosis": 2.0683924676598666, "quant_sqnr": 20.398012206850645, "quant_mse": 5.70128504477907e-05, "quant_sparsity": 0.132595494389534, "pruning_sqnr": 8.133444181987441, "pruning_mse": 0.0009603500366210938, "pruning_sqnr_corrected": 7.1842281775821215, "pruning_mse_corrected": 0.0011949539184570312}, "features.9.expand3x3": {"sample_kurtosis": 5.114168045980007, "quant_sqnr": 19.57381882099184, "quant_mse": 1.7526419469504617e-05, "quant_sparsity": 0.41989776492118835, "pruning_sqnr": 11.669183503545622, "pruning_mse": 0.00010818243026733398, "pruning_sqnr_corrected": 6.98904838984872, "pruning_mse_corrected": 0.0003178119659423828}, "features.10.squeeze": {"sample_kurtosis": 2.1137059064571595, "quant_sqnr": 20.271050810238634, "quant_mse": 5.4976913816062734e-05, "quant_sparsity": 0.1380615234375, "pruning_sqnr": 8.006661210329197, "pruning_mse": 0.0009260177612304688, "pruning_sqnr_corrected": 7.029517760042085, "pruning_mse_corrected": 0.00115966796875}, "features.10.expand1x1": {"sample_kurtosis": 3.3648746941744365, "quant_sqnr": 20.058359889793167, "quant_mse": 4.915495082968846e-05, "quant_sparsity": 0.13433837890625, "pruning_sqnr": 7.9269107676736805, "pruning_mse": 0.0008029937744140625, "pruning_sqnr_corrected": 7.013876207098402, "pruning_mse_corrected": 0.0009908676147460938}, "features.10.expand3x3": {"sample_kurtosis": 4.567848346117427, "quant_sqnr": 18.349888258914074, "quant_mse": 2.220006899733562e-05, "quant_sparsity": 0.1480034738779068, "pruning_sqnr": 8.01405074009704, "pruning_mse": 0.00023984909057617188, "pruning_sqnr_corrected": 6.984928699596386, "pruning_mse_corrected": 0.0003039836883544922}, "features.12.squeeze": {"sample_kurtosis": 1.4745101737147204, "quant_sqnr": 20.522169559231678, "quant_mse": 5.374858301365748e-05, "quant_sparsity": 0.11688232421875, "pruning_sqnr": 7.637697693592048, "pruning_mse": 0.0010442733764648438, "pruning_sqnr_corrected": 6.829390929889766, "pruning_mse_corrected": 0.0012578964233398438}, "features.12.expand1x1": {"sample_kurtosis": 0.5305275237443676, "quant_sqnr": 23.103563398666264, "quant_mse": 5.4063268180470914e-05, "quant_sparsity": 0.08465576171875, "pruning_sqnr": 6.836473071414657, "pruning_mse": 0.002288818359375, "pruning_sqnr_corrected": 6.273778538435767,