{"features.0": {"sample_kurtosis": 5.3893899189249925, "quant_sqnr": 14.718789875206397, "quant_mse": 0.0003750339965336025, "quant_sparsity": 0.3567885458469391, "pruning_sqnr": 8.689933256083972, "pruning_mse": 0.00150299072265625, "pruning_sqnr_corrected": 6.287989759415458, "pruning_mse_corrected": 0.002613067626953125}, "features.3.squeeze": {"sample_kurtosis": 3.4349554404922307, "quant_sqnr": 15.803935438016543, "quant_mse": 0.0010104784741997719, "quant_sparsity": 0.3248698115348816, "pruning_sqnr": 8.938819852051198, "pruning_mse": 0.004909515380859375, "pruning_sqnr_corrected": 6.750809286707687, "pruning_mse_corrected": 0.00812530517578125}, "features.3.expand1x1": {"sample_kurtosis": 2.8082211319387236, "quant_sqnr": 16.817105957978832, "quant_mse": 0.0009901148732751608, "quant_sparsity": 0.3154296875, "pruning_sqnr": 9.221672790441353, "pruning_mse": 0.0056915283203125, "pruning_sqnr_corrected": 6.873569767721178, "pruning_mse_corrected": 0.00977325439453125}, "features.3.expand3x3": {"sample_kurtosis": 9.978485264369585, "quant_sqnr": 12.941019612020277, "quant_mse": 0.00028895869036205113, "quant_sparsity": 0.3900824785232544, "pruning_sqnr": 8.938677271088956, "pruning_mse": 0.0007262229919433594, "pruning_sqnr_corrected": 6.503818052004267, "pruning_mse_corrected": 0.0012722015380859375}, "features.4.squeeze": {"sample_kurtosis": 3.605083470923261, "quant_sqnr": 15.767692437635779, "quant_mse": 0.0007957486668601632, "quant_sparsity": 0.30859375, "pruning_sqnr": 8.618578246527344, "pruning_mse": 0.00412750244140625, "pruning_sqnr_corrected": 6.567856062963926, "pruning_mse_corrected": 0.006618499755859375}, "features.4.expand1x1": {"sample_kurtosis": 2.8946810077267804, "quant_sqnr": 15.469910314976199, "quant_mse": 0.0010470931883901358, "quant_sparsity": 0.2939453125, "pruning_sqnr": 7.479725497098411, "pruning_mse": 0.006591796875, "pruning_sqnr_corrected": 5.695418764761496, "pruning_mse_corrected": 0.00994110107421875}, "features.4.expand3x3": {"sample_kurtosis": 5.382934443288242, "quant_sqnr": 14.711397031930737, "quant_mse": 0.00025577732594683766, "quant_sparsity": 0.3314887285232544, "pruning_sqnr": 8.653743983755716, "pruning_mse": 0.0010318756103515625, "pruning_sqnr_corrected": 6.545827884083692, "pruning_mse_corrected": 0.0016765594482421875}, "features.5.squeeze": {"sample_kurtosis": 4.020304031222774, "quant_sqnr": 14.503626904990657, "quant_mse": 0.0006588774849660695, "quant_sparsity": 0.283447265625, "pruning_sqnr": 7.514449377213413, "pruning_mse": 0.0032939910888671875, "pruning_sqnr_corrected": 5.859602056784528, "pruning_mse_corrected": 0.00482177734375}, "features.5.expand1x1": {"sample_kurtosis": 3.7779026414386125, "quant_sqnr": 14.860471750803939, "quant_mse": 0.00032961179385893047, "quant_sparsity": 0.279296875, "pruning_sqnr": 7.603043241293522, "pruning_mse": 0.0017528533935546875, "pruning_sqnr_corrected": 5.97488428253479, "pruning_mse_corrected": 0.0025501251220703125}, "features.5.expand3x3": {"sample_kurtosis": 4.003991372030006, "quant_sqnr": 15.204996607659112, "quant_mse": 0.00011023662955267355, "quant_sparsity": 0.2268880158662796, "pruning_sqnr": 7.031837245110264, "pruning_mse": 0.0007238388061523438, "pruning_sqnr_corrected": 5.7439975831959655, "pruning_mse_corrected": 0.0009737014770507812}, "features.7.squeeze": {"sample_kurtosis": 14.204049392025638, "quant_sqnr": 12.430028146219612, "quant_mse": 0.0009094976121559739, "quant_sparsity": 0.29296875, "pruning_sqnr": 7.818100292426246, "pruning_mse": 0.0026302337646484375, "pruning_sqnr_corrected": 6.1025645275596885, "pruning_mse_corrected": 0.0039043426513671875}, "features.7.expand1x1": {"sample_kurtosis": 2.0910330489982147, "quant_sqnr": 16.39269936845502, "quant_mse": 0.00031128048431128263, "quant_sparsity": 0.2412109375, "pruning_sqnr": 7.271615985482981, "pruning_mse": 0.0025424957275390625, "pruning_sqnr_corrected": 5.8764624091206485, "pruning_mse_corrected": 0.003505706787109375}, "features.7.expand3x3": {"sample_kurtosis": 9.094286139013358, "quant_sqnr": 13.078987543358087, "quant_mse": 0.00020388775737956166, "quant_sparsity": 0.3098415732383728, "pruning_sqnr": 7.897006995893918, "pruning_mse": 0.0006723403930664062, "pruning_sqnr_corrected": 6.10540208806034, "pruning_mse_corrected": 0.0010156631469726562}, "features.8.squeeze": {"sample_kurtosis": 4.5919983783227885, "quant_sqnr": 14.595836123730964, "quant_mse": 0.00034714359208010137, "quant_sparsity": 0.2852376401424408, "pruning_sqnr": 7.67112389119845, "pruning_mse": 0.0017099380493164062, "pruning_sqnr_corrected": 6.023913873622824, "pruning_mse_corrected": 0.002498626708984375}, "features.8.expand1x1": {"sample_kurtosis": 4.624233589489009, "quant_sqnr": 14.270452477933745, "quant_mse": 0.00020648255303967744, "quant_sparsity": 0.2938368022441864, "pruning_sqnr": 7.649237349865454, "pruning_mse": 0.0009484291076660156, "pruning_sqnr_corrected": 5.870167090835522, "pruning_mse_corrected": 0.0014286041259765625}, "features.8.expand3x3": {"sample_kurtosis": 7.920673378710164, "quant_sqnr": 14.514752544285138, "quant_mse": 5.93522927374579e-05, "quant_sparsity": 0.48690682649612427, "pruning_sqnr": 9.757079570539172, "pruning_mse": 0.00017750263214111328, "pruning_sqnr_corrected": 5.658576891148163, "pruning_mse_corrected": 0.00045609474182128906}, "features.9.squeeze": {"sample_kurtosis": 4.358587696319262, "quant_sqnr": 14.365273485728189, "quant_mse": 0.00024376815417781472, "quant_sparsity": 0.2846137285232544, "pruning_sqnr": 7.503324491987835, "pruning_mse": 0.0011835098266601562, "pruning_sqnr_corrected": 5.842715316340296, "pruning_mse_corrected": 0.0017347335815429688}, "features.9.expand1x1": {"sample_kurtosis": 2.0683924676598666, "quant_sqnr": 15.893799361190982, "quant_mse": 0.00016083999071270227, "quant_sparsity": 0.2169053852558136, "pruning_sqnr": 6.702458530741239, "pruning_mse": 0.00133514404296875, "pruning_sqnr_corrected": 5.487329064064466, "pruning_mse_corrected": 0.001766204833984375}, "features.9.expand3x3": {"sample_kurtosis": 5.114168045980007, "quant_sqnr": 15.525964986722393, "quant_mse": 4.4512151362141594e-05, "quant_sparsity": 0.4657720923423767, "pruning_sqnr": 9.330345906998561, "pruning_mse": 0.00018537044525146484, "pruning_sqnr_corrected": 5.436120920964235, "pruning_mse_corrected": 0.0004544258117675781}, "features.10.squeeze": {"sample_kurtosis": 2.1137059064571595, "quant_sqnr": 15.785623517377816, "quant_mse": 0.00015442694711964577, "quant_sparsity": 0.2100016325712204, "pruning_sqnr": 6.601328351079512, "pruning_mse": 0.0012798309326171875, "pruning_sqnr_corrected": 5.448473022546301, "pruning_mse_corrected": 0.0016689300537109375}, "features.10.expand1x1": {"sample_kurtosis": 3.3648746941744365, "quant_sqnr": 15.366098698485022, "quant_mse": 0.00014480827667284757, "quant_sparsity": 0.213623046875, "pruning_sqnr": 6.576831395787323, "pruning_mse": 0.0010957717895507812, "pruning_sqnr_corrected": 5.45984358842461, "pruning_mse_corrected": 0.0014171600341796875}, "features.10.expand3x3": {"sample_kurtosis": 4.567848346117427, "quant_sqnr": 14.682174267362264, "quant_mse": 5.165658876649104e-05, "quant_sparsity": 0.2166002094745636, "pruning_sqnr": 6.628669646088737, "pruning_mse": 0.0003299713134765625, "pruning_sqnr_corrected": 5.45605250634104, "pruning_mse_corrected": 0.0004322528839111328}, "features.12.squeeze": {"sample_kurtosis": 1.4745101737147204, "quant_sqnr": 16.2844789189495, "quant_mse": 0.00014260543684940785, "quant_sparsity": 0.17803955078125, "pruning_sqnr": 6.262249079484338, "pruning_mse": 0.0014333724975585938, "pruning_sqnr_corrected": 5.308780441332555, "pruning_mse_corrected": 0.0017852783203125}, "features.12.expand1x1": {"sample_kurtosis": 0.5305275237443676, "quant_sqnr": 18.125740135136656, "quant_mse": 0.0001700922875897959, "quant_sparsity": 0.14263916015625, "pruning_sqnr": 5.525100333628585, "pruning_mse": 0.0030956268310546875, "pruning_sqnr_corrected": 4.799799503544456,