{"features.0": {"sample_kurtosis": 0.3012244897959184, "quant_sqnr": 35.93394510408302, "quant_mse": 1.743426219036337e-05, "quant_sparsity": 0.032407406717538834, "pruning_sqnr": 10.74361058032937, "pruning_mse": 0.00576019287109375, "pruning_sqnr_corrected": 10.369081744498555, "pruning_mse_corrected": 0.00627899169921875}, "features.3.squeeze": {"sample_kurtosis": 3.6873070271302613, "quant_sqnr": 32.548854797237524, "quant_mse": 4.201605042908341e-05, "quant_sparsity": 0.078125, "pruning_sqnr": 13.723029095645343, "pruning_mse": 0.0032062530517578125, "pruning_sqnr_corrected": 12.740000164634962, "pruning_mse_corrected": 0.00402069091796875}, "features.3.expand1x1": {"sample_kurtosis": 3.6718293821334074, "quant_sqnr": 32.31021090802206, "quant_mse": 2.759100971161388e-05, "quant_sparsity": 0.091796875, "pruning_sqnr": 14.268632629323108, "pruning_mse": 0.0017576217651367188, "pruning_sqnr_corrected": 13.025140397603995, "pruning_mse_corrected": 0.0023403167724609375}, "features.3.expand3x3": {"sample_kurtosis": 7.216372685494175, "quant_sqnr": 26.714642912803633, "quant_mse": 1.8646151147549972e-05, "quant_sparsity": 0.0963541641831398, "pruning_sqnr": 13.406985848483098, "pruning_mse": 0.0003993511199951172, "pruning_sqnr_corrected": 12.278535753043641, "pruning_mse_corrected": 0.0005178451538085938}, "features.4.squeeze": {"sample_kurtosis": 1.5571177149857478, "quant_sqnr": 33.32262778938128, "quant_mse": 1.8360555259278044e-05, "quant_sparsity": 0.05126953125, "pruning_sqnr": 12.361755001334128, "pruning_mse": 0.0022907257080078125, "pruning_sqnr_corrected": 11.714557337743281, "pruning_mse_corrected": 0.002658843994140625}, "features.4.expand1x1": {"sample_kurtosis": 3.6150121963333737, "quant_sqnr": 32.48578603008599, "quant_mse": 2.613624747027643e-05, "quant_sparsity": 0.0673828125, "pruning_sqnr": 12.741292405563211, "pruning_mse": 0.00246429443359375, "pruning_sqnr_corrected": 11.987178867156413, "pruning_mse_corrected": 0.0029315948486328125}, "features.4.expand3x3": {"sample_kurtosis": 2.101300219138057, "quant_sqnr": 31.40767349648867, "quant_mse": 8.176565643225331e-06, "quant_sparsity": 0.0509982630610466, "pruning_sqnr": 12.21153321954705, "pruning_mse": 0.0006794929504394531, "pruning_sqnr_corrected": 11.609195068872927, "pruning_mse_corrected": 0.0007805824279785156}, "features.6.squeeze": {"sample_kurtosis": 3.762567537253645, "quant_sqnr": 29.80696354491961, "quant_mse": 3.187272523064166e-05, "quant_sparsity": 0.0712890625, "pruning_sqnr": 12.300958474546501, "pruning_mse": 0.0017948150634765625, "pruning_sqnr_corrected": 11.445008532505359, "pruning_mse_corrected": 0.002185821533203125}, "features.6.expand1x1": {"sample_kurtosis": 2.942222222222222, "quant_sqnr": 31.215069446702934, "quant_mse": 1.1096555681433529e-05, "quant_sparsity": 0.063720703125, "pruning_sqnr": 12.197470784748756, "pruning_mse": 0.000885009765625, "pruning_sqnr_corrected": 11.435399277250584, "pruning_mse_corrected": 0.0010547637939453125}, "features.6.expand3x3": {"sample_kurtosis": 5.797995799109014, "quant_sqnr": 27.234318332848865, "quant_mse": 6.649043370998697e-06, "quant_sparsity": 0.0711263045668602, "pruning_sqnr": 11.918135684848728, "pruning_mse": 0.00022614002227783203, "pruning_sqnr_corrected": 11.111847997997248, "pruning_mse_corrected": 0.0002722740173339844}, "features.7.squeeze": {"sample_kurtosis": 2.6692181530458274, "quant_sqnr": 30.40420554204929, "quant_mse": 1.3318797755346168e-05, "quant_sparsity": 0.058349609375, "pruning_sqnr": 11.848345381048741, "pruning_mse": 0.0009551048278808594, "pruning_sqnr_corrected": 11.158173948228736, "pruning_mse_corrected": 0.0011196136474609375}, "features.7.expand1x1": {"sample_kurtosis": 2.6761145529914296, "quant_sqnr": 30.158880185692354, "quant_mse": 1.4718011698278133e-05, "quant_sparsity": 0.052001953125, "pruning_sqnr": 11.387573608997066, "pruning_mse": 0.0011091232299804688, "pruning_sqnr_corrected": 10.785306174886282, "pruning_mse_corrected": 0.00127410888671875}, "features.7.expand3x3": {"sample_kurtosis": 5.206414443156376, "quant_sqnr": 27.782328640254995, "quant_mse": 6.188183306221617e-06, "quant_sparsity": 0.066650390625, "pruning_sqnr": 11.877047829209742, "pruning_mse": 0.0002410411834716797, "pruning_sqnr_corrected": 11.118294515901695, "pruning_mse_corrected": 0.00028705596923828125}, "features.9.squeeze": {"sample_kurtosis": 2.9784686471818853, "quant_sqnr": 29.128801215665344, "quant_mse": 1.4713532436871901e-05, "quant_sparsity": 0.0556640625, "pruning_sqnr": 11.496166409619534, "pruning_mse": 0.0008530616760253906, "pruning_sqnr_corrected": 10.870966643457244, "pruning_mse_corrected": 0.0009851455688476562}, "features.9.expand1x1": {"sample_kurtosis": 1.4400617476908097, "quant_sqnr": 32.025008900750834, "quant_mse": 4.429611180967186e-06, "quant_sparsity": 0.0370008684694767, "pruning_sqnr": 10.982465081313329, "pruning_mse": 0.0005631446838378906, "pruning_sqnr_corrected": 10.562191091832617, "pruning_mse_corrected": 0.0006203651428222656}, "features.9.expand3x3": {"sample_kurtosis": 5.758341925005297, "quant_sqnr": 26.63324289815805, "quant_mse": 4.931937382934848e-06, "quant_sparsity": 0.06797357648611069, "pruning_sqnr": 11.611059913129257, "pruning_mse": 0.00015676021575927734, "pruning_sqnr_corrected": 10.857949954148731, "pruning_mse_corrected": 0.00018644332885742188}, "features.10.squeeze": {"sample_kurtosis": 3.3271481963052993, "quant_sqnr": 29.65014464459233, "quant_mse": 8.339720807271078e-06, "quant_sparsity": 0.0501302070915699, "pruning_sqnr": 11.396100234585473, "pruning_mse": 0.0005578994750976562, "pruning_sqnr_corrected": 10.832916603704268, "pruning_mse_corrected": 0.0006351470947265625}, "features.10.expand1x1": {"sample_kurtosis": 2.136261184345331, "quant_sqnr": 28.535049391256425, "quant_mse": 1.0348097021051217e-05, "quant_sparsity": 0.0521918423473835, "pruning_sqnr": 10.861916190083615, "pruning_mse": 0.0006055831909179688, "pruning_sqnr_corrected": 10.283279275265826, "pruning_mse_corrected": 0.0006918907165527344}, "features.10.expand3x3": {"sample_kurtosis": 2.695305108997559, "quant_sqnr": 28.873756279191554, "quant_mse": 2.699461219890509e-06, "quant_sparsity": 0.05345775559544563, "pruning_sqnr": 11.005793907488552, "pruning_mse": 0.0001652240753173828, "pruning_sqnr_corrected": 10.414921229335658, "pruning_mse_corrected": 0.00018930435180664062}, "features.11.squeeze": {"sample_kurtosis": 3.061254642991928, "quant_sqnr": 29.474512089683095, "quant_mse": 6.987589586060494e-06, "quant_sparsity": 0.0494384765625, "pruning_sqnr": 11.182122152209962, "pruning_mse": 0.0004715919494628906, "pruning_sqnr_corrected": 10.630287505567178, "pruning_mse_corrected": 0.0005354881286621094}, "features.11.expand1x1": {"sample_kurtosis": 1.6306921696273138, "quant_sqnr": 30.832848731194602, "quant_mse": 3.936273060389794e-06, "quant_sparsity": 0.04132080078125, "pruning_sqnr": 10.486624812040823, "pruning_mse": 0.00042629241943359375, "pruning_sqnr_corrected": 10.032694845648473, "pruning_mse_corrected": 0.00047326087951660156}, "features.11.expand3x3": {"sample_kurtosis": 2.053465475117897, "quant_sqnr": 28.747894265070588, "quant_mse": 1.7965750203075004e-06, "quant_sparsity": 0.0489569790661335, "pruning_sqnr": 10.715591746291842, "pruning_mse": 0.00011420249938964844, "pruning_sqnr_corrected": 10.174949455231804, "pruning_mse_corrected": 0.00012934207916259766}, "features.12.squeeze": {"sample_kurtosis": 1.0755714096974502, "quant_sqnr": 31.10578345303432, "quant_mse": 4.131218247493962e-06, "quant_sparsity": 0.038726806640625, "pruning_sqnr": 10.341860715865048, "pruning_mse": 0.0004925727844238281, "pruning_sqnr_corrected": 9.921441310470732, "pruning_mse_corrected": 0.0005426406860351562}, "features.12.expand1x1": {"sample_kurtosis": 0.8944690770165642, "quant_sqnr": 32.892182754275034, "quant_mse": 5.1075921874144115e-06, "quant_sparsity": 0.02813720703125, "pruning_sqnr": 9.634213481476404, "pruning_mse": 0.0010814666748046875,