{"features.0": {"sample_kurtosis": 0.3012244897959184, "quant_sqnr": 41.88729380534922, "quant_mse": 4.4265839278523345e-06, "quant_sparsity": 0.017939815297722816, "pruning_sqnr": 12.561701338802724, "pruning_mse": 0.0037899017333984375, "pruning_sqnr_corrected": 12.30085545692395, "pruning_mse_corrected": 0.004024505615234375}, "features.3.squeeze": {"sample_kurtosis": 3.6873070271302613, "quant_sqnr": 38.29361564706197, "quant_mse": 1.1192810234206263e-05, "quant_sparsity": 0.0361328125, "pruning_sqnr": 15.608427432482301, "pruning_mse": 0.0020771026611328125, "pruning_sqnr_corrected": 15.069075464082735, "pruning_mse_corrected": 0.0023517608642578125}, "features.3.expand1x1": {"sample_kurtosis": 3.6718293821334074, "quant_sqnr": 38.293874275338226, "quant_mse": 6.956667675694916e-06, "quant_sparsity": 0.0576171875, "pruning_sqnr": 16.39310154667965, "pruning_mse": 0.0010776519775390625, "pruning_sqnr_corrected": 15.410187479039244, "pruning_mse_corrected": 0.0013513565063476562}, "features.3.expand3x3": {"sample_kurtosis": 7.216372685494175, "quant_sqnr": 32.11785780857218, "quant_mse": 5.3736293921247125e-06, "quant_sparsity": 0.0505642369389534, "pruning_sqnr": 15.182182318864655, "pruning_mse": 0.00026535987854003906, "pruning_sqnr_corrected": 14.444686006748084, "pruning_mse_corrected": 0.00031447410583496094}, "features.4.squeeze": {"sample_kurtosis": 1.5571177149857478, "quant_sqnr": 39.07532713609428, "quant_mse": 4.882203484157799e-06, "quant_sparsity": 0.03271484375, "pruning_sqnr": 14.278200194394465, "pruning_mse": 0.0014734268188476562, "pruning_sqnr_corrected": 13.782006155189721, "pruning_mse_corrected": 0.001651763916015625}, "features.4.expand1x1": {"sample_kurtosis": 3.6150121963333737, "quant_sqnr": 38.67990395777844, "quant_mse": 6.2781464293948375e-06, "quant_sparsity": 0.0380859375, "pruning_sqnr": 14.498844883906736, "pruning_mse": 0.001644134521484375, "pruning_sqnr_corrected": 13.957195065915132, "pruning_mse_corrected": 0.0018625259399414062}, "features.4.expand3x3": {"sample_kurtosis": 2.101300219138057, "quant_sqnr": 37.17881685537065, "quant_mse": 2.1649934751621913e-06, "quant_sparsity": 0.0262586809694767, "pruning_sqnr": 13.988475679994185, "pruning_mse": 0.0004513263702392578, "pruning_sqnr_corrected": 13.604476475413104, "pruning_mse_corrected": 0.0004930496215820312}, "features.6.squeeze": {"sample_kurtosis": 3.762567537253645, "quant_sqnr": 35.541187877821045, "quant_mse": 8.51131699164398e-06, "quant_sparsity": 0.040283203125, "pruning_sqnr": 14.102443379042436, "pruning_mse": 0.0011854171752929688, "pruning_sqnr_corrected": 13.512054772450508, "pruning_mse_corrected": 0.0013580322265625}, "features.6.expand1x1": {"sample_kurtosis": 2.942222222222222, "quant_sqnr": 37.11011103037329, "quant_mse": 2.855512320820708e-06, "quant_sparsity": 0.03955078125, "pruning_sqnr": 14.012538444511835, "pruning_mse": 0.0005826950073242188, "pruning_sqnr_corrected": 13.418869150719443, "pruning_mse_corrected": 0.0006680488586425781}, "features.6.expand3x3": {"sample_kurtosis": 5.797995799109014, "quant_sqnr": 32.418098008283195, "quant_mse": 2.015492555074161e-06, "quant_sparsity": 0.0423990897834301, "pruning_sqnr": 13.633500455511541, "pruning_mse": 0.00015234947204589844, "pruning_sqnr_corrected": 13.037469290684262, "pruning_mse_corrected": 0.0001747608184814453}, "features.7.squeeze": {"sample_kurtosis": 2.6692181530458274, "quant_sqnr": 35.900010109967475, "quant_mse": 3.757375225177384e-06, "quant_sparsity": 0.037841796875, "pruning_sqnr": 13.63644564534015, "pruning_mse": 0.0006327629089355469, "pruning_sqnr_corrected": 13.078262476228605, "pruning_mse_corrected": 0.0007195472717285156}, "features.7.expand1x1": {"sample_kurtosis": 2.6761145529914296, "quant_sqnr": 35.77055551008764, "quant_mse": 4.0427939893561415e-06, "quant_sparsity": 0.031494140625, "pruning_sqnr": 13.136366779292798, "pruning_mse": 0.0007414817810058594, "pruning_sqnr_corrected": 12.680747337246775, "pruning_mse_corrected": 0.0008234977722167969}, "features.7.expand3x3": {"sample_kurtosis": 5.206414443156376, "quant_sqnr": 33.06990927072378, "quant_mse": 1.8314923408979666e-06, "quant_sparsity": 0.0381130650639534, "pruning_sqnr": 13.609060865162196, "pruning_mse": 0.00016176700592041016, "pruning_sqnr_corrected": 13.065295987105443, "pruning_mse_corrected": 0.00018334388732910156}, "features.9.squeeze": {"sample_kurtosis": 2.9784686471818853, "quant_sqnr": 34.504973053874856, "quant_mse": 4.2667752495617606e-06, "quant_sparsity": 0.03076171875, "pruning_sqnr": 13.205197114319772, "pruning_mse": 0.0005755424499511719, "pruning_sqnr_corrected": 12.77071151948796, "pruning_mse_corrected": 0.0006361007690429688}, "features.9.expand1x1": {"sample_kurtosis": 1.4400617476908097, "quant_sqnr": 37.73453266934007, "quant_mse": 1.1896336218342185e-06, "quant_sparsity": 0.0184461809694767, "pruning_sqnr": 12.671350694895292, "pruning_mse": 0.00038170814514160156, "pruning_sqnr_corrected": 12.41077480030555, "pruning_mse_corrected": 0.00040531158447265625}, "features.9.expand3x3": {"sample_kurtosis": 5.758341925005297, "quant_sqnr": 31.175571905188846, "quant_mse": 1.7329444972347119e-06, "quant_sparsity": 0.04183545708656311, "pruning_sqnr": 13.294235193544715, "pruning_mse": 0.00010639429092407227, "pruning_sqnr_corrected": 12.712187350866131, "pruning_mse_corrected": 0.00012165307998657227}, "features.10.squeeze": {"sample_kurtosis": 3.3271481963052993, "quant_sqnr": 35.28506324441604, "quant_mse": 2.2785557121096645e-06, "quant_sparsity": 0.0276150181889534, "pruning_sqnr": 13.085226978871052, "pruning_mse": 0.0003781318664550781, "pruning_sqnr_corrected": 12.700273181547733, "pruning_mse_corrected": 0.0004131793975830078}, "features.10.expand1x1": {"sample_kurtosis": 2.136261184345331, "quant_sqnr": 34.10195972124148, "quant_mse": 2.871900960599305e-06, "quant_sparsity": 0.0301649309694767, "pruning_sqnr": 12.554968887207508, "pruning_mse": 0.0004100799560546875, "pruning_sqnr_corrected": 12.131870026262522, "pruning_mse_corrected": 0.0004520416259765625}, "features.10.expand3x3": {"sample_kurtosis": 2.695305108997559, "quant_sqnr": 34.08041916254776, "quant_mse": 8.139745091284567e-07, "quant_sparsity": 0.030261380597949028, "pruning_sqnr": 12.685222966719596, "pruning_mse": 0.00011223554611206055, "pruning_sqnr_corrected": 12.265638646356024, "pruning_mse_corrected": 0.00012362003326416016}, "features.11.squeeze": {"sample_kurtosis": 3.061254642991928, "quant_sqnr": 35.14300413346376, "quant_mse": 1.8944283510791138e-06, "quant_sparsity": 0.0255126953125, "pruning_sqnr": 12.866859866491833, "pruning_mse": 0.0003199577331542969, "pruning_sqnr_corrected": 12.509789507121665, "pruning_mse_corrected": 0.00034737586975097656}, "features.11.expand1x1": {"sample_kurtosis": 1.6306921696273138, "quant_sqnr": 36.37690780793544, "quant_mse": 1.0981946161336964e-06, "quant_sparsity": 0.02105712890625, "pruning_sqnr": 12.150262900455992, "pruning_mse": 0.0002906322479248047, "pruning_sqnr_corrected": 11.860855799513965, "pruning_mse_corrected": 0.00031065940856933594}, "features.11.expand3x3": {"sample_kurtosis": 2.053465475117897, "quant_sqnr": 33.7450712685842, "quant_mse": 5.68496318464895e-07, "quant_sparsity": 0.02840169332921505, "pruning_sqnr": 12.383441676974098, "pruning_mse": 7.778406143188477e-05, "pruning_sqnr_corrected": 11.989224505807394, "pruning_mse_corrected": 8.51750373840332e-05}, "features.12.squeeze": {"sample_kurtosis": 1.0755714096974502, "quant_sqnr": 36.43430833354771, "quant_mse": 1.2112272997910623e-06, "quant_sparsity": 0.02239990234375, "pruning_sqnr": 12.000972761147269, "pruning_mse": 0.0003361701965332031, "pruning_sqnr_corrected": 11.691905136060527, "pruning_mse_corrected": 0.0003609657287597656}, "features.12.expand1x1": {"sample_kurtosis": 0.8944690770165642, "quant_sqnr": 38.2894849913271, "quant_mse": 1.4739609923708485e-06, "quant_sparsity": 0.0167236328125, "pruning_sqnr": 11.25661495306092,