{"features.0": {"sample_kurtosis": 0.3012244897959184, "quant_sqnr": 13.838927041641323, "quant_mse": 0.0028242645785212517, "quant_sparsity": 0.2928240895271301, "pruning_sqnr": 4.804298103548347, "pruning_mse": 0.022613525390625, "pruning_sqnr_corrected": 3.5637110339295157, "pruning_mse_corrected": 0.03009033203125}, "features.3.squeeze": {"sample_kurtosis": 3.6873070271302613, "quant_sqnr": 11.339032743917647, "quant_mse": 0.00555133493617177, "quant_sparsity": 0.4794921875, "pruning_sqnr": 6.926145742555539, "pruning_mse": 0.0153350830078125, "pruning_sqnr_corrected": 4.231713346332295, "pruning_mse_corrected": 0.0285186767578125}, "features.3.expand1x1": {"sample_kurtosis": 3.6718293821334074, "quant_sqnr": 10.925077372393252, "quant_mse": 0.0037956044543534517, "quant_sparsity": 0.4892578125, "pruning_sqnr": 6.868649054781048, "pruning_mse": 0.0096588134765625, "pruning_sqnr_corrected": 4.098117974421673, "pruning_mse_corrected": 0.018280029296875}, "features.3.expand3x3": {"sample_kurtosis": 7.216372685494175, "quant_sqnr": 9.812996001048976, "quant_mse": 0.0009135953732766211, "quant_sparsity": 0.4856770932674408, "pruning_sqnr": 7.025820169081365, "pruning_mse": 0.001735687255859375, "pruning_sqnr_corrected": 4.6022628490877855, "pruning_mse_corrected": 0.003032684326171875}, "features.4.squeeze": {"sample_kurtosis": 1.5571177149857478, "quant_sqnr": 11.9147752435059, "quant_mse": 0.0025390489026904106, "quant_sparsity": 0.38330078125, "pruning_sqnr": 5.7033138621631, "pruning_mse": 0.01061248779296875, "pruning_sqnr_corrected": 3.922672378966674, "pruning_mse_corrected": 0.0159912109375}, "features.4.expand1x1": {"sample_kurtosis": 3.6150121963333737, "quant_sqnr": 10.172728679688722, "quant_mse": 0.004451936576515436, "quant_sparsity": 0.4453125, "pruning_sqnr": 6.52033966289801, "pruning_mse": 0.01032257080078125, "pruning_sqnr_corrected": 4.389394892023132, "pruning_mse_corrected": 0.0168609619140625}, "features.4.expand3x3": {"sample_kurtosis": 2.101300219138057, "quant_sqnr": 11.8212744400134, "quant_mse": 0.0007433799328282475, "quant_sparsity": 0.3621961772441864, "pruning_sqnr": 5.825764968009803, "pruning_mse": 0.002956390380859375, "pruning_sqnr_corrected": 4.111803589536789, "pruning_mse_corrected": 0.00438690185546875}, "features.6.squeeze": {"sample_kurtosis": 3.762567537253645, "quant_sqnr": 10.334632673875419, "quant_mse": 0.0028226191643625498, "quant_sparsity": 0.41552734375, "pruning_sqnr": 6.038023988082193, "pruning_mse": 0.00759124755859375, "pruning_sqnr_corrected": 4.141047587174817, "pruning_mse_corrected": 0.011749267578125}, "features.6.expand1x1": {"sample_kurtosis": 2.942222222222222, "quant_sqnr": 11.341554377667414, "quant_mse": 0.0010778037831187248, "quant_sparsity": 0.388427734375, "pruning_sqnr": 5.957852456990835, "pruning_mse": 0.00372314453125, "pruning_sqnr_corrected": 4.114662402291254, "pruning_mse_corrected": 0.0056915283203125}, "features.6.expand3x3": {"sample_kurtosis": 5.797995799109014, "quant_sqnr": 10.139885844469589, "quant_mse": 0.00034056688309647143, "quant_sparsity": 0.3838704526424408, "pruning_sqnr": 6.008839968863999, "pruning_mse": 0.0008816719055175781, "pruning_sqnr_corrected": 4.326138048048254, "pruning_mse_corrected": 0.0012989044189453125}, "features.7.squeeze": {"sample_kurtosis": 2.6692181530458274, "quant_sqnr": 11.088566020823713, "quant_mse": 0.0011377031914889812, "quant_sparsity": 0.3740234375, "pruning_sqnr": 5.722781396307093, "pruning_mse": 0.00391387939453125, "pruning_sqnr_corrected": 4.044485531133374, "pruning_mse_corrected": 0.00576019287109375}, "features.7.expand1x1": {"sample_kurtosis": 2.6761145529914296, "quant_sqnr": 10.729607635975569, "quant_mse": 0.0012905546464025974, "quant_sparsity": 0.38720703125, "pruning_sqnr": 5.499679846528691, "pruning_mse": 0.004302978515625, "pruning_sqnr_corrected": 3.8955692988235024, "pruning_mse_corrected": 0.0062255859375}, "features.7.expand3x3": {"sample_kurtosis": 5.206414443156376, "quant_sqnr": 10.263465233488208, "quant_mse": 0.0003495018754620105, "quant_sparsity": 0.3702256977558136, "pruning_sqnr": 5.910478779772914, "pruning_mse": 0.0009522438049316406, "pruning_sqnr_corrected": 4.263406552905613, "pruning_mse_corrected": 0.0013914108276367188}, "features.9.squeeze": {"sample_kurtosis": 2.9784686471818853, "quant_sqnr": 10.769525057277791, "quant_mse": 0.0010084272362291813, "quant_sparsity": 0.3702799677848816, "pruning_sqnr": 5.611178970611723, "pruning_mse": 0.003307342529296875, "pruning_sqnr_corrected": 4.0153266566297185, "pruning_mse_corrected": 0.0047760009765625}, "features.9.expand1x1": {"sample_kurtosis": 1.4400617476908097, "quant_sqnr": 11.891874564883, "quant_mse": 0.0004567505093291402, "quant_sparsity": 0.3167317807674408, "pruning_sqnr": 5.134405528877438, "pruning_mse": 0.0021648406982421875, "pruning_sqnr_corrected": 3.8289425956251018, "pruning_mse_corrected": 0.0029239654541015625}, "features.9.expand3x3": {"sample_kurtosis": 5.758341925005297, "quant_sqnr": 10.147163601142285, "quant_mse": 0.00021959653531666845, "quant_sparsity": 0.35451629757881165, "pruning_sqnr": 5.810617398026835, "pruning_mse": 0.0005960464477539062, "pruning_sqnr_corrected": 4.302439199010168, "pruning_mse_corrected": 0.0008435249328613281}, "features.10.squeeze": {"sample_kurtosis": 3.3271481963052993, "quant_sqnr": 10.633334213758243, "quant_mse": 0.0006650167051702738, "quant_sparsity": 0.3551432192325592, "pruning_sqnr": 5.615882729980237, "pruning_mse": 0.0021114349365234375, "pruning_sqnr_corrected": 4.114991451529175, "pruning_mse_corrected": 0.00298309326171875}, "features.10.expand1x1": {"sample_kurtosis": 2.136261184345331, "quant_sqnr": 11.573499251643584, "quant_mse": 0.0005140620050951838, "quant_sparsity": 0.3100043535232544, "pruning_sqnr": 5.091161655375074, "pruning_mse": 0.0022869110107421875, "pruning_sqnr_corrected": 3.8110947260450634, "pruning_mse_corrected": 0.003070831298828125}, "features.10.expand3x3": {"sample_kurtosis": 2.695305108997559, "quant_sqnr": 11.294597097461432, "quant_mse": 0.00015459413407370448, "quant_sparsity": 0.3072916567325592, "pruning_sqnr": 5.266734786236529, "pruning_mse": 0.0006194114685058594, "pruning_sqnr_corrected": 4.004828112495822, "pruning_mse_corrected": 0.0008282661437988281}, "features.11.squeeze": {"sample_kurtosis": 3.061254642991928, "quant_sqnr": 10.632540850665794, "quant_mse": 0.0005352103617042303, "quant_sparsity": 0.3468831479549408, "pruning_sqnr": 5.43800539271351, "pruning_mse": 0.00177001953125, "pruning_sqnr_corrected": 3.9907874707294244, "pruning_mse_corrected": 0.0024700164794921875}, "features.11.expand1x1": {"sample_kurtosis": 1.6306921696273138, "quant_sqnr": 11.761903411353194, "quant_mse": 0.00031781892175786197, "quant_sparsity": 0.301025390625, "pruning_sqnr": 4.873156037828364, "pruning_mse": 0.001552581787109375, "pruning_sqnr_corrected": 3.68556230986828, "pruning_mse_corrected": 0.002040863037109375}, "features.11.expand3x3": {"sample_kurtosis": 2.053465475117897, "quant_sqnr": 11.762889561005732, "quant_mse": 8.973168587544933e-05, "quant_sparsity": 0.3114081621170044, "pruning_sqnr": 5.029410725480398, "pruning_mse": 0.0004229545593261719, "pruning_sqnr_corrected": 3.771463420336435, "pruning_mse_corrected": 0.0005650520324707031}, "features.12.squeeze": {"sample_kurtosis": 1.0755714096974502, "quant_sqnr": 12.050050147979416, "quant_mse": 0.00033239269396290183, "quant_sparsity": 0.2904052734375, "pruning_sqnr": 4.772767207968204, "pruning_mse": 0.0017757415771484375, "pruning_sqnr_corrected": 3.6415946749305004, "pruning_mse_corrected": 0.0023040771484375}, "features.12.expand1x1": {"sample_kurtosis": 0.8944690770165642, "quant_sqnr": 12.792451375525422, "quant_mse": 0.0005226240027695894, "quant_sparsity": 0.24639892578125, "pruning_sqnr": 4.2897887165218425, "pruning_mse": 0.0037021636962890625, "pruning_sqnr_corrected": 3.3933396770622397, "pruning_mse_corrected": 0.004550933837890625},