{"features.0": {"sample_kurtosis": 5.3893899189249925, "quant_sqnr": 30.059809403908805, "quant_mse": 1.0963991371681914e-05, "quant_sparsity": 0.07157029211521149, "pruning_sqnr": 13.792435785698645, "pruning_mse": 0.0004642009735107422, "pruning_sqnr_corrected": 12.894853840195042, "pruning_mse_corrected": 0.0005707740783691406}, "features.3.squeeze": {"sample_kurtosis": 3.4349554404922307, "quant_sqnr": 32.1874863822426, "quant_mse": 2.3236567358253524e-05, "quant_sparsity": 0.056640625, "pruning_sqnr": 14.205453327392078, "pruning_mse": 0.0014600753784179688, "pruning_sqnr_corrected": 13.48562370876537, "pruning_mse_corrected": 0.0017232894897460938}, "features.3.expand1x1": {"sample_kurtosis": 2.8082211319387236, "quant_sqnr": 33.800288817919245, "quant_mse": 1.9832035832223482e-05, "quant_sparsity": 0.05859375, "pruning_sqnr": 14.33650586458655, "pruning_mse": 0.0017528533935546875, "pruning_sqnr_corrected": 13.611362725919383, "pruning_mse_corrected": 0.002071380615234375}, "features.3.expand3x3": {"sample_kurtosis": 9.978485264369585, "quant_sqnr": 26.634495083041475, "quant_mse": 1.234491810464533e-05, "quant_sparsity": 0.108289934694767, "pruning_sqnr": 13.70703918161019, "pruning_mse": 0.0002422332763671875, "pruning_sqnr_corrected": 12.446978561644364, "pruning_mse_corrected": 0.0003237724304199219}, "features.4.squeeze": {"sample_kurtosis": 3.605083470923261, "quant_sqnr": 33.14731938410793, "quant_mse": 1.4548332728736568e-05, "quant_sparsity": 0.05615234375, "pruning_sqnr": 13.636492209165741, "pruning_mse": 0.0012998580932617188, "pruning_sqnr_corrected": 12.962020133495972, "pruning_mse_corrected": 0.00151824951171875}, "features.4.expand1x1": {"sample_kurtosis": 2.8946810077267804, "quant_sqnr": 32.10621313131576, "quant_mse": 2.2717213141731918e-05, "quant_sparsity": 0.05078125, "pruning_sqnr": 12.420065231242855, "pruning_mse": 0.00211334228515625, "pruning_sqnr_corrected": 11.810360987467227, "pruning_mse_corrected": 0.0024318695068359375}, "features.4.expand3x3": {"sample_kurtosis": 5.382934443288242, "quant_sqnr": 30.683330100947167, "quant_mse": 6.46649186819559e-06, "quant_sparsity": 0.0654296875, "pruning_sqnr": 13.573988767120941, "pruning_mse": 0.0003323554992675781, "pruning_sqnr_corrected": 12.78425377371087, "pruning_mse_corrected": 0.0003986358642578125}, "features.5.squeeze": {"sample_kurtosis": 4.020304031222774, "quant_sqnr": 29.737405692719214, "quant_mse": 1.974362021428533e-05, "quant_sparsity": 0.060791015625, "pruning_sqnr": 12.098628032860606, "pruning_mse": 0.0011463165283203125, "pruning_sqnr_corrected": 11.402402571984336, "pruning_mse_corrected": 0.0013456344604492188}, "features.5.expand1x1": {"sample_kurtosis": 3.7779026414386125, "quant_sqnr": 30.10497433321246, "quant_mse": 9.85263704933459e-06, "quant_sparsity": 0.055419921875, "pruning_sqnr": 12.215342762894178, "pruning_mse": 0.0006060600280761719, "pruning_sqnr_corrected": 11.57477080000795, "pruning_mse_corrected": 0.0007023811340332031}, "features.5.expand3x3": {"sample_kurtosis": 4.003991372030006, "quant_sqnr": 25.949998842802135, "quant_mse": 9.285936357628088e-06, "quant_sparsity": 0.074598528444767, "pruning_sqnr": 11.569142390419316, "pruning_mse": 0.00025463104248046875, "pruning_sqnr_corrected": 10.732157233171986, "pruning_mse_corrected": 0.00030875205993652344}, "features.7.squeeze": {"sample_kurtosis": 14.204049392025638, "quant_sqnr": 23.291042642783616, "quant_mse": 7.459335029125214e-05, "quant_sparsity": 0.1201171875, "pruning_sqnr": 12.403593120109653, "pruning_mse": 0.0009150505065917969, "pruning_sqnr_corrected": 11.038089258586936, "pruning_mse_corrected": 0.0012531280517578125}, "features.7.expand1x1": {"sample_kurtosis": 2.0910330489982147, "quant_sqnr": 32.35126298935049, "quant_mse": 7.893971087469254e-06, "quant_sparsity": 0.039794921875, "pruning_sqnr": 11.843053661593528, "pruning_mse": 0.0008873939514160156, "pruning_sqnr_corrected": 11.389214221065178, "pruning_mse_corrected": 0.0009851455688476562}, "features.7.expand3x3": {"sample_kurtosis": 9.094286139013358, "quant_sqnr": 25.784091593336633, "quant_mse": 1.093656010198174e-05, "quant_sparsity": 0.0895182266831398, "pruning_sqnr": 12.447535163115734, "pruning_mse": 0.0002357959747314453, "pruning_sqnr_corrected": 11.44431765585602, "pruning_mse_corrected": 0.0002970695495605469}, "features.8.squeeze": {"sample_kurtosis": 4.5919983783227885, "quant_sqnr": 30.568018238983665, "quant_mse": 8.775885362410918e-06, "quant_sparsity": 0.05419921875, "pruning_sqnr": 12.213521292284462, "pruning_mse": 0.0006008148193359375, "pruning_sqnr_corrected": 11.60954112484881, "pruning_mse_corrected": 0.000690460205078125}, "features.8.expand1x1": {"sample_kurtosis": 4.624233589489009, "quant_sqnr": 29.031486315605566, "quant_mse": 6.898902029206511e-06, "quant_sparsity": 0.0771484375, "pruning_sqnr": 12.38132400343158, "pruning_mse": 0.0003190040588378906, "pruning_sqnr_corrected": 11.476313064138653, "pruning_mse_corrected": 0.000392913818359375}, "features.8.expand3x3": {"sample_kurtosis": 7.920673378710164, "quant_sqnr": 25.981486289172224, "quant_mse": 4.234129391988972e-06, "quant_sparsity": 0.35495033860206604, "pruning_sqnr": 17.954561085921142, "pruning_mse": 2.6881694793701172e-05, "pruning_sqnr_corrected": 10.928421901183587, "pruning_mse_corrected": 0.00013554096221923828}, "features.9.squeeze": {"sample_kurtosis": 4.358587696319262, "quant_sqnr": 29.057015058157937, "quant_mse": 8.275663276435807e-06, "quant_sparsity": 0.0625542551279068, "pruning_sqnr": 12.108883453384234, "pruning_mse": 0.00040984153747558594, "pruning_sqnr_corrected": 11.38454298620669, "pruning_mse_corrected": 0.00048422813415527344}, "features.9.expand1x1": {"sample_kurtosis": 2.0683924676598666, "quant_sqnr": 30.37932881235861, "quant_mse": 5.7258648666902445e-06, "quant_sparsity": 0.0533854179084301, "pruning_sqnr": 11.208922122621646, "pruning_mse": 0.0004730224609375, "pruning_sqnr_corrected": 10.604990330798707, "pruning_mse_corrected": 0.0005435943603515625}, "features.9.expand3x3": {"sample_kurtosis": 5.114168045980007, "quant_sqnr": 27.54164527929214, "quant_mse": 2.7984049211227102e-06, "quant_sparsity": 0.32841435074806213, "pruning_sqnr": 17.564780991605815, "pruning_mse": 2.7835369110107422e-05, "pruning_sqnr_corrected": 10.941652620967613, "pruning_mse_corrected": 0.00012791156768798828}, "features.10.squeeze": {"sample_kurtosis": 2.1137059064571595, "quant_sqnr": 30.121570778327925, "quant_mse": 5.690210855391342e-06, "quant_sparsity": 0.04931640625, "pruning_sqnr": 11.041630684894923, "pruning_mse": 0.0004603862762451172, "pruning_sqnr_corrected": 10.491047924565553, "pruning_mse_corrected": 0.000522613525390625}, "features.10.expand1x1": {"sample_kurtosis": 3.3648746941744365, "quant_sqnr": 30.41593645133153, "quant_mse": 4.526990778686013e-06, "quant_sparsity": 0.044677734375, "pruning_sqnr": 10.830223682157891, "pruning_mse": 0.0004115104675292969, "pruning_sqnr_corrected": 10.34956130028168, "pruning_mse_corrected": 0.0004596710205078125}, "features.10.expand3x3": {"sample_kurtosis": 4.567848346117427, "quant_sqnr": 25.895171714871942, "quant_mse": 3.906843176082475e-06, "quant_sparsity": 0.0659586563706398, "pruning_sqnr": 11.017879955804467, "pruning_mse": 0.00012010335922241211, "pruning_sqnr_corrected": 10.287567949893761, "pruning_mse_corrected": 0.00014209747314453125}, "features.12.squeeze": {"sample_kurtosis": 1.4745101737147204, "quant_sqnr": 29.842655950568005, "quant_mse": 6.285189556365367e-06, "quant_sparsity": 0.044097900390625, "pruning_sqnr": 10.604587572306436, "pruning_mse": 0.0005273818969726562, "pruning_sqnr_corrected": 10.12195413446526, "pruning_mse_corrected": 0.0005893707275390625}, "features.12.expand1x1": {"sample_kurtosis": 0.5305275237443676, "quant_sqnr": 33.723555075771685, "quant_mse": 4.6870882215444e-06, "quant_sparsity": 0.02728271484375, "pruning_sqnr": 9.704368636908367, "pruning_mse": 0.00118255615234375,