{"features.0": {"sample_kurtosis": 0.3012244897959184, "quant_sqnr": 8.183631067779288, "quant_mse": 0.010385680943727493, "quant_sparsity": 0.45543980598449707, "pruning_sqnr": 3.3741079362899056, "pruning_mse": 0.03143310546875, "pruning_sqnr_corrected": 2.0041332161837784, "pruning_mse_corrected": 0.0430908203125}, "features.3.squeeze": {"sample_kurtosis": 3.6873070271302613, "quant_sqnr": 6.631386750085829, "quant_mse": 0.016412019729614258, "quant_sparsity": 0.625, "pruning_sqnr": 5.112261023931999, "pruning_mse": 0.023284912109375, "pruning_sqnr_corrected": 2.439159436322954, "pruning_mse_corrected": 0.0430908203125}, "features.3.expand1x1": {"sample_kurtosis": 3.6718293821334074, "quant_sqnr": 6.556837740048405, "quant_mse": 0.010377790778875351, "quant_sparsity": 0.634765625, "pruning_sqnr": 4.979297607078585, "pruning_mse": 0.014923095703125, "pruning_sqnr_corrected": 2.42509259528183, "pruning_mse_corrected": 0.0268707275390625}, "features.3.expand3x3": {"sample_kurtosis": 7.216372685494175, "quant_sqnr": 5.948751662734759, "quant_mse": 0.0022242229897528887, "quant_sparsity": 0.6392143964767456, "pruning_sqnr": 5.407205916147029, "pruning_mse": 0.0025196075439453125, "pruning_sqnr_corrected": 2.8834351595173406, "pruning_mse_corrected": 0.004505157470703125}, "features.4.squeeze": {"sample_kurtosis": 1.5571177149857478, "quant_sqnr": 6.769113776594709, "quant_mse": 0.008303041569888592, "quant_sparsity": 0.56201171875, "pruning_sqnr": 4.158980051092226, "pruning_mse": 0.01514434814453125, "pruning_sqnr_corrected": 2.248258818259559, "pruning_mse_corrected": 0.0235137939453125}, "features.4.expand1x1": {"sample_kurtosis": 3.6150121963333737, "quant_sqnr": 5.4902535264571615, "quant_mse": 0.013085685670375824, "quant_sparsity": 0.6259765625, "pruning_sqnr": 4.946355022971682, "pruning_mse": 0.01483154296875, "pruning_sqnr_corrected": 2.658719363471917, "pruning_mse_corrected": 0.025115966796875}, "features.4.expand3x3": {"sample_kurtosis": 2.101300219138057, "quant_sqnr": 7.029192849036063, "quant_mse": 0.002240882022306323, "quant_sparsity": 0.5576171875, "pruning_sqnr": 4.249930084695804, "pruning_mse": 0.00424957275390625, "pruning_sqnr_corrected": 2.2958529432435966, "pruning_mse_corrected": 0.006664276123046875}, "features.6.squeeze": {"sample_kurtosis": 3.762567537253645, "quant_sqnr": 5.897642506595213, "quant_mse": 0.007840636186301708, "quant_sparsity": 0.564208984375, "pruning_sqnr": 4.5302282474785125, "pruning_mse": 0.0107421875, "pruning_sqnr_corrected": 2.651657457054152, "pruning_mse_corrected": 0.0165557861328125}, "features.6.expand1x1": {"sample_kurtosis": 2.942222222222222, "quant_sqnr": 6.658974373663867, "quant_mse": 0.0031680914107710123, "quant_sparsity": 0.529296875, "pruning_sqnr": 4.384870497351355, "pruning_mse": 0.00534820556640625, "pruning_sqnr_corrected": 2.5604064827732427, "pruning_mse_corrected": 0.00814056396484375}, "features.6.expand3x3": {"sample_kurtosis": 5.797995799109014, "quant_sqnr": 6.219638731530485, "quant_mse": 0.0008398991194553673, "quant_sparsity": 0.5351833701133728, "pruning_sqnr": 4.558646701151715, "pruning_mse": 0.0012311935424804688, "pruning_sqnr_corrected": 2.81008638602197, "pruning_mse_corrected": 0.0018415451049804688}, "features.7.squeeze": {"sample_kurtosis": 2.6692181530458274, "quant_sqnr": 6.389329182794232, "quant_mse": 0.003357010195031762, "quant_sparsity": 0.5135498046875, "pruning_sqnr": 4.232572074479948, "pruning_mse": 0.00551605224609375, "pruning_sqnr_corrected": 2.5708963947775536, "pruning_mse_corrected": 0.008087158203125}, "features.7.expand1x1": {"sample_kurtosis": 2.6761145529914296, "quant_sqnr": 6.023645139497072, "quant_mse": 0.0038139293901622295, "quant_sparsity": 0.488037109375, "pruning_sqnr": 4.127867706008251, "pruning_mse": 0.005901336669921875, "pruning_sqnr_corrected": 2.646181932740503, "pruning_mse_corrected": 0.00830078125}, "features.7.expand3x3": {"sample_kurtosis": 5.206414443156376, "quant_sqnr": 6.311299132086897, "quant_mse": 0.000868292641825974, "quant_sparsity": 0.5160590410232544, "pruning_sqnr": 4.433382761556529, "pruning_mse": 0.0013380050659179688, "pruning_sqnr_corrected": 2.7400619611081742, "pruning_mse_corrected": 0.00197601318359375}, "features.9.squeeze": {"sample_kurtosis": 2.9784686471818853, "quant_sqnr": 6.20907157196849, "quant_mse": 0.002881973050534725, "quant_sparsity": 0.5194498896598816, "pruning_sqnr": 4.177896867332501, "pruning_mse": 0.00460052490234375, "pruning_sqnr_corrected": 2.5609894585108823, "pruning_mse_corrected": 0.00667572021484375}, "features.9.expand1x1": {"sample_kurtosis": 1.4400617476908097, "quant_sqnr": 6.918273102240945, "quant_mse": 0.0014356189640238881, "quant_sparsity": 0.4541015625, "pruning_sqnr": 3.7586896108033967, "pruning_mse": 0.002971649169921875, "pruning_sqnr_corrected": 2.3964921406235065, "pruning_mse_corrected": 0.00406646728515625}, "features.9.expand3x3": {"sample_kurtosis": 5.758341925005297, "quant_sqnr": 6.197002114253869, "quant_mse": 0.0005453077028505504, "quant_sparsity": 0.5479239225387573, "pruning_sqnr": 4.3942386512941205, "pruning_mse": 0.0008258819580078125, "pruning_sqnr_corrected": 2.6534323226636465, "pruning_mse_corrected": 0.0012331008911132812}, "features.10.squeeze": {"sample_kurtosis": 3.3271481963052993, "quant_sqnr": 6.16838299018206, "quant_mse": 0.0018592067062854767, "quant_sparsity": 0.5285373330116272, "pruning_sqnr": 4.210444630591478, "pruning_mse": 0.002918243408203125, "pruning_sqnr_corrected": 2.578207073750553, "pruning_mse_corrected": 0.00424957275390625}, "features.10.expand1x1": {"sample_kurtosis": 2.136261184345331, "quant_sqnr": 6.9066957702607255, "quant_mse": 0.0015055523253977299, "quant_sparsity": 0.4353298544883728, "pruning_sqnr": 3.712417494666017, "pruning_mse": 0.0031414031982421875, "pruning_sqnr_corrected": 2.4432984053218427, "pruning_mse_corrected": 0.004207611083984375}, "features.10.expand3x3": {"sample_kurtosis": 2.695305108997559, "quant_sqnr": 6.866933961033592, "quant_mse": 0.00042850838508456945, "quant_sparsity": 0.44235870242118835, "pruning_sqnr": 3.8937492999582486, "pruning_mse": 0.0008497238159179688, "pruning_sqnr_corrected": 2.5826558712181247, "pruning_mse_corrected": 0.0011491775512695312}, "features.11.squeeze": {"sample_kurtosis": 3.061254642991928, "quant_sqnr": 6.231873335512867, "quant_mse": 0.001474318327382207, "quant_sparsity": 0.4973958432674408, "pruning_sqnr": 4.048176616678317, "pruning_mse": 0.002437591552734375, "pruning_sqnr_corrected": 2.543903629292812, "pruning_mse_corrected": 0.0034465789794921875}, "features.11.expand1x1": {"sample_kurtosis": 1.6306921696273138, "quant_sqnr": 7.057164834215442, "quant_mse": 0.0009389740880578756, "quant_sparsity": 0.46014404296875, "pruning_sqnr": 3.55364496231847, "pruning_mse": 0.0021038055419921875, "pruning_sqnr_corrected": 2.273849501508291, "pruning_mse_corrected": 0.0028247833251953125}, "features.11.expand3x3": {"sample_kurtosis": 2.053465475117897, "quant_sqnr": 7.166654249963349, "quant_mse": 0.0002585647744126618, "quant_sparsity": 0.40667724609375, "pruning_sqnr": 3.680793220633161, "pruning_mse": 0.0005769729614257812, "pruning_sqnr_corrected": 2.516582132181084, "pruning_mse_corrected": 0.0007543563842773438}, "features.12.squeeze": {"sample_kurtosis": 1.0755714096974502, "quant_sqnr": 7.088570801393333, "quant_mse": 0.001041836105287075, "quant_sparsity": 0.446685791015625, "pruning_sqnr": 3.468911240922054, "pruning_mse": 0.0023975372314453125, "pruning_sqnr_corrected": 2.2299012867516548, "pruning_mse_corrected": 0.0031890869140625}, "features.12.expand1x1": {"sample_kurtosis": 0.8944690770165642, "quant_sqnr": 7.764840007577115, "quant_mse": 0.0016632230253890157, "quant_sparsity": 0.3568115234375, "pruning_sqnr": 3.0707128370925254, "pruning_mse": 0.004901885986328125, "pruning_sqnr_corrected": 2.173173244221432, "pruning_mse_corrected": 0.0060272216796875}, "features.12.expand3x3": {"sample_kurtosis": 0.956831852575005,