{"features.0": {"sample_kurtosis": 5.3893899189249925, "quant_sqnr": 24.562132517058917, "quant_mse": 3.8880905776750296e-05, "quant_sparsity": 0.13718821108341217, "pruning_sqnr": 12.02335208300604, "pruning_mse": 0.0006976127624511719, "pruning_sqnr_corrected": 10.633044839487866, "pruning_mse_corrected": 0.0009608268737792969}, "features.3.squeeze": {"sample_kurtosis": 3.4349554404922307, "quant_sqnr": 26.287344018527023, "quant_mse": 9.040370059665293e-05, "quant_sparsity": 0.1087239608168602, "pruning_sqnr": 12.400325385465692, "pruning_mse": 0.0022125244140625, "pruning_sqnr_corrected": 11.26665555908806, "pruning_mse_corrected": 0.002872467041015625}, "features.3.expand1x1": {"sample_kurtosis": 2.8082211319387236, "quant_sqnr": 28.07710634126021, "quant_mse": 7.40773684810847e-05, "quant_sparsity": 0.11328125, "pruning_sqnr": 12.577168802731595, "pruning_mse": 0.002628326416015625, "pruning_sqnr_corrected": 11.42659765513481, "pruning_mse_corrected": 0.00342559814453125}, "features.3.expand3x3": {"sample_kurtosis": 9.978485264369585, "quant_sqnr": 21.94796039500947, "quant_mse": 3.6319652281235904e-05, "quant_sparsity": 0.1659071147441864, "pruning_sqnr": 12.055788166843628, "pruning_mse": 0.0003542900085449219, "pruning_sqnr_corrected": 10.496260024859087, "pruning_mse_corrected": 0.000507354736328125}, "features.4.squeeze": {"sample_kurtosis": 3.605083470923261, "quant_sqnr": 27.231402566933735, "quant_mse": 5.6807399232639e-05, "quant_sparsity": 0.10791015625, "pruning_sqnr": 11.934391785384818, "pruning_mse": 0.0019235610961914062, "pruning_sqnr_corrected": 10.855165562068724, "pruning_mse_corrected": 0.0024662017822265625}, "features.4.expand1x1": {"sample_kurtosis": 2.8946810077267804, "quant_sqnr": 26.21885905332021, "quant_mse": 8.81232408573851e-05, "quant_sparsity": 0.0966796875, "pruning_sqnr": 10.672237750973599, "pruning_mse": 0.0031604766845703125, "pruning_sqnr_corrected": 9.726790631475433, "pruning_mse_corrected": 0.00392913818359375}, "features.4.expand3x3": {"sample_kurtosis": 5.382934443288242, "quant_sqnr": 25.016495235849575, "quant_mse": 2.3842523660277948e-05, "quant_sparsity": 0.1212022602558136, "pruning_sqnr": 11.873729895265868, "pruning_mse": 0.0004916191101074219, "pruning_sqnr_corrected": 10.674121980776093, "pruning_mse_corrected": 0.0006480216979980469}, "features.5.squeeze": {"sample_kurtosis": 4.020304031222774, "quant_sqnr": 24.37986605311722, "quant_mse": 6.779235991416499e-05, "quant_sparsity": 0.110107421875, "pruning_sqnr": 10.482207903562328, "pruning_mse": 0.0016632080078125, "pruning_sqnr_corrected": 9.46555680773034, "pruning_mse_corrected": 0.002101898193359375}, "features.5.expand1x1": {"sample_kurtosis": 3.7779026414386125, "quant_sqnr": 24.52580370085969, "quant_mse": 3.560160257620737e-05, "quant_sparsity": 0.1123046875, "pruning_sqnr": 10.601544916243519, "pruning_mse": 0.0008788108825683594, "pruning_sqnr_corrected": 9.56463969433283, "pruning_mse_corrected": 0.0011157989501953125}, "features.5.expand3x3": {"sample_kurtosis": 4.003991372030006, "quant_sqnr": 22.254829294651035, "quant_mse": 2.1744161131209694e-05, "quant_sparsity": 0.0913628488779068, "pruning_sqnr": 9.98811624234724, "pruning_mse": 0.00036644935607910156, "pruning_sqnr_corrected": 9.157391186037021, "pruning_mse_corrected": 0.0004436969757080078}, "features.7.squeeze": {"sample_kurtosis": 14.204049392025638, "quant_sqnr": 18.712923342017188, "quant_mse": 0.00021404842846095562, "quant_sparsity": 0.1947021484375, "pruning_sqnr": 10.787650558079122, "pruning_mse": 0.0013275146484375, "pruning_sqnr_corrected": 9.030899869919436, "pruning_mse_corrected": 0.0019893646240234375}, "features.7.expand1x1": {"sample_kurtosis": 2.0910330489982147, "quant_sqnr": 26.8761647054352, "quant_mse": 2.7848727768287063e-05, "quant_sparsity": 0.076904296875, "pruning_sqnr": 10.252692277931652, "pruning_mse": 0.0012798309326171875, "pruning_sqnr_corrected": 9.551900502972355, "pruning_mse_corrected": 0.0015039443969726562}, "features.7.expand3x3": {"sample_kurtosis": 9.094286139013358, "quant_sqnr": 21.119476092507252, "quant_mse": 3.2014173484640196e-05, "quant_sparsity": 0.1420084685087204, "pruning_sqnr": 10.86134943564224, "pruning_mse": 0.00033974647521972656, "pruning_sqnr_corrected": 9.573276950306903, "pruning_mse_corrected": 0.0004570484161376953}, "features.8.squeeze": {"sample_kurtosis": 4.5919983783227885, "quant_sqnr": 24.96198641424359, "quant_mse": 3.1907598895486444e-05, "quant_sparsity": 0.1015625, "pruning_sqnr": 10.640440994768245, "pruning_mse": 0.0008630752563476562, "pruning_sqnr_corrected": 9.714746560118462, "pruning_mse_corrected": 0.001068115234375}, "features.8.expand1x1": {"sample_kurtosis": 4.624233589489009, "quant_sqnr": 23.66784614565113, "quant_mse": 2.3721600882709026e-05, "quant_sparsity": 0.1245659738779068, "pruning_sqnr": 10.721109201071783, "pruning_mse": 0.00046753883361816406, "pruning_sqnr_corrected": 9.543175495227779, "pruning_mse_corrected": 0.0006132125854492188}, "features.8.expand3x3": {"sample_kurtosis": 7.920673378710164, "quant_sqnr": 22.146501023226488, "quant_mse": 1.0239120456390083e-05, "quant_sparsity": 0.3965446650981903, "pruning_sqnr": 14.769670582039636, "pruning_mse": 5.59687614440918e-05, "pruning_sqnr_corrected": 8.9308894198656, "pruning_mse_corrected": 0.00021469593048095703}, "features.9.squeeze": {"sample_kurtosis": 4.358587696319262, "quant_sqnr": 24.042538400237838, "quant_mse": 2.6257324861944653e-05, "quant_sparsity": 0.1075846329331398, "pruning_sqnr": 10.492677728829518, "pruning_mse": 0.0005946159362792969, "pruning_sqnr_corrected": 9.508974776376654, "pruning_mse_corrected": 0.0007457733154296875}, "features.9.expand1x1": {"sample_kurtosis": 2.0683924676598666, "quant_sqnr": 25.08018009183924, "quant_mse": 1.9397955838940106e-05, "quant_sparsity": 0.0869140625, "pruning_sqnr": 9.62371655625373, "pruning_mse": 0.0006814002990722656, "pruning_sqnr_corrected": 8.836465214508326, "pruning_mse_corrected": 0.0008168220520019531}, "features.9.expand3x3": {"sample_kurtosis": 5.114168045980007, "quant_sqnr": 23.5454955613923, "quant_mse": 7.023046237009112e-06, "quant_sparsity": 0.38164302706718445, "pruning_sqnr": 14.359004160079206, "pruning_mse": 5.823373794555664e-05, "pruning_sqnr_corrected": 8.69251271243179, "pruning_mse_corrected": 0.00021469593048095703}, "features.10.squeeze": {"sample_kurtosis": 2.1137059064571595, "quant_sqnr": 25.016036632965225, "quant_mse": 1.843663994804956e-05, "quant_sparsity": 0.0806884765625, "pruning_sqnr": 9.480931664955952, "pruning_mse": 0.0006594657897949219, "pruning_sqnr_corrected": 8.759291618682376, "pruning_mse_corrected": 0.0007786750793457031}, "features.10.expand1x1": {"sample_kurtosis": 3.3648746941744365, "quant_sqnr": 24.946954290189346, "quant_mse": 1.594805871718563e-05, "quant_sparsity": 0.07672119140625, "pruning_sqnr": 9.337425857009338, "pruning_mse": 0.0005803108215332031, "pruning_sqnr_corrected": 8.679699105772485, "pruning_mse_corrected": 0.000675201416015625}, "features.10.expand3x3": {"sample_kurtosis": 4.567848346117427, "quant_sqnr": 22.07329463956851, "quant_mse": 9.419192792847753e-06, "quant_sparsity": 0.0984700545668602, "pruning_sqnr": 9.466705582983442, "pruning_mse": 0.000171661376953125, "pruning_sqnr_corrected": 8.597672109361325, "pruning_mse_corrected": 0.00020968914031982422}, "features.12.squeeze": {"sample_kurtosis": 1.4745101737147204, "quant_sqnr": 24.855295213530887, "quant_mse": 1.9817754946416244e-05, "quant_sparsity": 0.074462890625, "pruning_sqnr": 9.080376991593498, "pruning_mse": 0.0007491111755371094, "pruning_sqnr_corrected": 8.429510154068296, "pruning_mse_corrected": 0.0008702278137207031}, "features.12.expand1x1": {"sample_kurtosis": 0.5305275237443676, "quant_sqnr": 28.185341269401466, "quant_mse": 1.67773941939231e-05, "quant_sparsity": 0.04779052734375, "pruning_sqnr": 8.215656438701407, "pruning_mse": 0.0016660690307617188, "pruning_sqnr_corrected": 7.81236435975009,