{"features.0": {"sample_kurtosis": 0.3012244897959184, "quant_sqnr": 30.122158685764028, "quant_mse": 6.646334804827347e-05, "quant_sparsity": 0.06655092537403107, "pruning_sqnr": 9.136878477124224, "pruning_mse": 0.00833892822265625, "pruning_sqnr_corrected": 8.53318370260948, "pruning_mse_corrected": 0.00958251953125}, "features.3.squeeze": {"sample_kurtosis": 3.6873070271302613, "quant_sqnr": 26.42850197577797, "quant_mse": 0.00017196913540828973, "quant_sparsity": 0.12890625, "pruning_sqnr": 11.947501018281873, "pruning_mse": 0.004825592041015625, "pruning_sqnr_corrected": 10.615647506529715, "pruning_mse_corrected": 0.006557464599609375}, "features.3.expand1x1": {"sample_kurtosis": 3.6718293821334074, "quant_sqnr": 26.54219742207502, "quant_mse": 0.00010412833944428712, "quant_sparsity": 0.1533203125, "pruning_sqnr": 12.329961103921539, "pruning_mse": 0.00274658203125, "pruning_sqnr_corrected": 10.666646886256288, "pruning_mse_corrected": 0.0040283203125}, "features.3.expand3x3": {"sample_kurtosis": 7.216372685494175, "quant_sqnr": 22.221525082041804, "quant_mse": 5.2468782087089494e-05, "quant_sparsity": 0.1358506977558136, "pruning_sqnr": 11.744850337520436, "pruning_mse": 0.0005855560302734375, "pruning_sqnr_corrected": 10.451478953406646, "pruning_mse_corrected": 0.0007886886596679688}, "features.4.squeeze": {"sample_kurtosis": 1.5571177149857478, "quant_sqnr": 27.486828298242607, "quant_mse": 7.038267358439043e-05, "quant_sparsity": 0.09228515625, "pruning_sqnr": 10.575603141955245, "pruning_mse": 0.00345611572265625, "pruning_sqnr_corrected": 9.658584253439876, "pruning_mse_corrected": 0.004268646240234375}, "features.4.expand1x1": {"sample_kurtosis": 3.6150121963333737, "quant_sqnr": 26.395175475385578, "quant_mse": 0.00010624396963976324, "quant_sparsity": 0.11328125, "pruning_sqnr": 11.147129180706798, "pruning_mse": 0.0035572052001953125, "pruning_sqnr_corrected": 10.062676081449943, "pruning_mse_corrected": 0.004566192626953125}, "features.4.expand3x3": {"sample_kurtosis": 2.101300219138057, "quant_sqnr": 26.104860682154705, "quant_mse": 2.7723765015252866e-05, "quant_sparsity": 0.0883246511220932, "pruning_sqnr": 10.544065061039976, "pruning_mse": 0.0009975433349609375, "pruning_sqnr_corrected": 9.687687626359212, "pruning_mse_corrected": 0.0012149810791015625}, "features.6.squeeze": {"sample_kurtosis": 3.762567537253645, "quant_sqnr": 24.407043883155318, "quant_mse": 0.0001105124392779544, "quant_sparsity": 0.113037109375, "pruning_sqnr": 10.603583408898608, "pruning_mse": 0.0026531219482421875, "pruning_sqnr_corrected": 9.525341277065525, "pruning_mse_corrected": 0.0034008026123046875}, "features.6.expand1x1": {"sample_kurtosis": 2.942222222222222, "quant_sqnr": 25.65301543726884, "quant_mse": 3.9938669942785054e-05, "quant_sparsity": 0.10498046875, "pruning_sqnr": 10.524806843732776, "pruning_mse": 0.001300811767578125, "pruning_sqnr_corrected": 9.527777711810511, "pruning_mse_corrected": 0.001636505126953125}, "features.6.expand3x3": {"sample_kurtosis": 5.797995799109014, "quant_sqnr": 22.481448333623135, "quant_mse": 1.986306051549036e-05, "quant_sparsity": 0.1145290806889534, "pruning_sqnr": 10.327648063254566, "pruning_mse": 0.0003261566162109375, "pruning_sqnr_corrected": 9.298018105693625, "pruning_mse_corrected": 0.0004134178161621094}, "features.7.squeeze": {"sample_kurtosis": 2.6692181530458274, "quant_sqnr": 25.27874728345024, "quant_mse": 4.335217090556398e-05, "quant_sparsity": 0.0972900390625, "pruning_sqnr": 10.19647867044341, "pruning_mse": 0.0013971328735351562, "pruning_sqnr_corrected": 9.282870655951248, "pruning_mse_corrected": 0.0017242431640625}, "features.7.expand1x1": {"sample_kurtosis": 2.6761145529914296, "quant_sqnr": 24.83071684564844, "quant_mse": 5.0195580115541816e-05, "quant_sparsity": 0.093017578125, "pruning_sqnr": 9.779949884645243, "pruning_mse": 0.001605987548828125, "pruning_sqnr_corrected": 8.940687089957073, "pruning_mse_corrected": 0.0019483566284179688}, "features.7.expand3x3": {"sample_kurtosis": 5.206414443156376, "quant_sqnr": 22.765333430866374, "quant_mse": 1.9645482097985223e-05, "quant_sparsity": 0.115370012819767, "pruning_sqnr": 10.281030827275382, "pruning_mse": 0.00034809112548828125, "pruning_sqnr_corrected": 9.243462087034969, "pruning_mse_corrected": 0.0004420280456542969}, "features.9.squeeze": {"sample_kurtosis": 2.9784686471818853, "quant_sqnr": 24.243219791044925, "quant_mse": 4.5318454795051366e-05, "quant_sparsity": 0.0890299528837204, "pruning_sqnr": 9.922938581980317, "pruning_mse": 0.0012254714965820312, "pruning_sqnr_corrected": 9.11987496283039, "pruning_mse_corrected": 0.0014743804931640625}, "features.9.expand1x1": {"sample_kurtosis": 1.4400617476908097, "quant_sqnr": 26.55133773516098, "quant_mse": 1.5621859347447753e-05, "quant_sparsity": 0.0723741352558136, "pruning_sqnr": 9.413267032057467, "pruning_mse": 0.0008082389831542969, "pruning_sqnr_corrected": 8.76692045825511, "pruning_mse_corrected": 0.0009379386901855469}, "features.9.expand3x3": {"sample_kurtosis": 5.758341925005297, "quant_sqnr": 22.219736169599198, "quant_mse": 1.3625995052279904e-05, "quant_sparsity": 0.11099054664373398, "pruning_sqnr": 10.056429485883234, "pruning_mse": 0.00022423267364501953, "pruning_sqnr_corrected": 9.071197411685958, "pruning_mse_corrected": 0.00028133392333984375}, "features.10.squeeze": {"sample_kurtosis": 3.3271481963052993, "quant_sqnr": 24.41904292772989, "quant_mse": 2.7813886845251545e-05, "quant_sparsity": 0.0881618931889534, "pruning_sqnr": 9.830039287120275, "pruning_mse": 0.0008001327514648438, "pruning_sqnr_corrected": 9.048159484564598, "pruning_mse_corrected": 0.0009579658508300781}, "features.10.expand1x1": {"sample_kurtosis": 2.136261184345331, "quant_sqnr": 23.983699094116204, "quant_mse": 2.9511787943192758e-05, "quant_sparsity": 0.0825737863779068, "pruning_sqnr": 9.31118710592187, "pruning_mse": 0.0008654594421386719, "pruning_sqnr_corrected": 8.583656223343862, "pruning_mse_corrected": 0.0010232925415039062}, "features.10.expand3x3": {"sample_kurtosis": 2.695305108997559, "quant_sqnr": 24.008469499675734, "quant_mse": 8.275719665107317e-06, "quant_sparsity": 0.09054301679134369, "pruning_sqnr": 9.45677430763112, "pruning_mse": 0.00023603439331054688, "pruning_sqnr_corrected": 8.657656639681313, "pruning_mse_corrected": 0.0002837181091308594}, "features.11.squeeze": {"sample_kurtosis": 3.061254642991928, "quant_sqnr": 24.24469449521302, "quant_mse": 2.3297490770346485e-05, "quant_sparsity": 0.0895182341337204, "pruning_sqnr": 9.629590973572949, "pruning_mse": 0.0006742477416992188, "pruning_sqnr_corrected": 8.842388042790745, "pruning_mse_corrected": 0.0008082389831542969}, "features.11.expand1x1": {"sample_kurtosis": 1.6306921696273138, "quant_sqnr": 25.79314857217936, "quant_mse": 1.2561897165142e-05, "quant_sparsity": 0.07025146484375, "pruning_sqnr": 8.965383779052953, "pruning_mse": 0.0006051063537597656, "pruning_sqnr_corrected": 8.362424760180442, "pruning_mse_corrected": 0.0006952285766601562}, "features.11.expand3x3": {"sample_kurtosis": 2.053465475117897, "quant_sqnr": 24.383573168077945, "quant_mse": 4.907693892164389e-06, "quant_sparsity": 0.075941301882267, "pruning_sqnr": 9.177920323309538, "pruning_mse": 0.0001627206802368164, "pruning_sqnr_corrected": 8.51254504061147, "pruning_mse_corrected": 0.00018966197967529297}, "features.12.squeeze": {"sample_kurtosis": 1.0755714096974502, "quant_sqnr": 26.07744065190407, "quant_mse": 1.3149596270523034e-05, "quant_sparsity": 0.06494140625, "pruning_sqnr": 8.830420669808145, "pruning_mse": 0.0006976127624511719, "pruning_sqnr_corrected": 8.268721552637867, "pruning_mse_corrected": 0.0007939338684082031}, "features.12.expand1x1": {"sample_kurtosis": 0.8944690770165642, "quant_sqnr": 27.78614664621076, "quant_mse": 1.655083178775385e-05, "quant_sparsity": 0.049560546875, "pruning_sqnr": 8.158186269033967, "pruning_mse": 0.0015192031860351562, "pruning_sqnr_corrected": 7.742524866107335,