{"features.0": {"sample_kurtosis": 5.3893899189249925, "quant_sqnr": 35.679898148569855, "quant_mse": 3.0057981348363683e-06, "quant_sparsity": 0.038336168974637985, "pruning_sqnr": 15.665190045780594, "pruning_mse": 0.00030159950256347656, "pruning_sqnr_corrected": 15.081409989708588, "pruning_mse_corrected": 0.00034499168395996094}, "features.3.squeeze": {"sample_kurtosis": 3.4349554404922307, "quant_sqnr": 38.08394500428641, "quant_mse": 5.977589808026096e-06, "quant_sparsity": 0.03515625, "pruning_sqnr": 16.105438497877778, "pruning_mse": 0.0009427070617675781, "pruning_sqnr_corrected": 15.551407671760112, "pruning_mse_corrected": 0.0010709762573242188}, "features.3.expand1x1": {"sample_kurtosis": 2.8082211319387236, "quant_sqnr": 39.799150383745065, "quant_mse": 4.982888185622869e-06, "quant_sparsity": 0.0283203125, "pruning_sqnr": 16.173696065869418, "pruning_mse": 0.001148223876953125, "pruning_sqnr_corrected": 15.757802152359211, "pruning_mse_corrected": 0.0012636184692382812}, "features.3.expand3x3": {"sample_kurtosis": 9.978485264369585, "quant_sqnr": 32.14240146906632, "quant_mse": 3.4729423532553483e-06, "quant_sparsity": 0.0707465261220932, "pruning_sqnr": 15.482938532778942, "pruning_mse": 0.0001609325408935547, "pruning_sqnr_corrected": 14.458855590521637, "pruning_mse_corrected": 0.00020372867584228516}, "features.4.squeeze": {"sample_kurtosis": 3.605083470923261, "quant_sqnr": 38.98841297888683, "quant_mse": 3.7905642784608062e-06, "quant_sparsity": 0.0302734375, "pruning_sqnr": 15.463220414353355, "pruning_mse": 0.0008535385131835938, "pruning_sqnr_corrected": 15.00321996005522, "pruning_mse_corrected": 0.0009489059448242188}, "features.4.expand1x1": {"sample_kurtosis": 2.8946810077267804, "quant_sqnr": 38.05509857190567, "quant_mse": 5.773863449576311e-06, "quant_sparsity": 0.0263671875, "pruning_sqnr": 14.229260632463811, "pruning_mse": 0.0013933181762695312, "pruning_sqnr_corrected": 13.848155917874777, "pruning_mse_corrected": 0.0015211105346679688}, "features.4.expand3x3": {"sample_kurtosis": 5.382934443288242, "quant_sqnr": 36.41663886637252, "quant_mse": 1.7271810293095768e-06, "quant_sparsity": 0.0361328125, "pruning_sqnr": 15.383461390879734, "pruning_mse": 0.00021910667419433594, "pruning_sqnr_corrected": 14.850461029169074, "pruning_mse_corrected": 0.00024771690368652344}, "features.5.squeeze": {"sample_kurtosis": 4.020304031222774, "quant_sqnr": 35.52870186117889, "quant_mse": 5.2035193220945075e-06, "quant_sparsity": 0.029541015625, "pruning_sqnr": 13.845112222043301, "pruning_mse": 0.000766754150390625, "pruning_sqnr_corrected": 13.41843651121055, "pruning_mse_corrected": 0.0008459091186523438}, "features.5.expand1x1": {"sample_kurtosis": 3.7779026414386125, "quant_sqnr": 35.75967251106446, "quant_mse": 2.679678345884895e-06, "quant_sparsity": 0.030029296875, "pruning_sqnr": 13.947307956759028, "pruning_mse": 0.0004067420959472656, "pruning_sqnr_corrected": 13.51859502490742, "pruning_mse_corrected": 0.0004489421844482422}, "features.5.expand3x3": {"sample_kurtosis": 4.003991372030006, "quant_sqnr": 30.938468599711317, "quant_mse": 2.9442774120980175e-06, "quant_sparsity": 0.0455729179084301, "pruning_sqnr": 13.266476403058839, "pruning_mse": 0.0001722574234008789, "pruning_sqnr_corrected": 12.630195464360558, "pruning_mse_corrected": 0.00019943714141845703}, "features.7.squeeze": {"sample_kurtosis": 14.204049392025638, "quant_sqnr": 28.919625404992484, "quant_mse": 2.0409945136634633e-05, "quant_sparsity": 0.066162109375, "pruning_sqnr": 14.141933181582335, "pruning_mse": 0.0006132125854492188, "pruning_sqnr_corrected": 13.20673599353237, "pruning_mse_corrected": 0.0007605552673339844}, "features.7.expand1x1": {"sample_kurtosis": 2.0910330489982147, "quant_sqnr": 38.21256291059481, "quant_mse": 2.0472248252190184e-06, "quant_sparsity": 0.01953125, "pruning_sqnr": 13.55408013473063, "pruning_mse": 0.0005984306335449219, "pruning_sqnr_corrected": 13.272711622781106, "pruning_mse_corrected": 0.0006384849548339844}, "features.7.expand3x3": {"sample_kurtosis": 9.094286139013358, "quant_sqnr": 30.897523640387448, "quant_mse": 3.369283376741805e-06, "quant_sparsity": 0.0519748255610466, "pruning_sqnr": 14.148483963107497, "pruning_mse": 0.00015938282012939453, "pruning_sqnr_corrected": 13.423227166183116, "pruning_mse_corrected": 0.00018835067749023438}, "features.8.squeeze": {"sample_kurtosis": 4.5919983783227885, "quant_sqnr": 36.26813618758708, "quant_mse": 2.361995939281769e-06, "quant_sparsity": 0.02815755270421505, "pruning_sqnr": 13.90773643178486, "pruning_mse": 0.0004067420959472656, "pruning_sqnr_corrected": 13.513757981159156, "pruning_mse_corrected": 0.00044536590576171875}, "features.8.expand1x1": {"sample_kurtosis": 4.624233589489009, "quant_sqnr": 34.64960011083028, "quant_mse": 1.8922067965831957e-06, "quant_sparsity": 0.0483940988779068, "pruning_sqnr": 14.147108097380876, "pruning_mse": 0.0002124309539794922, "pruning_sqnr_corrected": 13.442272311272545, "pruning_mse_corrected": 0.0002498626708984375}, "features.8.expand3x3": {"sample_kurtosis": 7.920673378710164, "quant_sqnr": 30.23852989043052, "quant_mse": 1.588765371707268e-06, "quant_sparsity": 0.27733170986175537, "pruning_sqnr": 21.943601453667686, "pruning_mse": 1.0728836059570312e-05, "pruning_sqnr_corrected": 14.146033682677066, "pruning_mse_corrected": 6.461143493652344e-05}, "features.9.squeeze": {"sample_kurtosis": 4.358587696319262, "quant_sqnr": 34.17493031133831, "quant_mse": 2.546896439525881e-06, "quant_sparsity": 0.0370008684694767, "pruning_sqnr": 13.862223339635209, "pruning_mse": 0.00027370452880859375, "pruning_sqnr_corrected": 13.328895295611252, "pruning_mse_corrected": 0.0003094673156738281}, "features.9.expand1x1": {"sample_kurtosis": 2.0683924676598666, "quant_sqnr": 36.13400899381217, "quant_mse": 1.5218543012451846e-06, "quant_sparsity": 0.0302734375, "pruning_sqnr": 12.936037306664652, "pruning_mse": 0.0003178119659423828, "pruning_sqnr_corrected": 12.505260700788444, "pruning_mse_corrected": 0.0003509521484375}, "features.9.expand3x3": {"sample_kurtosis": 5.114168045980007, "quant_sqnr": 32.18920526970576, "quant_mse": 9.597421239959658e-07, "quant_sparsity": 0.237087681889534, "pruning_sqnr": 21.562820355087773, "pruning_mse": 1.1086463928222656e-05, "pruning_sqnr_corrected": 14.662766027536954, "pruning_mse_corrected": 5.429983139038086e-05}, "features.10.squeeze": {"sample_kurtosis": 2.1137059064571595, "quant_sqnr": 35.536423802151724, "quant_mse": 1.6354717899957905e-06, "quant_sparsity": 0.02791341207921505, "pruning_sqnr": 12.736697546883427, "pruning_mse": 0.0003116130828857422, "pruning_sqnr_corrected": 12.343057085091104, "pruning_mse_corrected": 0.00034117698669433594}, "features.10.expand1x1": {"sample_kurtosis": 3.3648746941744365, "quant_sqnr": 36.1090962989599, "quant_mse": 1.2203759069961961e-06, "quant_sparsity": 0.026611328125, "pruning_sqnr": 12.463448092488571, "pruning_mse": 0.00028252601623535156, "pruning_sqnr_corrected": 12.101472965711865, "pruning_mse_corrected": 0.0003070831298828125}, "features.10.expand3x3": {"sample_kurtosis": 4.567848346117427, "quant_sqnr": 30.28606818477425, "quant_mse": 1.4214655266187037e-06, "quant_sparsity": 0.0424262173473835, "pruning_sqnr": 12.699769486734775, "pruning_mse": 8.153915405273438e-05, "pruning_sqnr_corrected": 12.112712883356505, "pruning_mse_corrected": 9.334087371826172e-05}, "features.12.squeeze": {"sample_kurtosis": 1.4745101737147204, "quant_sqnr": 35.329046412471364, "quant_mse": 1.7769668829714647e-06, "quant_sparsity": 0.023834228515625, "pruning_sqnr": 12.268425383295492, "pruning_mse": 0.00035953521728515625, "pruning_sqnr_corrected": 11.938563269264455, "pruning_mse_corrected": 0.0003879070281982422}, "features.12.expand1x1": {"sample_kurtosis": 0.5305275237443676, "quant_sqnr": 39.513468733848356, "quant_mse": 1.2356963452475611e-06, "quant_sparsity": 0.01409912109375, "pruning_sqnr": 11.31892434124899, "pruning_mse": 0.0008153915405273438,