{"backbone.features.0": {"sample_kurtosis": -0.29162448979591815, "quant_sqnr": 42.95904566117949, "quant_mse": 2.161591055482859e-06, "quant_sparsity": 0.011574074625968933, "pruning_sqnr": 10.546809183716839, "pruning_mse": 0.0037670135498046875, "pruning_sqnr_corrected": 10.40617850908264, "pruning_mse_corrected": 0.0038909912109375}, "backbone.features.2": {"sample_kurtosis": 3.5175994171520006, "quant_sqnr": 36.701990770963384, "quant_mse": 3.90681748285715e-07, "quant_sparsity": 0.0362141914665699, "pruning_sqnr": 15.650556200503853, "pruning_mse": 4.976987838745117e-05, "pruning_sqnr_corrected": 15.090184902451396, "pruning_mse_corrected": 5.6624412536621094e-05}, "backbone.features.5": {"sample_kurtosis": 13.380369918021831, "quant_sqnr": 29.677992646585047, "quant_mse": 1.5210933952403138e-06, "quant_sparsity": 0.07275390625, "pruning_sqnr": 16.611844980831908, "pruning_mse": 3.081560134887695e-05, "pruning_sqnr_corrected": 15.54473581691493, "pruning_mse_corrected": 3.93986701965332e-05}, "backbone.features.7": {"sample_kurtosis": 5.664590337874815, "quant_sqnr": 33.372055678353775, "quant_mse": 3.3979418390117644e-07, "quant_sparsity": 0.0454169400036335, "pruning_sqnr": 15.031918034254419, "pruning_mse": 2.3186206817626953e-05, "pruning_sqnr_corrected": 14.370432027383178, "pruning_mse_corrected": 2.7000904083251953e-05}, "backbone.features.10": {"sample_kurtosis": 8.472565354783109, "quant_sqnr": 28.966895773291906, "quant_mse": 5.716264581678843e-07, "quant_sparsity": 0.0569390207529068, "pruning_sqnr": 14.298154755961265, "pruning_mse": 1.6748905181884766e-05, "pruning_sqnr_corrected": 13.49605095223552, "pruning_mse_corrected": 2.014636993408203e-05}, "backbone.features.12": {"sample_kurtosis": 6.04410677051326, "quant_sqnr": 27.79060933778358, "quant_mse": 4.064461620600923e-07, "quant_sparsity": 0.0535702183842659, "pruning_sqnr": 12.905645619858163, "pruning_mse": 1.2516975402832031e-05, "pruning_sqnr_corrected": 12.165845096239991, "pruning_mse_corrected": 1.4841556549072266e-05}, "backbone.features.14": {"sample_kurtosis": 5.725207100591716, "quant_sqnr": 28.5167216864321, "quant_mse": 3.519195672652131e-07, "quant_sparsity": 0.0454813651740551, "pruning_sqnr": 12.629999971816321, "pruning_mse": 1.3649463653564453e-05, "pruning_sqnr_corrected": 12.012315526516893, "pruning_mse_corrected": 1.5735626220703125e-05}, "backbone.features.17": {"sample_kurtosis": 2.9682626414407034, "quant_sqnr": 30.838371062199595, "quant_mse": 1.436879557559223e-07, "quant_sparsity": 0.03776804730296135, "pruning_sqnr": 12.432608971382395, "pruning_mse": 9.953975677490234e-06, "pruning_sqnr_corrected": 11.91819519022143, "pruning_mse_corrected": 1.1205673217773438e-05}, "backbone.features.19": {"sample_kurtosis": 3.53724666887988, "quant_sqnr": 32.64977734400678, "quant_mse": 5.252344692507904e-08, "quant_sparsity": 0.029187096282839775, "pruning_sqnr": 12.323272445862894, "pruning_mse": 5.662441253662109e-06, "pruning_sqnr_corrected": 11.888615508051991, "pruning_mse_corrected": 6.258487701416016e-06}, "backbone.features.21": {"sample_kurtosis": 8.51609809939122, "quant_sqnr": 30.95797086534681, "quant_mse": 5.827559590443343e-08, "quant_sparsity": 0.0394219309091568, "pruning_sqnr": 13.006738706076149, "pruning_mse": 3.635883331298828e-06, "pruning_sqnr_corrected": 12.471546148811266, "pruning_mse_corrected": 4.112720489501953e-06}, "backbone.extra.0.1": {"sample_kurtosis": 7.081855657712877, "quant_sqnr": 30.071264511489566, "quant_mse": 7.587311756651616e-08, "quant_sparsity": 0.04207611083984375, "pruning_sqnr": 13.057543023487943, "pruning_mse": 3.814697265625e-06, "pruning_sqnr_corrected": 12.427025566017054, "pruning_mse_corrected": 4.410743713378906e-06}, "backbone.extra.0.3": {"sample_kurtosis": 11.095172484480555, "quant_sqnr": 29.75559318935273, "quant_mse": 6.942375563312453e-08, "quant_sparsity": 0.04504987969994545, "pruning_sqnr": 12.859124632992602, "pruning_mse": 3.3974647521972656e-06, "pruning_sqnr_corrected": 12.288739623288961, "pruning_mse_corrected": 3.874301910400391e-06}, "backbone.extra.0.5": {"sample_kurtosis": 17.0390767117561, "quant_sqnr": 28.674129297854343, "quant_mse": 7.457582995584744e-08, "quant_sparsity": 0.055795032531023026, "pruning_sqnr": 13.849473244368191, "pruning_mse": 2.2649765014648438e-06, "pruning_sqnr_corrected": 13.115184072782856, "pruning_mse_corrected": 2.682209014892578e-06}, "backbone.extra.0.7.1": {"sample_kurtosis": 45.19654122378627, "quant_sqnr": 23.5526682525662, "quant_mse": 1.5545359133284364e-07, "quant_sparsity": 0.1519654542207718, "pruning_sqnr": 16.924062348336303, "pruning_mse": 7.152557373046875e-07, "pruning_sqnr_corrected": 14.705574852172742, "pruning_mse_corrected": 1.1920928955078125e-06}, "backbone.extra.0.7.3": {"sample_kurtosis": 9.521389716800217, "quant_sqnr": 30.49761241332328, "quant_mse": 8.700967413233229e-08, "quant_sparsity": 0.05837821960449219, "pruning_sqnr": 15.608361656365979, "pruning_mse": 2.682209014892578e-06, "pruning_sqnr_corrected": 14.736859899176975, "pruning_mse_corrected": 3.2782554626464844e-06}, "backbone.extra.1.0": {"sample_kurtosis": 9.970130935708601, "quant_sqnr": 28.793678548465124, "quant_mse": 2.697447882837878e-07, "quant_sparsity": 0.07604598999023438, "pruning_sqnr": 16.05621887536868, "pruning_mse": 5.066394805908203e-06, "pruning_sqnr_corrected": 14.858227905809791, "pruning_mse_corrected": 6.67572021484375e-06}, "backbone.extra.1.2": {"sample_kurtosis": -3.0, "quant_sqnr": 31.959296679124243, "quant_mse": 3.43936790159205e-08, "quant_sparsity": 0.0541415736079216, "pruning_sqnr": 15.421548497059952, "pruning_mse": 1.5497207641601562e-06, "pruning_sqnr_corrected": 14.519782193569071, "pruning_mse_corrected": 1.9073486328125e-06}, "backbone.extra.2.0": {"sample_kurtosis": 6.7523325777153875, "quant_sqnr": 31.792523308633704, "quant_mse": 2.917592780704581e-07, "quant_sparsity": 0.0670166015625, "pruning_sqnr": 16.843054716695363, "pruning_mse": 9.119510650634766e-06, "pruning_sqnr_corrected": 15.723317122256045, "pruning_mse_corrected": 1.1801719665527344e-05}, "backbone.extra.2.2": {"sample_kurtosis": 5.422263364404159, "quant_sqnr": 35.21446700331213, "quant_mse": 3.5809144094400835e-08, "quant_sparsity": 0.0443996861577034, "pruning_sqnr": 16.011905326153336, "pruning_mse": 2.9802322387695312e-06, "pruning_sqnr_corrected": 15.220092865677087, "pruning_mse_corrected": 3.5762786865234375e-06}, "backbone.extra.3.0": {"sample_kurtosis": 5.824352863574177, "quant_sqnr": 33.102493001384985, "quant_mse": 2.707564306092536e-07, "quant_sparsity": 0.05859375, "pruning_sqnr": 17.00376247815848, "pruning_mse": 1.1026859283447266e-05, "pruning_sqnr_corrected": 16.058201402012692, "pruning_mse_corrected": 1.3709068298339844e-05}, "backbone.extra.3.2": {"sample_kurtosis": 7.534190942859798, "quant_sqnr": 33.31059546925927, "quant_mse": 3.5125612640740655e-08, "quant_sparsity": 0.0565083809196949, "pruning_sqnr": 16.700395863963436, "pruning_mse": 1.6093254089355469e-06, "pruning_sqnr_corrected": 15.828894106774435, "pruning_mse_corrected": 1.9669532775878906e-06}, "backbone.extra.4.0": {"sample_kurtosis": 4.63778334595886, "quant_sqnr": 35.71685183159244, "quant_mse": 1.065590922166848e-07, "quant_sparsity": 0.042572021484375, "pruning_sqnr": 17.48448629763437, "pruning_mse": 7.092952728271484e-06, "pruning_sqnr_corrected": 16.841165047547314, "pruning_mse_corrected": 8.225440979003906e-06}, "backbone.extra.4.2": {"sample_kurtosis": -3.0, "quant_sqnr": 32.67788277772445, "quant_mse": 2.7507931932291285e-08, "quant_sparsity": 0.0588717982172966, "pruning_sqnr": 17.858380790499346, "pruning_mse": 8.344650268554688e-07, "pruning_sqnr_corrected": 17.015171933498987, "pruning_mse_corrected": 1.0132789611816406e-06}, "head.classification_head.module_list.0": {"sample_kurtosis": 84.99549088672491, "quant_sqnr": 21.990470243506394, "quant_mse": 1.4902864222676726e-06, "quant_sparsity": 0.31548038125038147, "pruning_sqnr": 23.92916682321729,