{"backbone.features.0": {"sample_kurtosis": -0.29162448979591815, "quant_sqnr": 31.258838575729435, "quant_mse": 3.197379919583909e-05, "quant_sparsity": 0.0364583320915699, "pruning_sqnr": 7.79005167773939, "pruning_mse": 0.007106781005859375, "pruning_sqnr_corrected": 7.523335471316345, "pruning_mse_corrected": 0.007556915283203125}, "backbone.features.2": {"sample_kurtosis": 3.5175994171520006, "quant_sqnr": 25.61437299880554, "quant_mse": 5.018626779929036e-06, "quant_sparsity": 0.1180284321308136, "pruning_sqnr": 11.973761440139556, "pruning_mse": 0.00011605024337768555, "pruning_sqnr_corrected": 10.744495862109408, "pruning_mse_corrected": 0.00015401840209960938}, "backbone.features.5": {"sample_kurtosis": 13.380369918021831, "quant_sqnr": 21.02764903970584, "quant_mse": 1.1147827535751276e-05, "quant_sparsity": 0.197170689702034, "pruning_sqnr": 13.102170519502147, "pruning_mse": 6.914138793945312e-05, "pruning_sqnr_corrected": 11.169964663079488, "pruning_mse_corrected": 0.00010788440704345703}, "backbone.features.7": {"sample_kurtosis": 5.664590337874815, "quant_sqnr": 22.933782863789368, "quant_mse": 3.7587481074297102e-06, "quant_sparsity": 0.1343112587928772, "pruning_sqnr": 11.556235127338027, "pruning_mse": 5.161762237548828e-05, "pruning_sqnr_corrected": 10.25698561974769, "pruning_mse_corrected": 6.961822509765625e-05}, "backbone.features.10": {"sample_kurtosis": 8.472565354783109, "quant_sqnr": 20.97263551560183, "quant_mse": 3.601955540943891e-06, "quant_sparsity": 0.1362236887216568, "pruning_sqnr": 10.974848568800745, "pruning_mse": 3.600120544433594e-05, "pruning_sqnr_corrected": 9.727259151333381, "pruning_mse_corrected": 4.798173904418945e-05}, "backbone.features.12": {"sample_kurtosis": 6.04410677051326, "quant_sqnr": 21.044591034462833, "quant_mse": 1.9213428004150046e-06, "quant_sparsity": 0.1004435196518898, "pruning_sqnr": 9.68345267251897, "pruning_mse": 2.6285648345947266e-05, "pruning_sqnr_corrected": 8.79586591613166, "pruning_mse_corrected": 3.224611282348633e-05}, "backbone.features.14": {"sample_kurtosis": 5.725207100591716, "quant_sqnr": 21.488035042610797, "quant_mse": 1.7754648524714867e-06, "quant_sparsity": 0.101453997194767, "pruning_sqnr": 9.443171004814063, "pruning_mse": 2.8431415557861328e-05, "pruning_sqnr_corrected": 8.564226324091207, "pruning_mse_corrected": 3.4809112548828125e-05}, "backbone.features.17": {"sample_kurtosis": 2.9682626414407034, "quant_sqnr": 22.6154484738992, "quant_mse": 9.543608712192508e-07, "quant_sparsity": 0.09450700879096985, "pruning_sqnr": 9.243981243392419, "pruning_mse": 2.0742416381835938e-05, "pruning_sqnr_corrected": 8.416952724501545, "pruning_mse_corrected": 2.5093555450439453e-05}, "backbone.features.19": {"sample_kurtosis": 3.53724666887988, "quant_sqnr": 23.933468241581814, "quant_mse": 3.9082661373868177e-07, "quant_sparsity": 0.07964960485696793, "pruning_sqnr": 9.133856596136061, "pruning_mse": 1.1801719665527344e-05, "pruning_sqnr_corrected": 8.445628649842376, "pruning_mse_corrected": 1.3828277587890625e-05}, "backbone.features.21": {"sample_kurtosis": 8.51609809939122, "quant_sqnr": 22.27323991963841, "quant_mse": 4.3048677866863727e-07, "quant_sparsity": 0.1114654541015625, "pruning_sqnr": 9.787937359705136, "pruning_mse": 7.62939453125e-06, "pruning_sqnr_corrected": 8.818837229624572, "pruning_mse_corrected": 9.5367431640625e-06}, "backbone.extra.0.1": {"sample_kurtosis": 7.081855657712877, "quant_sqnr": 21.72250489156077, "quant_mse": 5.187569058762165e-07, "quant_sparsity": 0.1053992360830307, "pruning_sqnr": 9.816005078376755, "pruning_mse": 8.046627044677734e-06, "pruning_sqnr_corrected": 8.866249946068187, "pruning_mse_corrected": 1.0013580322265625e-05}, "backbone.extra.0.3": {"sample_kurtosis": 11.095172484480555, "quant_sqnr": 21.859048817788373, "quant_mse": 4.2772293795678706e-07, "quant_sparsity": 0.10483254492282867, "pruning_sqnr": 9.699053116656264, "pruning_mse": 7.033348083496094e-06, "pruning_sqnr_corrected": 8.774344631873147, "pruning_mse_corrected": 8.702278137207031e-06}, "backbone.extra.0.5": {"sample_kurtosis": 17.0390767117561, "quant_sqnr": 20.454855838857164, "quant_mse": 4.949091021444474e-07, "quant_sparsity": 0.1457010954618454, "pruning_sqnr": 10.616409340616856, "pruning_mse": 4.76837158203125e-06, "pruning_sqnr_corrected": 9.273044231130058, "pruning_mse_corrected": 6.496906280517578e-06}, "backbone.extra.0.7.1": {"sample_kurtosis": 45.19654122378627, "quant_sqnr": 16.209074257967092, "quant_mse": 8.43257396354602e-07, "quant_sparsity": 0.297039657831192, "pruning_sqnr": 13.24429449539036, "pruning_mse": 1.6689300537109375e-06, "pruning_sqnr_corrected": 10.391937210582869, "pruning_mse_corrected": 3.2186508178710938e-06}, "backbone.extra.0.7.3": {"sample_kurtosis": 9.521389716800217, "quant_sqnr": 22.23488872053762, "quant_mse": 5.832300757901976e-07, "quant_sparsity": 0.14275836944580078, "pruning_sqnr": 12.012114547067691, "pruning_mse": 6.139278411865234e-06, "pruning_sqnr_corrected": 10.556861873166918, "pruning_mse_corrected": 8.58306884765625e-06}, "backbone.extra.1.0": {"sample_kurtosis": 9.970130935708601, "quant_sqnr": 20.726885198804418, "quant_mse": 1.7283527995459735e-06, "quant_sparsity": 0.17987442016601562, "pruning_sqnr": 12.318447558306717, "pruning_mse": 1.1980533599853516e-05, "pruning_sqnr_corrected": 10.450823338263259, "pruning_mse_corrected": 1.8417835235595703e-05}, "backbone.extra.1.2": {"sample_kurtosis": -3.0, "quant_sqnr": 22.796171650185837, "quant_mse": 2.8365545290398586e-07, "quant_sparsity": 0.1462537944316864, "pruning_sqnr": 11.647365081785592, "pruning_mse": 3.6954879760742188e-06, "pruning_sqnr_corrected": 10.176089450581944, "pruning_mse_corrected": 5.185604095458984e-06}, "backbone.extra.2.0": {"sample_kurtosis": 6.7523325777153875, "quant_sqnr": 22.354619912736524, "quant_mse": 2.5633919449319365e-06, "quant_sparsity": 0.1792755126953125, "pruning_sqnr": 12.869335395754266, "pruning_mse": 2.276897430419922e-05, "pruning_sqnr_corrected": 10.89400411229311, "pruning_mse_corrected": 3.5881996154785156e-05}, "backbone.extra.2.2": {"sample_kurtosis": 5.422263364404159, "quant_sqnr": 24.843752147257717, "quant_mse": 3.900007357060531e-07, "quant_sparsity": 0.1380683034658432, "pruning_sqnr": 11.963568159953955, "pruning_mse": 7.569789886474609e-06, "pruning_sqnr_corrected": 10.448880318480462, "pruning_mse_corrected": 1.0728836059570312e-05}, "backbone.extra.3.0": {"sample_kurtosis": 5.824352863574177, "quant_sqnr": 23.09396565303631, "quant_mse": 2.712885816436028e-06, "quant_sparsity": 0.157257080078125, "pruning_sqnr": 13.095365795617495, "pruning_mse": 2.7120113372802734e-05, "pruning_sqnr_corrected": 11.356782019383605, "pruning_mse_corrected": 4.0471553802490234e-05}, "backbone.extra.3.2": {"sample_kurtosis": 7.534190942859798, "quant_sqnr": 23.707911572530087, "quant_mse": 3.205474286005483e-07, "quant_sparsity": 0.159698486328125, "pruning_sqnr": 12.753285478545042, "pruning_mse": 3.993511199951172e-06, "pruning_sqnr_corrected": 10.928031787934131, "pruning_mse_corrected": 6.079673767089844e-06}, "backbone.extra.4.0": {"sample_kurtosis": 4.63778334595886, "quant_sqnr": 24.63073803907138, "quant_mse": 1.368364792142529e-06, "quant_sparsity": 0.1488037109375, "pruning_sqnr": 13.630977483994197, "pruning_mse": 1.722574234008789e-05, "pruning_sqnr_corrected": 11.895183209952362, "pruning_mse_corrected": 2.568960189819336e-05}, "backbone.extra.4.2": {"sample_kurtosis": -3.0, "quant_sqnr": 23.562853954509645, "quant_mse": 2.243679517732744e-07, "quant_sparsity": 0.1547953337430954, "pruning_sqnr": 13.756636139608853, "pruning_mse": 2.1457672119140625e-06, "pruning_sqnr_corrected": 11.837780877219721, "pruning_mse_corrected": 3.337860107421875e-06}, "head.classification_head.module_list.0": {"sample_kurtosis": 84.99549088672491, "quant_sqnr": 16.192868322726984, "quant_mse": 5.662783223669976e-06, "quant_sparsity": 0.5897489786148071, "pruning_sqnr": 20.288349409106587,