{"backbone.features.0": {"sample_kurtosis": -0.29162448979591815, "quant_sqnr": 8.494101019062827, "quant_mse": 0.006043214350938797, "quant_sparsity": 0.3240740895271301, "pruning_sqnr": 2.87891700248725, "pruning_mse": 0.0220184326171875, "pruning_sqnr_corrected": 2.0288091054037634, "pruning_mse_corrected": 0.0267791748046875}, "backbone.features.2": {"sample_kurtosis": 3.5175994171520006, "quant_sqnr": 5.728185558553919, "quant_mse": 0.0004888815456070006, "quant_sparsity": 0.6290419101715088, "pruning_sqnr": 5.117701012359184, "pruning_mse": 0.0005626678466796875, "pruning_sqnr_corrected": 2.5649759613261236, "pruning_mse_corrected": 0.0010128021240234375}, "backbone.features.5": {"sample_kurtosis": 13.380369918021831, "quant_sqnr": 5.616392302337109, "quant_mse": 0.00038753944681957364, "quant_sparsity": 0.7392985224723816, "pruning_sqnr": 6.464836425871865, "pruning_mse": 0.00031876564025878906, "pruning_sqnr_corrected": 3.0931943988716815, "pruning_mse_corrected": 0.0006928443908691406}, "backbone.features.7": {"sample_kurtosis": 5.664590337874815, "quant_sqnr": 6.236761518815628, "quant_mse": 0.0001756893179845065, "quant_sparsity": 0.5801052451133728, "pruning_sqnr": 5.11533038719092, "pruning_mse": 0.00022745132446289062, "pruning_sqnr_corrected": 2.866900815038875, "pruning_mse_corrected": 0.00038170814514160156}, "backbone.features.10": {"sample_kurtosis": 8.472565354783109, "quant_sqnr": 6.049704545758687, "quant_mse": 0.00011190035002073273, "quant_sparsity": 0.6159498691558838, "pruning_sqnr": 4.979487924343193, "pruning_mse": 0.00014317035675048828, "pruning_sqnr_corrected": 2.777666458615884, "pruning_mse_corrected": 0.0002377033233642578}, "backbone.features.12": {"sample_kurtosis": 6.04410677051326, "quant_sqnr": 6.701446633567212, "quant_mse": 5.222991239861585e-05, "quant_sparsity": 0.5135124921798706, "pruning_sqnr": 4.067679799563909, "pruning_mse": 9.578466415405273e-05, "pruning_sqnr_corrected": 2.506785374259625, "pruning_mse_corrected": 0.00013720989227294922}, "backbone.features.14": {"sample_kurtosis": 5.725207100591716, "quant_sqnr": 6.598476103177284, "quant_mse": 5.473535929922946e-05, "quant_sparsity": 0.4873470664024353, "pruning_sqnr": 3.952058299505116, "pruning_mse": 0.00010067224502563477, "pruning_sqnr_corrected": 2.5250747174200976, "pruning_mse_corrected": 0.0001398324966430664}, "backbone.features.17": {"sample_kurtosis": 2.9682626414407034, "quant_sqnr": 6.747911205139188, "quant_mse": 3.685244882944971e-05, "quant_sparsity": 0.49113211035728455, "pruning_sqnr": 3.785509112495374, "pruning_mse": 7.289648056030273e-05, "pruning_sqnr_corrected": 2.373204101768876, "pruning_mse_corrected": 0.00010091066360473633}, "backbone.features.19": {"sample_kurtosis": 3.53724666887988, "quant_sqnr": 6.491150223307763, "quant_mse": 2.1687821572413668e-05, "quant_sparsity": 0.557084858417511, "pruning_sqnr": 3.712017591378819, "pruning_mse": 4.112720489501953e-05, "pruning_sqnr_corrected": 2.1005084987513727, "pruning_mse_corrected": 5.9604644775390625e-05}, "backbone.features.21": {"sample_kurtosis": 8.51609809939122, "quant_sqnr": 5.9498019613132325, "quant_mse": 1.8463057131157257e-05, "quant_sparsity": 0.36911138892173767, "pruning_sqnr": 4.213617300622564, "pruning_mse": 2.753734588623047e-05, "pruning_sqnr_corrected": 3.1148673988983235, "pruning_mse_corrected": 3.546476364135742e-05}, "backbone.extra.0.1": {"sample_kurtosis": 7.081855657712877, "quant_sqnr": 5.856033614237813, "quant_mse": 2.0026775018777698e-05, "quant_sparsity": 0.38460370898246765, "pruning_sqnr": 4.1908735705545155, "pruning_mse": 2.9385089874267578e-05, "pruning_sqnr_corrected": 3.043992482638283, "pruning_mse_corrected": 3.826618194580078e-05}, "backbone.extra.0.3": {"sample_kurtosis": 11.095172484480555, "quant_sqnr": 6.118137747411808, "quant_mse": 1.6041820344980806e-05, "quant_sparsity": 0.3892555236816406, "pruning_sqnr": 4.144214623790192, "pruning_mse": 2.5272369384765625e-05, "pruning_sqnr_corrected": 2.9906218766705353, "pruning_mse_corrected": 3.2961368560791016e-05}, "backbone.extra.0.5": {"sample_kurtosis": 17.0390767117561, "quant_sqnr": 5.582094000325388, "quant_mse": 1.5198531400528736e-05, "quant_sparsity": 0.4599122107028961, "pruning_sqnr": 4.775925455764428, "pruning_mse": 1.8298625946044922e-05, "pruning_sqnr_corrected": 3.2724119154111864, "pruning_mse_corrected": 2.586841583251953e-05}, "backbone.extra.0.7.1": {"sample_kurtosis": 45.19654122378627, "quant_sqnr": 4.599194212183805, "quant_mse": 1.2216538380016573e-05, "quant_sparsity": 0.7120431065559387, "pruning_sqnr": 6.677837599252985, "pruning_mse": 7.569789886474609e-06, "pruning_sqnr_corrected": 3.5996777491802523, "pruning_mse_corrected": 1.537799835205078e-05}, "backbone.extra.0.7.3": {"sample_kurtosis": 9.521389716800217, "quant_sqnr": 6.187945549141544, "quant_mse": 2.3471142412745394e-05, "quant_sparsity": 0.6730508804321289, "pruning_sqnr": 5.283069408096778, "pruning_mse": 2.8908252716064453e-05, "pruning_sqnr_corrected": 2.545303024389432, "pruning_mse_corrected": 5.429983139038086e-05}, "backbone.extra.1.0": {"sample_kurtosis": 9.970130935708601, "quant_sqnr": 5.514023599456872, "quant_mse": 5.7400880905333906e-05, "quant_sparsity": 0.5889778137207031, "pruning_sqnr": 5.442581214480228, "pruning_mse": 5.835294723510742e-05, "pruning_sqnr_corrected": 3.084409080438031, "pruning_mse_corrected": 0.0001004338264465332}, "backbone.extra.1.2": {"sample_kurtosis": -3.0, "quant_sqnr": 5.803529271684653, "quant_mse": 1.4192384696798399e-05, "quant_sparsity": 0.7090080976486206, "pruning_sqnr": 5.053417621525229, "pruning_mse": 1.6868114471435547e-05, "pruning_sqnr_corrected": 2.2312891113842612, "pruning_mse_corrected": 3.230571746826172e-05}, "backbone.extra.2.0": {"sample_kurtosis": 6.7523325777153875, "quant_sqnr": 5.517716984098964, "quant_mse": 0.00012373863137327135, "quant_sparsity": 0.690338134765625, "pruning_sqnr": 5.547082415396377, "pruning_mse": 0.00012290477752685547, "pruning_sqnr_corrected": 2.549437964999161, "pruning_mse_corrected": 0.00024509429931640625}, "backbone.extra.2.2": {"sample_kurtosis": 5.422263364404159, "quant_sqnr": 6.285302474738042, "quant_mse": 2.7984038752038032e-05, "quant_sparsity": 0.5631239414215088, "pruning_sqnr": 4.919495640271302, "pruning_mse": 3.832578659057617e-05, "pruning_sqnr_corrected": 2.7240333226079883, "pruning_mse_corrected": 6.35385513305664e-05}, "backbone.extra.3.0": {"sample_kurtosis": 5.824352863574177, "quant_sqnr": 5.4098731692056194, "quant_mse": 0.00015916250413283706, "quant_sparsity": 0.721160888671875, "pruning_sqnr": 5.741482809257602, "pruning_mse": 0.0001474618911743164, "pruning_sqnr_corrected": 2.445851672763724, "pruning_mse_corrected": 0.00031495094299316406}, "backbone.extra.3.2": {"sample_kurtosis": 7.534190942859798, "quant_sqnr": 6.2453129111324905, "quant_mse": 1.7871136151370592e-05, "quant_sparsity": 0.6612311601638794, "pruning_sqnr": 5.308604106734332, "pruning_mse": 2.2172927856445312e-05, "pruning_sqnr_corrected": 2.495337498255645, "pruning_mse_corrected": 4.2378902435302734e-05}, "backbone.extra.4.0": {"sample_kurtosis": 4.63778334595886, "quant_sqnr": 5.641352636634353, "quant_mse": 0.00010842774645425379, "quant_sparsity": 0.72930908203125, "pruning_sqnr": 5.726007411158634, "pruning_mse": 0.00010633468627929688, "pruning_sqnr_corrected": 2.2761844715836856, "pruning_mse_corrected": 0.0002353191375732422}, "backbone.extra.4.2": {"sample_kurtosis": -3.0, "quant_sqnr": 6.182091514150198, "quant_mse": 1.2275439985387493e-05, "quant_sparsity": 0.72393798828125, "pruning_sqnr": 5.517548730165666, "pruning_mse": 1.430511474609375e-05, "pruning_sqnr_corrected": 2.193164131009613, "pruning_mse_corrected": 3.075599670410156e-05}, "head.classification_head.module_list.0": {"sample_kurtosis": 84.99549088672491, "quant_sqnr": 3.7093283046319945, "quant_mse": 0.0001003191719064489, "quant_sparsity": 0.9353328943252563, "pruning_sqnr": 11.51432461704056,