{"backbone.features.0": {"sample_kurtosis": -0.29162448979591815, "quant_sqnr": 20.010294690134096, "quant_mse": 0.0004262345319148153, "quant_sparsity": 0.09664352238178253, "pruning_sqnr": 5.344047276708962, "pruning_mse": 0.012481689453125, "pruning_sqnr_corrected": 4.8883309969816615, "pruning_mse_corrected": 0.01386260986328125}, "backbone.features.2": {"sample_kurtosis": 3.5175994171520006, "quant_sqnr": 15.283516082993032, "quant_mse": 5.415899431682192e-05, "quant_sparsity": 0.3243543803691864, "pruning_sqnr": 8.573324964312686, "pruning_mse": 0.00025391578674316406, "pruning_sqnr_corrected": 6.371998435289706, "pruning_mse_corrected": 0.0004215240478515625}, "backbone.features.5": {"sample_kurtosis": 13.380369918021831, "quant_sqnr": 12.613370872162019, "quant_mse": 7.73780993768014e-05, "quant_sparsity": 0.4364827573299408, "pruning_sqnr": 9.855089568126008, "pruning_mse": 0.00014603137969970703, "pruning_sqnr_corrected": 6.930720424462647, "pruning_mse_corrected": 0.00028634071350097656}, "backbone.features.7": {"sample_kurtosis": 5.664590337874815, "quant_sqnr": 14.288284557594505, "quant_mse": 2.7516491172718816e-05, "quant_sparsity": 0.318962961435318, "pruning_sqnr": 8.376276919316162, "pruning_mse": 0.00010734796524047852, "pruning_sqnr_corrected": 6.3405061515056325, "pruning_mse_corrected": 0.00017154216766357422}, "backbone.features.10": {"sample_kurtosis": 8.472565354783109, "quant_sqnr": 13.466986547886172, "quant_mse": 2.0281648176023737e-05, "quant_sparsity": 0.3086513876914978, "pruning_sqnr": 7.978953085794007, "pruning_mse": 7.176399230957031e-05, "pruning_sqnr_corrected": 6.1583345119951005, "pruning_mse_corrected": 0.00010913610458374023}, "backbone.features.12": {"sample_kurtosis": 6.04410677051326, "quant_sqnr": 14.373691028738516, "quant_mse": 8.926780537876766e-06, "quant_sparsity": 0.2388017475605011, "pruning_sqnr": 6.833649310054427, "pruning_mse": 5.066394805908203e-05, "pruning_sqnr_corrected": 5.5246382803145035, "pruning_mse_corrected": 6.848573684692383e-05}, "backbone.features.14": {"sample_kurtosis": 5.725207100591716, "quant_sqnr": 14.332484603205247, "quant_mse": 9.222892003890593e-06, "quant_sparsity": 0.2220747172832489, "pruning_sqnr": 6.642715962995528, "pruning_mse": 5.418062210083008e-05, "pruning_sqnr_corrected": 5.454675742373638, "pruning_mse_corrected": 7.12275505065918e-05}, "backbone.features.17": {"sample_kurtosis": 2.9682626414407034, "quant_sqnr": 14.862079409154862, "quant_mse": 5.689178124157479e-06, "quant_sparsity": 0.2251366525888443, "pruning_sqnr": 6.451193788461229, "pruning_mse": 3.9458274841308594e-05, "pruning_sqnr_corrected": 5.254608833532557, "pruning_mse_corrected": 5.1975250244140625e-05}, "backbone.features.19": {"sample_kurtosis": 3.53724666887988, "quant_sqnr": 15.459154606516135, "quant_mse": 2.750524345174199e-06, "quant_sparsity": 0.21712705492973328, "pruning_sqnr": 6.360195821474184, "pruning_mse": 2.2351741790771484e-05, "pruning_sqnr_corrected": 5.216310278724265, "pruning_mse_corrected": 2.9087066650390625e-05}, "backbone.features.21": {"sample_kurtosis": 8.51609809939122, "quant_sqnr": 14.09737142068048, "quant_mse": 2.8284380277909804e-06, "quant_sparsity": 0.2172580361366272, "pruning_sqnr": 6.950685985150028, "pruning_mse": 1.4662742614746094e-05, "pruning_sqnr_corrected": 5.78147833922551, "pruning_mse_corrected": 1.919269561767578e-05}, "backbone.extra.0.1": {"sample_kurtosis": 7.081855657712877, "quant_sqnr": 13.918102542227393, "quant_mse": 3.1289896469388623e-06, "quant_sparsity": 0.2283782958984375, "pruning_sqnr": 6.952937689944006, "pruning_mse": 1.5556812286376953e-05, "pruning_sqnr_corrected": 5.703550323861006, "pruning_mse_corrected": 2.0742416381835938e-05}, "backbone.extra.0.3": {"sample_kurtosis": 11.095172484480555, "quant_sqnr": 14.261740413028132, "quant_mse": 2.459763663864578e-06, "quant_sparsity": 0.22936418652534485, "pruning_sqnr": 6.876788798243508, "pruning_mse": 1.3470649719238281e-05, "pruning_sqnr_corrected": 5.6322082337790835, "pruning_mse_corrected": 1.7940998077392578e-05}, "backbone.extra.0.5": {"sample_kurtosis": 17.0390767117561, "quant_sqnr": 12.99283782123143, "quant_mse": 2.758844630079693e-06, "quant_sparsity": 0.2798584997653961, "pruning_sqnr": 7.660738340992067, "pruning_mse": 9.417533874511719e-06, "pruning_sqnr_corrected": 6.067960740531756, "pruning_mse_corrected": 1.3589859008789062e-05}, "backbone.extra.0.7.1": {"sample_kurtosis": 45.19654122378627, "quant_sqnr": 10.038269291031126, "quant_mse": 3.491730012683547e-06, "quant_sparsity": 0.5094081163406372, "pruning_sqnr": 10.007354692391113, "pruning_mse": 3.516674041748047e-06, "pruning_sqnr_corrected": 6.6099777058200635, "pruning_mse_corrected": 7.68899917602539e-06}, "backbone.extra.0.7.3": {"sample_kurtosis": 9.521389716800217, "quant_sqnr": 14.119003069015339, "quant_mse": 3.7794488889630884e-06, "quant_sparsity": 0.3337535858154297, "pruning_sqnr": 8.676957049613028, "pruning_mse": 1.3232231140136719e-05, "pruning_sqnr_corrected": 6.446747697968956, "pruning_mse_corrected": 2.2113323211669922e-05}, "backbone.extra.1.0": {"sample_kurtosis": 9.970130935708601, "quant_sqnr": 13.086275212863365, "quant_mse": 1.003906800178811e-05, "quant_sparsity": 0.3695106506347656, "pruning_sqnr": 8.896185439020687, "pruning_mse": 2.6345252990722656e-05, "pruning_sqnr_corrected": 6.36864329753484, "pruning_mse_corrected": 4.7147274017333984e-05}, "backbone.extra.1.2": {"sample_kurtosis": -3.0, "quant_sqnr": 14.28316901922294, "quant_mse": 2.014148094531265e-06, "quant_sparsity": 0.3617401123046875, "pruning_sqnr": 8.365542664709631, "pruning_mse": 7.867813110351562e-06, "pruning_sqnr_corrected": 5.991933506763592, "pruning_mse_corrected": 1.3589859008789062e-05}, "backbone.extra.2.0": {"sample_kurtosis": 6.7523325777153875, "quant_sqnr": 13.791762568013471, "quant_mse": 1.841199082264211e-05, "quant_sparsity": 0.4065399169921875, "pruning_sqnr": 9.225446374740624, "pruning_mse": 5.269050598144531e-05, "pruning_sqnr_corrected": 6.264554741887512, "pruning_mse_corrected": 0.00010418891906738281}, "backbone.extra.2.2": {"sample_kurtosis": 5.422263364404159, "quant_sqnr": 15.380571809190503, "quant_mse": 3.446541086304933e-06, "quant_sparsity": 0.3309088945388794, "pruning_sqnr": 8.392626941948045, "pruning_mse": 1.722574234008789e-05, "pruning_sqnr_corrected": 6.108516778277321, "pruning_mse_corrected": 2.9146671295166016e-05}, "backbone.extra.3.0": {"sample_kurtosis": 5.824352863574177, "quant_sqnr": 14.128051307165268, "quant_mse": 2.1380750695243478e-05, "quant_sparsity": 0.4200439453125, "pruning_sqnr": 9.455322364011419, "pruning_mse": 6.270408630371094e-05, "pruning_sqnr_corrected": 6.363231951981296, "pruning_mse_corrected": 0.0001277923583984375}, "backbone.extra.3.2": {"sample_kurtosis": 7.534190942859798, "quant_sqnr": 14.689640391726254, "quant_mse": 2.5569333956809714e-06, "quant_sparsity": 0.365380197763443, "pruning_sqnr": 9.000062262348793, "pruning_mse": 9.47713851928711e-06, "pruning_sqnr_corrected": 6.3305602014317355, "pruning_mse_corrected": 1.7523765563964844e-05}, "backbone.extra.4.0": {"sample_kurtosis": 4.63778334595886, "quant_sqnr": 14.548486976707373, "quant_mse": 1.394527225784259e-05, "quant_sparsity": 0.427642822265625, "pruning_sqnr": 9.721259904262014, "pruning_mse": 4.2378902435302734e-05, "pruning_sqnr_corrected": 6.328241354274091, "pruning_mse_corrected": 9.256601333618164e-05}, "backbone.extra.4.2": {"sample_kurtosis": -3.0, "quant_sqnr": 14.617364325832645, "quant_mse": 1.75998832219193e-06, "quant_sparsity": 0.4617716372013092, "pruning_sqnr": 9.634831661742375, "pruning_mse": 5.543231964111328e-06, "pruning_sqnr_corrected": 5.83661251680012, "pruning_mse_corrected": 1.329183578491211e-05}, "head.classification_head.module_list.0": {"sample_kurtosis": 84.99549088672491, "quant_sqnr": 10.05468746296261, "quant_mse": 2.327276706637349e-05, "quant_sparsity": 0.8245007991790771, "pruning_sqnr": 16.427941555383285,