{"backbone.features.0": {"sample_kurtosis": -0.29162448979591815, "quant_sqnr": 14.555242265060784, "quant_mse": 0.001496765878982842, "quant_sparsity": 0.2013888955116272, "pruning_sqnr": 4.129307705716686, "pruning_mse": 0.016510009765625, "pruning_sqnr_corrected": 3.3791706275401596, "pruning_mse_corrected": 0.019622802734375}, "backbone.features.2": {"sample_kurtosis": 3.5175994171520006, "quant_sqnr": 10.42213230880469, "quant_mse": 0.00016588570724707097, "quant_sparsity": 0.4897189736366272, "pruning_sqnr": 6.887824517967913, "pruning_mse": 0.0003743171691894531, "pruning_sqnr_corrected": 4.237842614494771, "pruning_mse_corrected": 0.0006890296936035156}, "backbone.features.5": {"sample_kurtosis": 13.380369918021831, "quant_sqnr": 8.93940689254855, "quant_mse": 0.0001803077757358551, "quant_sparsity": 0.556382954120636, "pruning_sqnr": 8.217635909606244, "pruning_mse": 0.0002129077911376953, "pruning_sqnr_corrected": 5.144568565083766, "pruning_mse_corrected": 0.00043201446533203125}, "backbone.features.7": {"sample_kurtosis": 5.664590337874815, "quant_sqnr": 10.257211209409437, "quant_mse": 6.9614608946722e-05, "quant_sparsity": 0.4332410991191864, "pruning_sqnr": 6.78836716622818, "pruning_mse": 0.00015473365783691406, "pruning_sqnr_corrected": 4.576576579362375, "pruning_mse_corrected": 0.0002574920654296875}, "backbone.features.10": {"sample_kurtosis": 8.472565354783109, "quant_sqnr": 9.735264794474208, "quant_mse": 4.7893372538965195e-05, "quant_sparsity": 0.4555494487285614, "pruning_sqnr": 6.508921459301979, "pruning_mse": 0.00010067224502563477, "pruning_sqnr_corrected": 4.379275336613755, "pruning_mse_corrected": 0.00016438961029052734}, "backbone.features.12": {"sample_kurtosis": 6.04410677051326, "quant_sqnr": 10.699030263450034, "quant_mse": 2.08046749321511e-05, "quant_sparsity": 0.3610653281211853, "pruning_sqnr": 5.464579313576977, "pruning_mse": 6.943941116333008e-05, "pruning_sqnr_corrected": 3.9477381373537206, "pruning_mse_corrected": 9.846687316894531e-05}, "backbone.features.14": {"sample_kurtosis": 5.725207100591716, "quant_sqnr": 10.625344191132054, "quant_mse": 2.165614569094032e-05, "quant_sparsity": 0.3389078676700592, "pruning_sqnr": 5.304657798923995, "pruning_mse": 7.37309455871582e-05, "pruning_sqnr_corrected": 3.9289779361358637, "pruning_mse_corrected": 0.00010120868682861328}, "backbone.features.17": {"sample_kurtosis": 2.9682626414407034, "quant_sqnr": 10.923498666624159, "quant_mse": 1.40898901008768e-05, "quant_sparsity": 0.34272173047065735, "pruning_sqnr": 5.122176765525941, "pruning_mse": 5.358457565307617e-05, "pruning_sqnr_corrected": 3.746622085886, "pruning_mse_corrected": 7.355213165283203e-05}, "backbone.features.19": {"sample_kurtosis": 3.53724666887988, "quant_sqnr": 11.428278196947943, "quant_mse": 6.958299763937248e-06, "quant_sparsity": 0.3001247048377991, "pruning_sqnr": 5.041871375912179, "pruning_mse": 3.0279159545898438e-05, "pruning_sqnr_corrected": 3.8462473210731414, "pruning_mse_corrected": 3.987550735473633e-05}, "backbone.features.21": {"sample_kurtosis": 8.51609809939122, "quant_sqnr": 10.348897676331106, "quant_mse": 6.704926818201784e-06, "quant_sparsity": 0.36911138892173767, "pruning_sqnr": 5.596644282285379, "pruning_mse": 2.002716064453125e-05, "pruning_sqnr_corrected": 4.06575809006263, "pruning_mse_corrected": 2.849102020263672e-05}, "backbone.extra.0.1": {"sample_kurtosis": 7.081855657712877, "quant_sqnr": 10.106095468780367, "quant_mse": 7.5267039392201696e-06, "quant_sparsity": 0.38460370898246765, "pruning_sqnr": 5.580512496888073, "pruning_mse": 2.1338462829589844e-05, "pruning_sqnr_corrected": 3.9760451658744858, "pruning_mse_corrected": 3.0875205993652344e-05}, "backbone.extra.0.3": {"sample_kurtosis": 11.095172484480555, "quant_sqnr": 10.279933820628596, "quant_mse": 6.152817604743177e-06, "quant_sparsity": 0.3892555236816406, "pruning_sqnr": 5.518288395469172, "pruning_mse": 1.8417835235595703e-05, "pruning_sqnr_corrected": 3.9050930497360774, "pruning_mse_corrected": 2.6702880859375e-05}, "backbone.extra.0.5": {"sample_kurtosis": 17.0390767117561, "quant_sqnr": 9.3101623572086, "quant_mse": 6.4416153691126965e-06, "quant_sparsity": 0.4599122107028961, "pruning_sqnr": 6.242868062135109, "pruning_mse": 1.3053417205810547e-05, "pruning_sqnr_corrected": 4.181882575754983, "pruning_mse_corrected": 2.09808349609375e-05}, "backbone.extra.0.7.1": {"sample_kurtosis": 45.19654122378627, "quant_sqnr": 7.257418064012928, "quant_mse": 6.624083198403241e-06, "quant_sparsity": 0.5650630593299866, "pruning_sqnr": 8.421685551669626, "pruning_mse": 5.066394805908203e-06, "pruning_sqnr_corrected": 5.3605903397370644, "pruning_mse_corrected": 1.0251998901367188e-05}, "backbone.extra.0.7.3": {"sample_kurtosis": 9.521389716800217, "quant_sqnr": 10.049502899780657, "quant_mse": 9.646693797549233e-06, "quant_sparsity": 0.4355173110961914, "pruning_sqnr": 7.008310793440025, "pruning_mse": 1.9431114196777344e-05, "pruning_sqnr_corrected": 4.721096016827425, "pruning_mse_corrected": 3.2901763916015625e-05}, "backbone.extra.1.0": {"sample_kurtosis": 9.970130935708601, "quant_sqnr": 9.447135629417355, "quant_mse": 2.3206377591122873e-05, "quant_sparsity": 0.5276603698730469, "pruning_sqnr": 7.194630649268933, "pruning_mse": 3.898143768310547e-05, "pruning_sqnr_corrected": 4.34325726678079, "pruning_mse_corrected": 7.516145706176758e-05}, "backbone.extra.1.2": {"sample_kurtosis": -3.0, "quant_sqnr": 10.352746556006451, "quant_mse": 4.9789027798397e-06, "quant_sparsity": 0.46369171142578125, "pruning_sqnr": 6.738269689732634, "pruning_mse": 1.1444091796875e-05, "pruning_sqnr_corrected": 4.346839641704933, "pruning_mse_corrected": 1.9848346710205078e-05}, "backbone.extra.2.0": {"sample_kurtosis": 6.7523325777153875, "quant_sqnr": 9.681813496839272, "quant_mse": 4.743464523926377e-05, "quant_sparsity": 0.5197601318359375, "pruning_sqnr": 7.415681246355366, "pruning_mse": 7.992982864379883e-05, "pruning_sqnr_corrected": 4.431367574092951, "pruning_mse_corrected": 0.0001589059829711914}, "backbone.extra.2.2": {"sample_kurtosis": 5.422263364404159, "quant_sqnr": 10.850966861262329, "quant_mse": 9.780114851309918e-06, "quant_sparsity": 0.5049946904182434, "pruning_sqnr": 6.666920813717658, "pruning_mse": 2.562999725341797e-05, "pruning_sqnr_corrected": 3.9652802086711465, "pruning_mse_corrected": 4.774332046508789e-05}, "backbone.extra.3.0": {"sample_kurtosis": 5.824352863574177, "quant_sqnr": 9.850686008504178, "quant_mse": 5.724788934458047e-05, "quant_sparsity": 0.559906005859375, "pruning_sqnr": 7.639712012408895, "pruning_mse": 9.524822235107422e-05, "pruning_sqnr_corrected": 4.332679710137805, "pruning_mse_corrected": 0.00020396709442138672}, "backbone.extra.3.2": {"sample_kurtosis": 7.534190942859798, "quant_sqnr": 10.524810018941865, "quant_mse": 6.671176834061043e-06, "quant_sparsity": 0.5373806357383728, "pruning_sqnr": 7.1758798457489945, "pruning_mse": 1.4424324035644531e-05, "pruning_sqnr_corrected": 4.094382477879704, "pruning_mse_corrected": 2.9325485229492188e-05}, "backbone.extra.4.0": {"sample_kurtosis": 4.63778334595886, "quant_sqnr": 10.219319214502988, "quant_mse": 3.7787118344567716e-05, "quant_sparsity": 0.58935546875, "pruning_sqnr": 7.755537876055633, "pruning_mse": 6.663799285888672e-05, "pruning_sqnr_corrected": 4.033798205302027, "pruning_mse_corrected": 0.0001569986343383789}, "backbone.extra.4.2": {"sample_kurtosis": -3.0, "quant_sqnr": 10.617160911818154, "quant_mse": 4.42109785581124e-06, "quant_sparsity": 0.5431959629058838, "pruning_sqnr": 7.587798463158986, "pruning_mse": 8.881092071533203e-06, "pruning_sqnr_corrected": 4.174183620678866, "pruning_mse_corrected": 1.9490718841552734e-05}, "head.classification_head.module_list.0": {"sample_kurtosis": 84.99549088672491, "quant_sqnr": 6.93969209717014, "quant_mse": 4.768124199472368e-05, "quant_sparsity": 0.8892198204994202, "pruning_sqnr": 14.18059717684484, "pruning_mse": 9.000301361083984e-06,