{"backbone.features.0": {"sample_kurtosis": -0.29162448979591815, "quant_sqnr": 25.66115645579424, "quant_mse": 0.00011602790618781, "quant_sparsity": 0.0590277798473835, "pruning_sqnr": 6.561695562534035, "pruning_mse": 0.009429931640625, "pruning_sqnr_corrected": 6.217319135743961, "pruning_mse_corrected": 0.0102081298828125}, "backbone.features.2": {"sample_kurtosis": 3.5175994171520006, "quant_sqnr": 20.40092401070551, "quant_mse": 1.6669777323841117e-05, "quant_sparsity": 0.2031792551279068, "pruning_sqnr": 10.246437143988317, "pruning_mse": 0.00017273426055908203, "pruning_sqnr_corrected": 8.544873188492737, "pruning_mse_corrected": 0.000255584716796875}, "backbone.features.5": {"sample_kurtosis": 13.380369918021831, "quant_sqnr": 16.694703611855168, "quant_mse": 3.0233246434363537e-05, "quant_sparsity": 0.3065049946308136, "pruning_sqnr": 11.465314335793915, "pruning_mse": 0.00010079145431518555, "pruning_sqnr_corrected": 8.992944480337721, "pruning_mse_corrected": 0.0001780986785888672}, "backbone.features.7": {"sample_kurtosis": 5.664590337874815, "quant_sqnr": 18.457789828887158, "quant_mse": 1.0535193723626435e-05, "quant_sparsity": 0.2144639790058136, "pruning_sqnr": 9.94843868256452, "pruning_mse": 7.474422454833984e-05, "pruning_sqnr_corrected": 8.264394378670616, "pruning_mse_corrected": 0.00011014938354492188}, "backbone.features.10": {"sample_kurtosis": 8.472565354783109, "quant_sqnr": 17.18004456814908, "quant_mse": 8.625761438452173e-06, "quant_sparsity": 0.1968282014131546, "pruning_sqnr": 9.455409735780083, "pruning_mse": 5.1081180572509766e-05, "pruning_sqnr_corrected": 8.004276450947959, "pruning_mse_corrected": 7.134675979614258e-05}, "backbone.features.12": {"sample_kurtosis": 6.04410677051326, "quant_sqnr": 17.827761513767317, "quant_mse": 4.02984005631879e-06, "quant_sparsity": 0.1502821147441864, "pruning_sqnr": 8.232031445553101, "pruning_mse": 3.6716461181640625e-05, "pruning_sqnr_corrected": 7.179141999744829, "pruning_mse_corrected": 4.678964614868164e-05}, "backbone.features.14": {"sample_kurtosis": 5.725207100591716, "quant_sqnr": 17.89168178054909, "quant_mse": 4.063941105414415e-06, "quant_sparsity": 0.1567230224609375, "pruning_sqnr": 8.01321951116747, "pruning_mse": 3.9517879486083984e-05, "pruning_sqnr_corrected": 6.934165538072276, "pruning_mse_corrected": 5.066394805908203e-05}, "backbone.features.17": {"sample_kurtosis": 2.9682626414407034, "quant_sqnr": 18.76157792809427, "quant_mse": 2.3179266008810373e-06, "quant_sparsity": 0.1416134387254715, "pruning_sqnr": 7.811320066414104, "pruning_mse": 2.8848648071289062e-05, "pruning_sqnr_corrected": 6.842219936333539, "pruning_mse_corrected": 3.606081008911133e-05}, "backbone.features.19": {"sample_kurtosis": 3.53724666887988, "quant_sqnr": 19.703394341066925, "quant_mse": 1.0351219543736079e-06, "quant_sparsity": 0.1228925958275795, "pruning_sqnr": 7.7071815604487455, "pruning_mse": 1.6391277313232422e-05, "pruning_sqnr_corrected": 6.876066163688174, "pruning_mse_corrected": 1.9848346710205078e-05}, "backbone.features.21": {"sample_kurtosis": 8.51609809939122, "quant_sqnr": 18.12155999456962, "quant_mse": 1.1197673757123994e-06, "quant_sparsity": 0.15304099023342133, "pruning_sqnr": 8.331506746384887, "pruning_mse": 1.0669231414794922e-05, "pruning_sqnr_corrected": 7.280688586179282, "pruning_mse_corrected": 1.3589859008789062e-05}, "backbone.extra.0.1": {"sample_kurtosis": 7.081855657712877, "quant_sqnr": 17.78089629026975, "quant_mse": 1.2856559123974876e-06, "quant_sparsity": 0.16173723340034485, "pruning_sqnr": 8.354724721594375, "pruning_mse": 1.1265277862548828e-05, "pruning_sqnr_corrected": 7.209991692293024, "pruning_mse_corrected": 1.4662742614746094e-05}, "backbone.extra.0.3": {"sample_kurtosis": 11.095172484480555, "quant_sqnr": 18.03696276535996, "quant_mse": 1.0312670610801433e-06, "quant_sparsity": 0.1619737446308136, "pruning_sqnr": 8.243033747578455, "pruning_mse": 9.834766387939453e-06, "pruning_sqnr_corrected": 7.134077155330141, "pruning_mse_corrected": 1.2695789337158203e-05}, "backbone.extra.0.5": {"sample_kurtosis": 17.0390767117561, "quant_sqnr": 16.665462093739233, "quant_mse": 1.1843084166685003e-06, "quant_sparsity": 0.19946034252643585, "pruning_sqnr": 9.116524775702096, "pruning_mse": 6.735324859619141e-06, "pruning_sqnr_corrected": 7.660738340992067, "pruning_mse_corrected": 9.417533874511719e-06}, "backbone.extra.0.7.1": {"sample_kurtosis": 45.19654122378627, "quant_sqnr": 12.99472643363657, "quant_mse": 1.7676445622782921e-06, "quant_sparsity": 0.38911670446395874, "pruning_sqnr": 11.588036241615198, "pruning_mse": 2.4437904357910156e-06, "pruning_sqnr_corrected": 8.473081948193737, "pruning_mse_corrected": 5.0067901611328125e-06}, "backbone.extra.0.7.3": {"sample_kurtosis": 9.521389716800217, "quant_sqnr": 18.14936712039514, "quant_mse": 1.4941426798031898e-06, "quant_sparsity": 0.22631549835205078, "pruning_sqnr": 10.32205091467169, "pruning_mse": 9.059906005859375e-06, "pruning_sqnr_corrected": 8.448328220017986, "pruning_mse_corrected": 1.3947486877441406e-05}, "backbone.extra.1.0": {"sample_kurtosis": 9.970130935708601, "quant_sqnr": 16.81545574007219, "quant_mse": 4.253783117746934e-06, "quant_sparsity": 0.2599830627441406, "pruning_sqnr": 10.59369624926731, "pruning_mse": 1.7821788787841797e-05, "pruning_sqnr_corrected": 8.386844245178285, "pruning_mse_corrected": 2.962350845336914e-05}, "backbone.extra.1.2": {"sample_kurtosis": -3.0, "quant_sqnr": 18.528212744493786, "quant_mse": 7.578565828225692e-07, "quant_sparsity": 0.22285038232803345, "pruning_sqnr": 9.980868053557195, "pruning_mse": 5.424022674560547e-06, "pruning_sqnr_corrected": 8.172491112755765, "pruning_mse_corrected": 8.225440979003906e-06}, "backbone.extra.2.0": {"sample_kurtosis": 6.7523325777153875, "quant_sqnr": 17.874864058592355, "quant_mse": 7.191021722974256e-06, "quant_sparsity": 0.285797119140625, "pruning_sqnr": 11.033283477281213, "pruning_mse": 3.4749507904052734e-05, "pruning_sqnr_corrected": 8.449219151797092, "pruning_mse_corrected": 6.300210952758789e-05}, "backbone.extra.2.2": {"sample_kurtosis": 5.422263364404159, "quant_sqnr": 19.92737236793961, "quant_mse": 1.2097716535208747e-06, "quant_sparsity": 0.2261284738779068, "pruning_sqnr": 10.146032279435786, "pruning_mse": 1.150369644165039e-05, "pruning_sqnr_corrected": 8.172869533425986, "pruning_mse_corrected": 1.811981201171875e-05}, "backbone.extra.3.0": {"sample_kurtosis": 5.824352863574177, "quant_sqnr": 18.517733741446996, "quant_mse": 7.781345630064607e-06, "quant_sparsity": 0.259307861328125, "pruning_sqnr": 11.255631716287482, "pruning_mse": 4.1425228118896484e-05, "pruning_sqnr_corrected": 8.920010148263312, "pruning_mse_corrected": 7.092952728271484e-05}, "backbone.extra.3.2": {"sample_kurtosis": 7.534190942859798, "quant_sqnr": 19.076712049026288, "quant_mse": 9.311341386819549e-07, "quant_sparsity": 0.2524278461933136, "pruning_sqnr": 10.843700112565504, "pruning_mse": 6.198883056640625e-06, "pruning_sqnr_corrected": 8.534300841935242, "pruning_mse_corrected": 1.055002212524414e-05}, "backbone.extra.4.0": {"sample_kurtosis": 4.63778334595886, "quant_sqnr": 19.480610420427652, "quant_mse": 4.479346443986287e-06, "quant_sparsity": 0.257598876953125, "pruning_sqnr": 11.688571563445855, "pruning_mse": 2.6941299438476562e-05, "pruning_sqnr_corrected": 9.155105722773179, "pruning_mse_corrected": 4.8279762268066406e-05}, "backbone.extra.4.2": {"sample_kurtosis": -3.0, "quant_sqnr": 19.10665673067687, "quant_mse": 6.260089548959513e-07, "quant_sparsity": 0.2726779580116272, "pruning_sqnr": 11.685381211652356, "pruning_mse": 3.4570693969726562e-06, "pruning_sqnr_corrected": 8.866431359415152, "pruning_mse_corrected": 6.616115570068359e-06}, "head.classification_head.module_list.0": {"sample_kurtosis": 84.99549088672491, "quant_sqnr": 13.148921798805873, "quant_mse": 1.141365100920666e-05, "quant_sparsity": 0.7156069278717041, "pruning_sqnr": 18.411618093051622,