{"backbone.features.0": {"sample_kurtosis": -0.29162448979591815, "quant_sqnr": 36.865712487622915, "quant_mse": 8.792388143774588e-06, "quant_sparsity": 0.025462962687015533, "pruning_sqnr": 9.102840824132578, "pruning_mse": 0.005252838134765625, "pruning_sqnr_corrected": 8.860566476931632, "pruning_mse_corrected": 0.00555419921875}, "backbone.features.2": {"sample_kurtosis": 3.5175994171520006, "quant_sqnr": 31.06720553107792, "quant_mse": 1.4298867654360947e-06, "quant_sparsity": 0.0650499165058136, "pruning_sqnr": 13.75815853267567, "pruning_mse": 7.69495964050293e-05, "pruning_sqnr_corrected": 12.936174971795257, "pruning_mse_corrected": 9.298324584960938e-05}, "backbone.features.5": {"sample_kurtosis": 13.380369918021831, "quant_sqnr": 25.477624097793623, "quant_mse": 4.0012228055275045e-06, "quant_sparsity": 0.1156005859375, "pruning_sqnr": 14.803589784926947, "pruning_mse": 4.673004150390625e-05, "pruning_sqnr_corrected": 13.420562803264133, "pruning_mse_corrected": 6.42538070678711e-05}, "backbone.features.7": {"sample_kurtosis": 5.664590337874815, "quant_sqnr": 27.97343057216643, "quant_mse": 1.1778187172239996e-06, "quant_sparsity": 0.0815158411860466, "pruning_sqnr": 13.245033035035352, "pruning_mse": 3.49879264831543e-05, "pruning_sqnr_corrected": 12.268540656669547, "pruning_mse_corrected": 4.380941390991211e-05}, "backbone.features.10": {"sample_kurtosis": 8.472565354783109, "quant_sqnr": 24.950692275996285, "quant_mse": 1.4412279369935277e-06, "quant_sparsity": 0.0908881276845932, "pruning_sqnr": 12.58385740527449, "pruning_mse": 2.485513687133789e-05, "pruning_sqnr_corrected": 11.550661234660208, "pruning_mse_corrected": 3.153085708618164e-05}, "backbone.features.12": {"sample_kurtosis": 6.04410677051326, "quant_sqnr": 24.176845427117655, "quant_mse": 9.34069987579278e-07, "quant_sparsity": 0.0720892995595932, "pruning_sqnr": 11.228253772949008, "pruning_mse": 1.8417835235595703e-05, "pruning_sqnr_corrected": 10.434099471046896, "pruning_mse_corrected": 2.2113323211669922e-05}, "backbone.features.14": {"sample_kurtosis": 5.725207100591716, "quant_sqnr": 25.011589267835102, "quant_mse": 7.887813922025089e-07, "quant_sparsity": 0.0667995885014534, "pruning_sqnr": 10.97790672484675, "pruning_mse": 1.996755599975586e-05, "pruning_sqnr_corrected": 10.240449727584052, "pruning_mse_corrected": 2.3663043975830078e-05}, "backbone.features.17": {"sample_kurtosis": 2.9682626414407034, "quant_sqnr": 26.640074041024562, "quant_mse": 3.7778966088808374e-07, "quant_sparsity": 0.05923546850681305, "pruning_sqnr": 10.768112839212904, "pruning_mse": 1.4603137969970703e-05, "pruning_sqnr_corrected": 10.126590282387852, "pruning_mse_corrected": 1.6927719116210938e-05}, "backbone.features.19": {"sample_kurtosis": 3.53724666887988, "quant_sqnr": 28.241276142109122, "quant_mse": 1.4494503375317436e-07, "quant_sparsity": 0.04909854382276535, "pruning_sqnr": 10.639228141968992, "pruning_mse": 8.344650268554688e-06, "pruning_sqnr_corrected": 10.113937629207147, "pruning_mse_corrected": 9.417533874511719e-06}, "backbone.features.21": {"sample_kurtosis": 8.51609809939122, "quant_sqnr": 26.626558080167975, "quant_mse": 1.5798941888078843e-07, "quant_sparsity": 0.06732729077339172, "pruning_sqnr": 11.31761196179057, "pruning_mse": 5.364418029785156e-06, "pruning_sqnr_corrected": 10.566199279331723, "pruning_mse_corrected": 6.377696990966797e-06}, "backbone.extra.0.1": {"sample_kurtosis": 7.081855657712877, "quant_sqnr": 25.920760100112133, "quant_mse": 1.9730512690330215e-07, "quant_sparsity": 0.0717010498046875, "pruning_sqnr": 11.342106710438337, "pruning_mse": 5.662441253662109e-06, "pruning_sqnr_corrected": 10.55029424996209, "pruning_mse_corrected": 6.794929504394531e-06}, "backbone.extra.0.3": {"sample_kurtosis": 11.095172484480555, "quant_sqnr": 25.708643540173245, "quant_mse": 1.7628001103275892e-07, "quant_sparsity": 0.0647379532456398, "pruning_sqnr": 11.22709226595678, "pruning_mse": 4.947185516357422e-06, "pruning_sqnr_corrected": 10.505612432792567, "pruning_mse_corrected": 5.841255187988281e-06}, "backbone.extra.0.5": {"sample_kurtosis": 17.0390767117561, "quant_sqnr": 24.43643373442475, "quant_mse": 1.9786439509061893e-07, "quant_sparsity": 0.08810467272996902, "pruning_sqnr": 12.165428940474289, "pruning_mse": 3.337860107421875e-06, "pruning_sqnr_corrected": 11.196328810393725, "pruning_mse_corrected": 4.172325134277344e-06}, "backbone.extra.0.7.1": {"sample_kurtosis": 45.19654122378627, "quant_sqnr": 19.718689011840727, "quant_mse": 3.758362652206415e-07, "quant_sparsity": 0.21754604578018188, "pruning_sqnr": 14.928338799284264, "pruning_mse": 1.1324882507324219e-06, "pruning_sqnr_corrected": 12.40108563839, "pruning_mse_corrected": 2.0265579223632812e-06}, "backbone.extra.0.7.3": {"sample_kurtosis": 9.521389716800217, "quant_sqnr": 26.411376813851373, "quant_mse": 2.2294159407465486e-07, "quant_sparsity": 0.09401988983154297, "pruning_sqnr": 13.751995886746862, "pruning_mse": 4.112720489501953e-06, "pruning_sqnr_corrected": 12.598061699726166, "pruning_mse_corrected": 5.364418029785156e-06}, "backbone.extra.1.0": {"sample_kurtosis": 9.970130935708601, "quant_sqnr": 24.74505504161128, "quant_mse": 6.851969374110922e-07, "quant_sparsity": 0.11458587646484375, "pruning_sqnr": 14.144668820453106, "pruning_mse": 7.867813110351562e-06, "pruning_sqnr_corrected": 12.67869084848147, "pruning_mse_corrected": 1.1026859283447266e-05}, "backbone.extra.1.2": {"sample_kurtosis": -3.0, "quant_sqnr": 27.24866982522238, "quant_mse": 1.0175161690995083e-07, "quant_sparsity": 0.0907253697514534, "pruning_sqnr": 13.443443409570776, "pruning_mse": 2.4437904357910156e-06, "pruning_sqnr_corrected": 12.32852328076024, "pruning_mse_corrected": 3.159046173095703e-06}, "backbone.extra.2.0": {"sample_kurtosis": 6.7523325777153875, "quant_sqnr": 26.90737114487309, "quant_mse": 8.985451245280274e-07, "quant_sparsity": 0.10748291015625, "pruning_sqnr": 14.79830818122603, "pruning_mse": 1.4603137969970703e-05, "pruning_sqnr_corrected": 13.349707964310005, "pruning_mse_corrected": 2.0384788513183594e-05}, "backbone.extra.2.2": {"sample_kurtosis": 5.422263364404159, "quant_sqnr": 29.848613580087363, "quant_mse": 1.2319108577685256e-07, "quant_sparsity": 0.0818854421377182, "pruning_sqnr": 13.916755180727025, "pruning_mse": 4.827976226806641e-06, "pruning_sqnr_corrected": 12.789712378814142, "pruning_mse_corrected": 6.258487701416016e-06}, "backbone.extra.3.0": {"sample_kurtosis": 5.824352863574177, "quant_sqnr": 27.75384467454934, "quant_mse": 9.277770232074545e-07, "quant_sparsity": 0.097930908203125, "pruning_sqnr": 15.006803558647526, "pruning_mse": 1.7464160919189453e-05, "pruning_sqnr_corrected": 13.687574694557469, "pruning_mse_corrected": 2.3663043975830078e-05}, "backbone.extra.3.2": {"sample_kurtosis": 7.534190942859798, "quant_sqnr": 28.32402467565585, "quant_mse": 1.10733999747481e-07, "quant_sparsity": 0.0965474471449852, "pruning_sqnr": 14.679348949757443, "pruning_mse": 2.562999725341797e-06, "pruning_sqnr_corrected": 13.379753569923933, "pruning_mse_corrected": 3.4570693969726562e-06}, "backbone.extra.4.0": {"sample_kurtosis": 4.63778334595886, "quant_sqnr": 30.111116738305512, "quant_mse": 3.8740392938052537e-07, "quant_sparsity": 0.08074951171875, "pruning_sqnr": 15.56823862752954, "pruning_mse": 1.1026859283447266e-05, "pruning_sqnr_corrected": 14.474186340994557, "pruning_mse_corrected": 1.4185905456542969e-05}, "backbone.extra.4.2": {"sample_kurtosis": -3.0, "quant_sqnr": 28.031056178497508, "quant_mse": 8.01937645178441e-08, "quant_sparsity": 0.097364641726017, "pruning_sqnr": 15.895434339059664, "pruning_mse": 1.3113021850585938e-06, "pruning_sqnr_corrected": 14.406044208938999, "pruning_mse_corrected": 1.8477439880371094e-06}, "head.classification_head.module_list.0": {"sample_kurtosis": 84.99549088672491, "quant_sqnr": 19.1132010214331, "quant_mse": 2.8906576972076437e-06, "quant_sparsity": 0.4180295765399933, "pruning_sqnr": 22.168254232660477,