{"features.0": {"sample_kurtosis": 2.817766316207102, "quant_sqnr": 16.439080025670158, "quant_mse": 0.0014757801545783877, "quant_sparsity": 0.25231480598449707, "pruning_sqnr": 7.57544897014524, "pruning_mse": 0.01136016845703125, "pruning_sqnr_corrected": 6.157299018115264, "pruning_mse_corrected": 0.0157470703125}, "features.2": {"sample_kurtosis": 6.439103202594023, "quant_sqnr": 14.094247065990693, "quant_mse": 0.00013329928333405405, "quant_sparsity": 0.3146158754825592, "pruning_sqnr": 8.232636691853157, "pruning_mse": 0.0005140304565429688, "pruning_sqnr_corrected": 6.3629790382178095, "pruning_mse_corrected": 0.0007905960083007812}, "features.5": {"sample_kurtosis": 5.977353368481127, "quant_sqnr": 14.049390919302517, "quant_mse": 0.00011373748566256836, "quant_sparsity": 0.2901746928691864, "pruning_sqnr": 7.679520854083624, "pruning_mse": 0.0004930496215820312, "pruning_sqnr_corrected": 5.997727208302436, "pruning_mse_corrected": 0.0007262229919433594}, "features.7": {"sample_kurtosis": 2.8376067248182215, "quant_sqnr": 15.64694210058202, "quant_mse": 4.770660962094553e-05, "quant_sparsity": 0.2111409455537796, "pruning_sqnr": 6.742022748303297, "pruning_mse": 0.0003707408905029297, "pruning_sqnr_corrected": 5.588647175318876, "pruning_mse_corrected": 0.00048351287841796875}, "features.10": {"sample_kurtosis": 2.9216613393460626, "quant_sqnr": 15.448195507364058, "quant_mse": 3.538814780768007e-05, "quant_sparsity": 0.2078077495098114, "pruning_sqnr": 6.586711839797195, "pruning_mse": 0.0002722740173339844, "pruning_sqnr_corrected": 5.463691138926562, "pruning_mse_corrected": 0.00035262107849121094}, "features.12": {"sample_kurtosis": 2.8434511240036224, "quant_sqnr": 15.50448576098711, "quant_mse": 2.1520632799365558e-05, "quant_sparsity": 0.1983473002910614, "pruning_sqnr": 6.382014933679255, "pruning_mse": 0.00017583370208740234, "pruning_sqnr_corrected": 5.335292410607609, "pruning_mse_corrected": 0.0002237558364868164}, "features.15": {"sample_kurtosis": 3.0916879368827423, "quant_sqnr": 15.361152488026795, "quant_mse": 1.6151312593137845e-05, "quant_sparsity": 0.19529469311237335, "pruning_sqnr": 6.325832334572839, "pruning_mse": 0.00012934207916259766, "pruning_sqnr_corrected": 5.2939453774233955, "pruning_mse_corrected": 0.000164031982421875}, "features.17": {"sample_kurtosis": 2.2518896166373414, "quant_sqnr": 16.10095919316352, "quant_mse": 8.431564310740214e-06, "quant_sparsity": 0.18237389624118805, "pruning_sqnr": 6.087415766844777, "pruning_mse": 8.45789909362793e-05, "pruning_sqnr_corrected": 5.139792624181103, "pruning_mse_corrected": 0.00010520219802856445}, "features.20": {"sample_kurtosis": 1.3198135920282246, "quant_sqnr": 16.801212346831093, "quant_mse": 7.828371053619776e-06, "quant_sparsity": 0.15787506103515625, "pruning_sqnr": 5.982093500497665, "pruning_mse": 9.453296661376953e-05, "pruning_sqnr_corrected": 5.156639301967067, "pruning_mse_corrected": 0.00011432170867919922}, "features.22": {"sample_kurtosis": 1.3168241016531192, "quant_sqnr": 17.10031210575024, "quant_mse": 6.628700703004142e-06, "quant_sparsity": 0.16028128564357758, "pruning_sqnr": 6.119167430818186, "pruning_mse": 8.308887481689453e-05, "pruning_sqnr_corrected": 5.264976745261334, "pruning_mse_corrected": 0.00010114908218383789}, "classifier.0": {"sample_kurtosis": -3.0, "quant_sqnr": 17.904636790770567, "quant_mse": 5.127562303641753e-07, "quant_sparsity": 0.1767328530550003, "pruning_sqnr": 5.947607525864629, "pruning_mse": 8.046627044677734e-06, "pruning_sqnr_corrected": 5.023780499338858, "pruning_mse_corrected": 9.953975677490234e-06}, "classifier.3": {"sample_kurtosis": 1.8338613143081544, "quant_sqnr": 18.77280207630256, "quant_mse": 1.489638179918984e-06, "quant_sparsity": 0.12707418203353882, "pruning_sqnr": 5.632736694156676, "pruning_mse": 3.069639205932617e-05, "pruning_sqnr_corrected": 4.969296480732149, "pruning_mse_corrected": 3.5762786865234375e-05}, "classifier.6": {"sample_kurtosis": 0.1727768289746745, "quant_sqnr": 18.684846922157558, "quant_mse": 4.908904884359799e-06, "quant_sparsity": 0.14738087356090546, "pruning_sqnr": 5.640811173409057, "pruning_mse": 9.894371032714844e-05, "pruning_sqnr_corrected": 4.8862210541848174, "pruning_mse_corrected": 0.00011771917343139648}}