{"features.0": {"sample_kurtosis": 17.229797831742594, "quant_sqnr": 14.469382740597993, "quant_mse": 0.001165707246400416, "quant_sparsity": 0.7754629850387573, "pruning_sqnr": 20.70607960128198, "pruning_mse": 0.0002772808074951172, "pruning_sqnr_corrected": 6.806728421606173, "pruning_mse_corrected": 0.006805419921875}, "features.3": {"sample_kurtosis": 30.186866471888955, "quant_sqnr": 12.62130978538114, "quant_mse": 6.884034519316629e-05, "quant_sparsity": 0.7447645664215088, "pruning_sqnr": 17.269987279362624, "pruning_mse": 2.3603439331054688e-05, "pruning_sqnr_corrected": 7.45825585195746, "pruning_mse_corrected": 0.00022602081298828125}, "features.7": {"sample_kurtosis": 16.758154487641914, "quant_sqnr": 12.697655431956672, "quant_mse": 8.383354725083336e-05, "quant_sparsity": 0.5542128086090088, "pruning_sqnr": 11.267565202593435, "pruning_mse": 0.00011652708053588867, "pruning_sqnr_corrected": 6.803925913177529, "pruning_mse_corrected": 0.0003256797790527344}, "features.10": {"sample_kurtosis": 6.1502297451165635, "quant_sqnr": 15.163855872350185, "quant_mse": 2.5585293769836426e-05, "quant_sparsity": 0.4320814311504364, "pruning_sqnr": 9.420003506487546, "pruning_mse": 9.60230827331543e-05, "pruning_sqnr_corrected": 6.092673326900745, "pruning_mse_corrected": 0.0002065896987915039}, "features.14": {"sample_kurtosis": 5.450801674926623, "quant_sqnr": 14.97045437173377, "quant_mse": 2.143677011190448e-05, "quant_sparsity": 0.3300374448299408, "pruning_sqnr": 8.079058129699755, "pruning_mse": 0.00010478496551513672, "pruning_sqnr_corrected": 5.980798236992183, "pruning_mse_corrected": 0.00016987323760986328}, "features.17": {"sample_kurtosis": 3.21979566092526, "quant_sqnr": 15.656353568744827, "quant_mse": 1.1343387996021193e-05, "quant_sparsity": 0.2557237446308136, "pruning_sqnr": 7.166987712964503, "pruning_mse": 8.0108642578125e-05, "pruning_sqnr_corrected": 5.674888257101658, "pruning_mse_corrected": 0.00011295080184936523}, "features.20": {"sample_kurtosis": 3.901066998086927, "quant_sqnr": 15.071562932712233, "quant_mse": 1.4550663763657212e-05, "quant_sparsity": 0.2317827045917511, "pruning_sqnr": 6.868554639858405, "pruning_mse": 9.620189666748047e-05, "pruning_sqnr_corrected": 5.595017379373602, "pruning_mse_corrected": 0.0001289844512939453}, "features.24": {"sample_kurtosis": 5.7403147702280695, "quant_sqnr": 14.117298114506209, "quant_mse": 1.432920453225961e-05, "quant_sparsity": 0.25611284375190735, "pruning_sqnr": 6.9368214974038995, "pruning_mse": 7.486343383789062e-05, "pruning_sqnr_corrected": 5.538732264276503, "pruning_mse_corrected": 0.00010329484939575195}, "features.27": {"sample_kurtosis": 3.3166975233031195, "quant_sqnr": 15.286925404220646, "quant_mse": 7.092733085301006e-06, "quant_sparsity": 0.20196110010147095, "pruning_sqnr": 6.451846607633764, "pruning_mse": 5.424022674560547e-05, "pruning_sqnr_corrected": 5.3641154192263, "pruning_mse_corrected": 6.967782974243164e-05}, "features.30": {"sample_kurtosis": 3.0, "quant_sqnr": 15.41179786719142, "quant_mse": 7.152281796152238e-06, "quant_sparsity": 0.2160678505897522, "pruning_sqnr": 6.389787906759489, "pruning_mse": 5.710124969482422e-05, "pruning_sqnr_corrected": 5.223932287603432, "pruning_mse_corrected": 7.468461990356445e-05}, "features.34": {"sample_kurtosis": 2.464256547959809, "quant_sqnr": 15.661466851070177, "quant_mse": 7.529621143476106e-06, "quant_sparsity": 0.19650693237781525, "pruning_sqnr": 6.234920851776879, "pruning_mse": 6.598234176635742e-05, "pruning_sqnr_corrected": 5.187287129470544, "pruning_mse_corrected": 8.398294448852539e-05}, "features.37": {"sample_kurtosis": 1.4453940830730305, "quant_sqnr": 17.17279478629567, "quant_mse": 5.046957994636614e-06, "quant_sparsity": 0.15620210766792297, "pruning_sqnr": 5.862235780452356, "pruning_mse": 6.824731826782227e-05, "pruning_sqnr_corrected": 5.048353861425112, "pruning_mse_corrected": 8.231401443481445e-05}, "features.40": {"sample_kurtosis": 2.087310058413709, "quant_sqnr": 16.479382056285466, "quant_mse": 4.91512264488847e-06, "quant_sparsity": 0.18594911694526672, "pruning_sqnr": 6.236759756936307, "pruning_mse": 5.1975250244140625e-05, "pruning_sqnr_corrected": 5.251751386287859, "pruning_mse_corrected": 6.520748138427734e-05}, "classifier.0": {"sample_kurtosis": -3.0, "quant_sqnr": 17.088315797585924, "quant_mse": 4.35833015899334e-07, "quant_sparsity": 0.18331986665725708, "pruning_sqnr": 6.234815955555674, "pruning_mse": 5.304813385009766e-06, "pruning_sqnr_corrected": 5.236535795302986, "pruning_mse_corrected": 6.67572021484375e-06}, "classifier.3": {"sample_kurtosis": -3.0, "quant_sqnr": 18.45613259882554, "quant_mse": 1.334411535935942e-06, "quant_sparsity": 0.19041907787322998, "pruning_sqnr": 5.990258479604764, "pruning_mse": 2.3543834686279297e-05, "pruning_sqnr_corrected": 4.931924071414114, "pruning_mse_corrected": 3.0040740966796875e-05}, "classifier.6": {"sample_kurtosis": 0.2645464738020453, "quant_sqnr": 18.299901068033627, "quant_mse": 5.65305890631862e-06, "quant_sparsity": 0.1640332043170929, "pruning_sqnr": 6.017891497339624, "pruning_mse": 9.560585021972656e-05, "pruning_sqnr_corrected": 5.158467519502217, "pruning_mse_corrected": 0.00011652708053588867}}