{"features.0": {"sample_kurtosis": 1.2434124588982476, "quant_sqnr": 39.10738284524166, "quant_mse": 1.5637095202691853e-05, "quant_sparsity": 0.02083333395421505, "pruning_sqnr": 14.094909344396001, "pruning_mse": 0.0049591064453125, "pruning_sqnr_corrected": 13.791715129844462, "pruning_mse_corrected": 0.00531768798828125}, "features.3": {"sample_kurtosis": 8.12276217096664, "quant_sqnr": 32.01855482806562, "quant_mse": 2.6842478746402776e-06, "quant_sparsity": 0.0563557930290699, "pruning_sqnr": 15.775596636520213, "pruning_mse": 0.00011301040649414062, "pruning_sqnr_corrected": 14.959419765330821, "pruning_mse_corrected": 0.00013637542724609375}, "features.6": {"sample_kurtosis": 5.144191729465959, "quant_sqnr": 31.242596538642644, "quant_mse": 1.0437584023748059e-06, "quant_sparsity": 0.0432095006108284, "pruning_sqnr": 13.463902353559769, "pruning_mse": 6.258487701416016e-05, "pruning_sqnr_corrected": 12.855126001408019, "pruning_mse_corrected": 7.200241088867188e-05}, "features.8": {"sample_kurtosis": 4.719325088982083, "quant_sqnr": 29.27443898294769, "quant_mse": 1.0510055972190457e-06, "quant_sparsity": 0.0426483154296875, "pruning_sqnr": 12.82789226146961, "pruning_mse": 4.6372413635253906e-05, "pruning_sqnr_corrected": 12.23403968760527, "pruning_mse_corrected": 5.316734313964844e-05}, "features.11": {"sample_kurtosis": 3.416340958804933, "quant_sqnr": 31.31349841027771, "quant_mse": 4.415412888647552e-07, "quant_sparsity": 0.0362430140376091, "pruning_sqnr": 12.428864360187038, "pruning_mse": 3.415346145629883e-05, "pruning_sqnr_corrected": 11.928300850618715, "pruning_mse_corrected": 3.832578659057617e-05}, "features.13": {"sample_kurtosis": 2.6298752810371244, "quant_sqnr": 31.822129498379148, "quant_mse": 2.3805917237496033e-07, "quant_sparsity": 0.031747180968523026, "pruning_sqnr": 12.084299202630877, "pruning_mse": 2.2411346435546875e-05, "pruning_sqnr_corrected": 11.65569668478656, "pruning_mse_corrected": 2.473592758178711e-05}, "features.16": {"sample_kurtosis": 1.3842054609781353, "quant_sqnr": 33.10283035156979, "quant_mse": 1.9056504640957428e-07, "quant_sparsity": 0.0271428432315588, "pruning_sqnr": 11.969980793525378, "pruning_mse": 2.473592758178711e-05, "pruning_sqnr_corrected": 11.599077412532484, "pruning_mse_corrected": 2.6941299438476562e-05}, "features.18": {"sample_kurtosis": 1.3851271950184216, "quant_sqnr": 35.00488530374914, "quant_mse": 1.1273878897100076e-07, "quant_sparsity": 0.0235604178160429, "pruning_sqnr": 12.11433972997497, "pruning_mse": 2.193450927734375e-05, "pruning_sqnr_corrected": 11.784912849078996, "pruning_mse_corrected": 2.3663043975830078e-05}, "classifier.0": {"sample_kurtosis": -3.0, "quant_sqnr": 35.848717347246634, "quant_mse": 8.340472312795555e-09, "quant_sparsity": 0.02364092320203781, "pruning_sqnr": 11.993033586241339, "pruning_mse": 2.0265579223632812e-06, "pruning_sqnr_corrected": 11.62580551599394, "pruning_mse_corrected": 2.205371856689453e-06}, "classifier.3": {"sample_kurtosis": 1.6474282548476458, "quant_sqnr": 39.99116929256393, "quant_mse": 1.1467385263586038e-08, "quant_sparsity": 0.013748407363891602, "pruning_sqnr": 11.59449587736464, "pruning_mse": 7.927417755126953e-06, "pruning_sqnr_corrected": 11.402864284494544, "pruning_mse_corrected": 8.285045623779297e-06}, "classifier.6": {"sample_kurtosis": -0.010765676409057345, "quant_sqnr": 39.09279002492304, "quant_mse": 4.603944603331911e-08, "quant_sparsity": 0.014153809286653996, "pruning_sqnr": 11.448826467932294, "pruning_mse": 2.676248550415039e-05, "pruning_sqnr_corrected": 11.25031129860835, "pruning_mse_corrected": 2.8014183044433594e-05}}