{"features.0": {"sample_kurtosis": 2.2829934494304123, "quant_sqnr": 7.028102412057622, "quant_mse": 0.01247465331107378, "quant_sparsity": 0.5185185074806213, "pruning_sqnr": 4.334750686667064, "pruning_mse": 0.023193359375, "pruning_sqnr_corrected": 2.5738380961102516, "pruning_mse_corrected": 0.0347900390625}, "features.2": {"sample_kurtosis": 6.076940399704476, "quant_sqnr": 6.066001093866936, "quant_mse": 0.0007719928398728371, "quant_sparsity": 0.6118706464767456, "pruning_sqnr": 5.019760702941132, "pruning_mse": 0.0009822845458984375, "pruning_sqnr_corrected": 2.810559320337749, "pruning_mse_corrected": 0.0016336441040039062}, "features.5": {"sample_kurtosis": 4.506744927322982, "quant_sqnr": 6.572848232253685, "quant_mse": 0.000543349829968065, "quant_sparsity": 0.5155978798866272, "pruning_sqnr": 4.522557203081061, "pruning_mse": 0.0008711814880371094, "pruning_sqnr_corrected": 2.823089229746322, "pruning_mse_corrected": 0.0012884140014648438}, "features.7": {"sample_kurtosis": 2.5647633714880333, "quant_sqnr": 6.881787982102531, "quant_mse": 0.00030405467259697616, "quant_sparsity": 0.48876953125, "pruning_sqnr": 4.021496811984308, "pruning_mse": 0.00058746337890625, "pruning_sqnr_corrected": 2.52460807024125, "pruning_mse_corrected": 0.0008292198181152344}, "features.10": {"sample_kurtosis": 3.7202565179436835, "quant_sqnr": 6.94465023660915, "quant_mse": 0.000204479816602543, "quant_sparsity": 0.4418775737285614, "pruning_sqnr": 3.937645576421237, "pruning_mse": 0.0004086494445800781, "pruning_sqnr_corrected": 2.6303682017390444, "pruning_mse_corrected": 0.0005521774291992188}, "features.12": {"sample_kurtosis": 1.9379020044655304, "quant_sqnr": 7.2997306555204435, "quant_mse": 0.00011241667380090803, "quant_sparsity": 0.44268798828125, "pruning_sqnr": 3.569685370106092, "pruning_mse": 0.00026535987854003906, "pruning_sqnr_corrected": 2.323225503169355, "pruning_mse_corrected": 0.0003535747528076172}, "features.14": {"sample_kurtosis": 3.589314082326208, "quant_sqnr": 6.681310945103952, "quant_mse": 0.00013832298282068223, "quant_sparsity": 0.3684251606464386, "pruning_sqnr": 3.7098750433240006, "pruning_mse": 0.0002741813659667969, "pruning_sqnr_corrected": 2.682257929160216, "pruning_mse_corrected": 0.00034737586975097656}, "features.17": {"sample_kurtosis": 3.94375390868258, "quant_sqnr": 6.74126490201999, "quant_mse": 9.876031253952533e-05, "quant_sparsity": 0.37974464893341064, "pruning_sqnr": 3.7596901523931283, "pruning_mse": 0.00019621849060058594, "pruning_sqnr_corrected": 2.6935311063386234, "pruning_mse_corrected": 0.00025081634521484375}, "features.19": {"sample_kurtosis": 2.060593215226528, "quant_sqnr": 7.280215505854066, "quant_mse": 5.021771357860416e-05, "quant_sparsity": 0.3824984133243561, "pruning_sqnr": 3.448206081785687, "pruning_mse": 0.00012135505676269531, "pruning_sqnr_corrected": 2.40298617762038, "pruning_mse_corrected": 0.00015437602996826172}, "features.21": {"sample_kurtosis": 2.1995504132231405, "quant_sqnr": 7.171571047055018, "quant_mse": 5.126118048792705e-05, "quant_sparsity": 0.3615116477012634, "pruning_sqnr": 3.4674444202204384, "pruning_mse": 0.00012028217315673828, "pruning_sqnr_corrected": 2.4820190257761805, "pruning_mse_corrected": 0.00015091896057128906}, "features.24": {"sample_kurtosis": 1.0265318399999996, "quant_sqnr": 7.443020986264489, "quant_mse": 5.416928252088837e-05, "quant_sparsity": 0.37764739990234375, "pruning_sqnr": 3.3616536750861448, "pruning_mse": 0.0001386404037475586, "pruning_sqnr_corrected": 2.3383727223558277, "pruning_mse_corrected": 0.00017547607421875}, "features.26": {"sample_kurtosis": 0.6408888888888891, "quant_sqnr": 7.602303602870585, "quant_mse": 5.0272261432837695e-05, "quant_sparsity": 0.34811317920684814, "pruning_sqnr": 3.2229084831870973, "pruning_mse": 0.00013780593872070312, "pruning_sqnr_corrected": 2.296090486434436, "pruning_mse_corrected": 0.00017058849334716797}, "features.28": {"sample_kurtosis": 0.6979470563600696, "quant_sqnr": 7.547476097287543, "quant_mse": 4.554307088255882e-05, "quant_sparsity": 0.47143301367759705, "pruning_sqnr": 3.4254266824717265, "pruning_mse": 0.0001176595687866211, "pruning_sqnr_corrected": 2.091073050838361, "pruning_mse_corrected": 0.00015997886657714844}, "classifier.0": {"sample_kurtosis": -3.0, "quant_sqnr": 7.864992614055617, "quant_mse": 4.170850388618419e-06, "quant_sparsity": 0.4425356686115265, "pruning_sqnr": 3.304137733491909, "pruning_mse": 1.1920928955078125e-05, "pruning_sqnr_corrected": 2.0819789507636424, "pruning_mse_corrected": 1.5795230865478516e-05}, "classifier.3": {"sample_kurtosis": -3.0, "quant_sqnr": 8.209969879804625, "quant_mse": 1.5184419680736028e-05, "quant_sparsity": 0.4286460280418396, "pruning_sqnr": 3.064700811823376, "pruning_mse": 4.965066909790039e-05, "pruning_sqnr_corrected": 1.9248662596380486, "pruning_mse_corrected": 6.455183029174805e-05}, "classifier.6": {"sample_kurtosis": 0.07665704924446182, "quant_sqnr": 7.328549449734084, "quant_mse": 6.306976138148457e-05, "quant_sparsity": 0.39043092727661133, "pruning_sqnr": 3.0930836210068313, "pruning_mse": 0.0001672506332397461, "pruning_sqnr_corrected": 2.0521468995368837, "pruning_mse_corrected": 0.00021255016326904297}}