{"features.0": {"sample_kurtosis": 23.40293161408346, "quant_sqnr": 11.2055597535763, "quant_mse": 0.0018600308103486896, "quant_sparsity": 0.8680555820465088, "pruning_sqnr": 25.069079842280804, "pruning_mse": 7.641315460205078e-05, "pruning_sqnr_corrected": 4.048094248795694, "pruning_mse_corrected": 0.00966644287109375}, "features.3": {"sample_kurtosis": 56.71321169387148, "quant_sqnr": 9.472112303236484, "quant_mse": 0.00011253954289713874, "quant_sparsity": 0.921983540058136, "pruning_sqnr": Infinity, "pruning_mse": 0.0, "pruning_sqnr_corrected": 4.7380917398124875, "pruning_mse_corrected": 0.00033473968505859375}, "features.7": {"sample_kurtosis": 68.50882398606103, "quant_sqnr": 8.230057663953977, "quant_mse": 0.00018276982882525772, "quant_sparsity": 0.892442524433136, "pruning_sqnr": 20.741017205183496, "pruning_mse": 1.0251998901367188e-05, "pruning_sqnr_corrected": 5.039934011199638, "pruning_mse_corrected": 0.0003809928894042969}, "features.10": {"sample_kurtosis": 16.065075556340233, "quant_sqnr": 10.706872154262719, "quant_mse": 5.729705299017951e-05, "quant_sparsity": 0.7833319902420044, "pruning_sqnr": 14.120652859487246, "pruning_mse": 2.6106834411621094e-05, "pruning_sqnr_corrected": 4.473730818452037, "pruning_mse_corrected": 0.00024068355560302734}, "features.14": {"sample_kurtosis": 11.833251028806584, "quant_sqnr": 10.183719900374905, "quant_mse": 4.9411017243983224e-05, "quant_sparsity": 0.5994296669960022, "pruning_sqnr": 8.477173141401051, "pruning_mse": 7.319450378417969e-05, "pruning_sqnr_corrected": 4.517623310416017, "pruning_mse_corrected": 0.00018215179443359375}, "features.17": {"sample_kurtosis": 8.687319575800291, "quant_sqnr": 10.830235661605732, "quant_mse": 2.4340808522538282e-05, "quant_sparsity": 0.6264055371284485, "pruning_sqnr": 8.577543463740078, "pruning_mse": 4.088878631591797e-05, "pruning_sqnr_corrected": 4.130450948330319, "pruning_mse_corrected": 0.0001138448715209961}, "features.20": {"sample_kurtosis": 7.050666641106499, "quant_sqnr": 11.134439036369159, "quant_mse": 2.379584839218296e-05, "quant_sparsity": 0.5537024736404419, "pruning_sqnr": 7.5945845532059515, "pruning_mse": 5.3763389587402344e-05, "pruning_sqnr_corrected": 4.145044559111845, "pruning_mse_corrected": 0.00011897087097167969}, "features.23": {"sample_kurtosis": 10.526376780435367, "quant_sqnr": 10.653734130268223, "quant_mse": 3.142139394185506e-05, "quant_sparsity": 0.5060187578201294, "pruning_sqnr": 7.1104250122033, "pruning_mse": 7.104873657226562e-05, "pruning_sqnr_corrected": 4.222053249969703, "pruning_mse_corrected": 0.00013816356658935547}, "features.27": {"sample_kurtosis": 11.021710733750732, "quant_sqnr": 9.910717307429431, "quant_mse": 2.900979234254919e-05, "quant_sparsity": 0.5301030278205872, "pruning_sqnr": 7.240937372928552, "pruning_mse": 5.364418029785156e-05, "pruning_sqnr_corrected": 4.27428547031324, "pruning_mse_corrected": 0.0001062154769897461}, "features.30": {"sample_kurtosis": 5.684161271033858, "quant_sqnr": 10.941810535918275, "quant_mse": 1.4971097698435187e-05, "quant_sparsity": 0.4473838806152344, "pruning_sqnr": 6.214157665457741, "pruning_mse": 4.4465065002441406e-05, "pruning_sqnr_corrected": 3.982881405399002, "pruning_mse_corrected": 7.432699203491211e-05}, "features.33": {"sample_kurtosis": 3.3535019171597638, "quant_sqnr": 11.66498858769905, "quant_mse": 1.3316503100213595e-05, "quant_sparsity": 0.3636665344238281, "pruning_sqnr": 5.279426843082057, "pruning_mse": 5.793571472167969e-05, "pruning_sqnr_corrected": 3.716578328105168, "pruning_mse_corrected": 8.302927017211914e-05}, "features.36": {"sample_kurtosis": 2.6382158370090316, "quant_sqnr": 11.789129606183277, "quant_mse": 1.3849265087628737e-05, "quant_sparsity": 0.3237071633338928, "pruning_sqnr": 5.00519824301592, "pruning_mse": 6.604194641113281e-05, "pruning_sqnr_corrected": 3.6867889245073253, "pruning_mse_corrected": 8.946657180786133e-05}, "features.40": {"sample_kurtosis": 2.850508988077581, "quant_sqnr": 11.586869556525734, "quant_mse": 1.718971543596126e-05, "quant_sparsity": 0.29318490624427795, "pruning_sqnr": 4.997497860593631, "pruning_mse": 7.838010787963867e-05, "pruning_sqnr_corrected": 3.81383201317681, "pruning_mse_corrected": 0.00010293722152709961}, "features.43": {"sample_kurtosis": 2.761274696092123, "quant_sqnr": 11.825796663357181, "quant_mse": 1.6504449376952834e-05, "quant_sparsity": 0.32475027441978455, "pruning_sqnr": 4.812613669299469, "pruning_mse": 8.296966552734375e-05, "pruning_sqnr_corrected": 3.5166776816144454, "pruning_mse_corrected": 0.00011181831359863281}, "features.46": {"sample_kurtosis": 0.5753247166543161, "quant_sqnr": 13.184099963521303, "quant_mse": 1.0937887964246329e-05, "quant_sparsity": 0.25054678320884705, "pruning_sqnr": 4.517295944167026, "pruning_mse": 8.046627044677734e-05, "pruning_sqnr_corrected": 3.5443371334070006, "pruning_mse_corrected": 0.00010067224502563477}, "features.49": {"sample_kurtosis": 1.9029350016599098, "quant_sqnr": 12.157069900359392, "quant_mse": 1.1744917173928116e-05, "quant_sparsity": 0.2949790954589844, "pruning_sqnr": 4.8048737358549936, "pruning_mse": 6.383657455444336e-05, "pruning_sqnr_corrected": 3.644591299255273, "pruning_mse_corrected": 8.338689804077148e-05}, "classifier.0": {"sample_kurtosis": -3.0, "quant_sqnr": 12.14616912131049, "quant_mse": 1.247260911441117e-06, "quant_sparsity": 0.361737459897995, "pruning_sqnr": 4.860760973725889, "pruning_mse": 6.67572021484375e-06, "pruning_sqnr_corrected": 3.3389699572231906, "pruning_mse_corrected": 9.47713851928711e-06}, "classifier.3": {"sample_kurtosis": -3.0, "quant_sqnr": 13.349059428022407, "quant_mse": 4.09906806453364e-06, "quant_sparsity": 0.2975960373878479, "pruning_sqnr": 4.698804320764289, "pruning_mse": 3.0040740966796875e-05, "pruning_sqnr_corrected": 3.455884483529622, "pruning_mse_corrected": 3.999471664428711e-05}, "classifier.6": {"sample_kurtosis": 0.5741466640307045, "quant_sqnr": 12.849769182766655, "quant_mse": 1.8950555386254564e-05, "quant_sparsity": 0.2804538607597351, "pruning_sqnr": 4.738733861981334, "pruning_mse": 0.0001226663589477539, "pruning_sqnr_corrected": 3.614586115467071, "pruning_mse_corrected": 0.0001589059829711914}}