{"features.0": {"sample_kurtosis": 2.817766316207102, "quant_sqnr": 11.638123824822538, "quant_mse": 0.004457766190171242, "quant_sparsity": 0.3888888955116272, "pruning_sqnr": 6.157299018115264, "pruning_mse": 0.0157470703125, "pruning_sqnr_corrected": 4.404811153418655, "pruning_mse_corrected": 0.0235748291015625}, "features.2": {"sample_kurtosis": 6.439103202594023, "quant_sqnr": 10.038513553523403, "quant_mse": 0.00033915729727596045, "quant_sparsity": 0.451470285654068, "pruning_sqnr": 6.751832287400009, "pruning_mse": 0.0007228851318359375, "pruning_sqnr_corrected": 4.603813057304097, "pruning_mse_corrected": 0.0011854171752929688}, "features.5": {"sample_kurtosis": 5.977353368481127, "quant_sqnr": 10.136630951583443, "quant_mse": 0.0002800139191094786, "quant_sparsity": 0.4088813066482544, "pruning_sqnr": 6.23206293072792, "pruning_mse": 0.0006880760192871094, "pruning_sqnr_corrected": 4.384735551091249, "pruning_mse_corrected": 0.0010528564453125}, "features.7": {"sample_kurtosis": 2.8376067248182215, "quant_sqnr": 11.403475164153175, "quant_mse": 0.00012674336903728545, "quant_sparsity": 0.3344251811504364, "pruning_sqnr": 5.375530647544483, "pruning_mse": 0.0005078315734863281, "pruning_sqnr_corrected": 3.9728999980167465, "pruning_mse_corrected": 0.0007014274597167969}, "features.10": {"sample_kurtosis": 2.9216613393460626, "quant_sqnr": 11.46248093763729, "quant_mse": 8.859909576131031e-05, "quant_sparsity": 0.3164503276348114, "pruning_sqnr": 5.23491172700707, "pruning_mse": 0.00037169456481933594, "pruning_sqnr_corrected": 3.9411799315562934, "pruning_mse_corrected": 0.0005006790161132812}, "features.12": {"sample_kurtosis": 2.8434511240036224, "quant_sqnr": 11.439271264504116, "quant_mse": 5.487524686031975e-05, "quant_sparsity": 0.3031345009803772, "pruning_sqnr": 5.0618071956399024, "pruning_mse": 0.00023829936981201172, "pruning_sqnr_corrected": 3.8538958681227613, "pruning_mse_corrected": 0.0003147125244140625}, "features.15": {"sample_kurtosis": 3.0916879368827423, "quant_sqnr": 11.445045796164228, "quant_mse": 3.9794082113076e-05, "quant_sparsity": 0.2810075581073761, "pruning_sqnr": 5.006956368936559, "pruning_mse": 0.00017523765563964844, "pruning_sqnr_corrected": 3.892593706890031, "pruning_mse_corrected": 0.00022649765014648438}, "features.17": {"sample_kurtosis": 2.2518896166373414, "quant_sqnr": 11.880345922255216, "quant_mse": 2.2282785721472465e-05, "quant_sparsity": 0.29912227392196655, "pruning_sqnr": 4.7900900211465585, "pruning_mse": 0.00011402368545532227, "pruning_sqnr_corrected": 3.620896476035596, "pruning_mse_corrected": 0.00014925003051757812}, "features.20": {"sample_kurtosis": 1.3198135920282246, "quant_sqnr": 12.379210574173571, "quant_mse": 2.167063212255016e-05, "quant_sparsity": 0.25959184765815735, "pruning_sqnr": 4.680987596821606, "pruning_mse": 0.00012755393981933594, "pruning_sqnr_corrected": 3.6714876887236416, "pruning_mse_corrected": 0.0001609325408935547}, "features.22": {"sample_kurtosis": 1.3168241016531192, "quant_sqnr": 12.473048477336931, "quant_mse": 1.923777199408505e-05, "quant_sparsity": 0.26332345604896545, "pruning_sqnr": 4.790289028800124, "pruning_mse": 0.00011283159255981445, "pruning_sqnr_corrected": 3.7416247426894076, "pruning_mse_corrected": 0.0001436471939086914}, "classifier.0": {"sample_kurtosis": -3.0, "quant_sqnr": 13.155127864700106, "quant_mse": 1.530600457044784e-06, "quant_sparsity": 0.27114352583885193, "pruning_sqnr": 4.626434313510396, "pruning_mse": 1.0907649993896484e-05, "pruning_sqnr_corrected": 3.558786636713262, "pruning_mse_corrected": 1.3947486877441406e-05}, "classifier.3": {"sample_kurtosis": 1.8338613143081544, "quant_sqnr": 13.612659146683905, "quant_mse": 4.887593604507856e-06, "quant_sparsity": 0.21928441524505615, "pruning_sqnr": 4.343476638450518, "pruning_mse": 4.13060188293457e-05, "pruning_sqnr_corrected": 3.4976880695720904, "pruning_mse_corrected": 5.0187110900878906e-05}, "classifier.6": {"sample_kurtosis": 0.1727768289746745, "quant_sqnr": 13.299556042604813, "quant_mse": 1.6963431335170753e-05, "quant_sparsity": 0.25389575958251953, "pruning_sqnr": 4.362740188792696, "pruning_mse": 0.0001327991485595703, "pruning_sqnr_corrected": 3.395199744424363, "pruning_mse_corrected": 0.0001659393310546875}}