{"features.0": {"sample_kurtosis": 2.2829934494304123, "quant_sqnr": 16.778072001446272, "quant_mse": 0.0013213915517553687, "quant_sparsity": 0.23321759700775146, "pruning_sqnr": 7.325096152190389, "pruning_mse": 0.01165008544921875, "pruning_sqnr_corrected": 5.999589012022647, "pruning_mse_corrected": 0.01580810546875}, "features.2": {"sample_kurtosis": 6.076940399704476, "quant_sqnr": 14.196196193394417, "quant_mse": 0.00011873910261783749, "quant_sparsity": 0.3036295473575592, "pruning_sqnr": 8.034279159008337, "pruning_mse": 0.0004906654357910156, "pruning_sqnr_corrected": 6.243922761983711, "pruning_mse_corrected": 0.0007410049438476562}, "features.5": {"sample_kurtosis": 4.506744927322982, "quant_sqnr": 14.749122863143745, "quant_mse": 8.268982492154464e-05, "quant_sparsity": 0.2611219584941864, "pruning_sqnr": 7.448114084283826, "pruning_mse": 0.00044417381286621094, "pruning_sqnr_corrected": 5.937494721142786, "pruning_mse_corrected": 0.0006289482116699219}, "features.7": {"sample_kurtosis": 2.5647633714880333, "quant_sqnr": 15.801299011964398, "quant_mse": 3.8994250644464046e-05, "quant_sparsity": 0.2110392302274704, "pruning_sqnr": 6.811853831562442, "pruning_mse": 0.000308990478515625, "pruning_sqnr_corrected": 5.643645367701237, "pruning_mse_corrected": 0.00040435791015625}, "features.10": {"sample_kurtosis": 3.7202565179436835, "quant_sqnr": 15.093229284768706, "quant_mse": 3.13178934447933e-05, "quant_sparsity": 0.2222968190908432, "pruning_sqnr": 6.658799015614526, "pruning_mse": 0.00021839141845703125, "pruning_sqnr_corrected": 5.460681051319538, "pruning_mse_corrected": 0.00028777122497558594}, "features.12": {"sample_kurtosis": 1.9379020044655304, "quant_sqnr": 16.214453330190018, "quant_mse": 1.4433061551244464e-05, "quant_sparsity": 0.1772494912147522, "pruning_sqnr": 6.220673961485268, "pruning_mse": 0.00014412403106689453, "pruning_sqnr_corrected": 5.284024379536174, "pruning_mse_corrected": 0.00017881393432617188}, "features.14": {"sample_kurtosis": 3.589314082326208, "quant_sqnr": 15.15099562751841, "quant_mse": 1.9675504518090747e-05, "quant_sparsity": 0.1896904855966568, "pruning_sqnr": 6.351110114755821, "pruning_mse": 0.00014925003051757812, "pruning_sqnr_corrected": 5.351591271964564, "pruning_mse_corrected": 0.00018787384033203125}, "features.17": {"sample_kurtosis": 3.94375390868258, "quant_sqnr": 14.894495710494569, "quant_mse": 1.5109822925296612e-05, "quant_sparsity": 0.19597795605659485, "pruning_sqnr": 6.410613273196462, "pruning_mse": 0.00010657310485839844, "pruning_sqnr_corrected": 5.374029845864223, "pruning_mse_corrected": 0.00013530254364013672}, "features.19": {"sample_kurtosis": 2.060593215226528, "quant_sqnr": 16.365734217141647, "quant_mse": 6.198763458087342e-06, "quant_sparsity": 0.16929541528224945, "pruning_sqnr": 6.051565782928854, "pruning_mse": 6.663799285888672e-05, "pruning_sqnr_corrected": 5.168778146868831, "pruning_mse_corrected": 8.165836334228516e-05}, "features.21": {"sample_kurtosis": 2.1995504132231405, "quant_sqnr": 16.283538211367905, "quant_mse": 6.2891490415495355e-06, "quant_sparsity": 0.18547821044921875, "pruning_sqnr": 6.06342625136278, "pruning_mse": 6.61611557006836e-05, "pruning_sqnr_corrected": 5.0990237364714766, "pruning_mse_corrected": 8.26120376586914e-05}, "features.24": {"sample_kurtosis": 1.0265318399999996, "quant_sqnr": 16.961649999177308, "quant_mse": 6.05187824476161e-06, "quant_sparsity": 0.16759279370307922, "pruning_sqnr": 5.9590453342239, "pruning_mse": 7.623434066772461e-05, "pruning_sqnr_corrected": 5.085383291772148, "pruning_mse_corrected": 9.322166442871094e-05}, "features.26": {"sample_kurtosis": 0.6408888888888891, "quant_sqnr": 17.792606175823956, "quant_mse": 4.811695816897554e-06, "quant_sparsity": 0.153286412358284, "pruning_sqnr": 5.790687084193329, "pruning_mse": 7.62939453125e-05, "pruning_sqnr_corrected": 4.9988746237170805, "pruning_mse_corrected": 9.1552734375e-05}, "features.28": {"sample_kurtosis": 0.6979470563600696, "quant_sqnr": 17.56005006366554, "quant_mse": 4.541140242508845e-06, "quant_sparsity": 0.16883765161037445, "pruning_sqnr": 6.089121113720125, "pruning_mse": 6.371736526489258e-05, "pruning_sqnr_corrected": 5.189640637550138, "pruning_mse_corrected": 7.838010787963867e-05}, "classifier.0": {"sample_kurtosis": -3.0, "quant_sqnr": 17.687137715572327, "quant_mse": 4.3452033082758135e-07, "quant_sparsity": 0.13438351452350616, "pruning_sqnr": 5.980200135262224, "pruning_mse": 6.4373016357421875e-06, "pruning_sqnr_corrected": 5.242337993653036, "pruning_mse_corrected": 7.62939453125e-06}, "classifier.3": {"sample_kurtosis": -3.0, "quant_sqnr": 18.84577163313275, "quant_mse": 1.3116501804688596e-06, "quant_sparsity": 0.13104462623596191, "pruning_sqnr": 5.643572509075511, "pruning_mse": 2.7418136596679688e-05, "pruning_sqnr_corrected": 4.955263174023865, "pruning_mse_corrected": 3.212690353393555e-05}, "classifier.6": {"sample_kurtosis": 0.07665704924446182, "quant_sqnr": 18.720795765366844, "quant_mse": 4.57716487289872e-06, "quant_sparsity": 0.13479101657867432, "pruning_sqnr": 5.651074162249039, "pruning_mse": 9.28044319152832e-05, "pruning_sqnr_corrected": 4.961331600005307, "pruning_mse_corrected": 0.00010877847671508789}}