{"features.0": {"sample_kurtosis": 2.817766316207102, "quant_sqnr": 21.546290721427873, "quant_mse": 0.00045530308852903545, "quant_sparsity": 0.14351852238178253, "pruning_sqnr": 9.010558170814905, "pruning_mse": 0.0081634521484375, "pruning_sqnr_corrected": 7.9850029955627555, "pruning_mse_corrected": 0.01033782958984375}, "features.2": {"sample_kurtosis": 6.439103202594023, "quant_sqnr": 18.49448576332242, "quant_mse": 4.8395384510513395e-05, "quant_sparsity": 0.2045355886220932, "pruning_sqnr": 9.727890714603458, "pruning_mse": 0.0003643035888671875, "pruning_sqnr_corrected": 8.200526047832074, "pruning_mse_corrected": 0.0005178451538085938}, "features.5": {"sample_kurtosis": 5.977353368481127, "quant_sqnr": 18.247107050246306, "quant_mse": 4.326453199610114e-05, "quant_sparsity": 0.1888563334941864, "pruning_sqnr": 9.13534445833375, "pruning_mse": 0.00035262107849121094, "pruning_sqnr_corrected": 7.757926964254606, "pruning_mse_corrected": 0.00048422813415527344}, "features.7": {"sample_kurtosis": 2.8376067248182215, "quant_sqnr": 19.770645753138094, "quant_mse": 1.845900078478735e-05, "quant_sparsity": 0.1380547434091568, "pruning_sqnr": 8.136235685458626, "pruning_mse": 0.0002689361572265625, "pruning_sqnr_corrected": 7.170216750838296, "pruning_mse_corrected": 0.00033593177795410156}, "features.10": {"sample_kurtosis": 2.9216613393460626, "quant_sqnr": 19.382265733725294, "quant_mse": 1.4303779607871547e-05, "quant_sparsity": 0.1377902626991272, "pruning_sqnr": 7.964750343340105, "pruning_mse": 0.00019824504852294922, "pruning_sqnr_corrected": 7.0097753248033445, "pruning_mse_corrected": 0.00024700164794921875}, "features.12": {"sample_kurtosis": 2.8434511240036224, "quant_sqnr": 19.44000076352853, "quant_mse": 8.695679753145669e-06, "quant_sparsity": 0.1246202290058136, "pruning_sqnr": 7.735697581951575, "pruning_mse": 0.00012874603271484375, "pruning_sqnr_corrected": 6.887287875926279, "pruning_mse_corrected": 0.00015652179718017578}, "features.15": {"sample_kurtosis": 3.0916879368827423, "quant_sqnr": 19.17241885076505, "quant_mse": 6.71554380460293e-06, "quant_sparsity": 0.126190185546875, "pruning_sqnr": 7.676458429853618, "pruning_mse": 9.47713851928711e-05, "pruning_sqnr_corrected": 6.816891945910668, "pruning_mse_corrected": 0.00011551380157470703}, "features.17": {"sample_kurtosis": 2.2518896166373414, "quant_sqnr": 19.977406879019956, "quant_mse": 3.453531235209084e-06, "quant_sparsity": 0.10989464819431305, "pruning_sqnr": 7.424396637154208, "pruning_mse": 6.216764450073242e-05, "pruning_sqnr_corrected": 6.68354272512831, "pruning_mse_corrected": 7.37309455871582e-05}, "features.20": {"sample_kurtosis": 1.3198135920282246, "quant_sqnr": 21.108715564703807, "quant_mse": 2.903494987549493e-06, "quant_sparsity": 0.10564083606004715, "pruning_sqnr": 7.321866076693137, "pruning_mse": 6.943941116333008e-05, "pruning_sqnr_corrected": 6.605258003078198, "pruning_mse_corrected": 8.189678192138672e-05}, "features.22": {"sample_kurtosis": 1.3168241016531192, "quant_sqnr": 21.727331819210207, "quant_mse": 2.2841595637146384e-06, "quant_sparsity": 0.10749350488185883, "pruning_sqnr": 7.484317388430693, "pruning_mse": 6.0677528381347656e-05, "pruning_sqnr_corrected": 6.741125825586961, "pruning_mse_corrected": 7.200241088867188e-05}, "classifier.0": {"sample_kurtosis": -3.0, "quant_sqnr": 23.04454525481569, "quant_mse": 1.5700739197654912e-07, "quant_sparsity": 0.08309198915958405, "pruning_sqnr": 7.338684453889742, "pruning_mse": 5.841255187988281e-06, "pruning_sqnr_corrected": 6.758764984112875, "pruning_mse_corrected": 6.67572021484375e-06}, "classifier.3": {"sample_kurtosis": 1.8338613143081544, "quant_sqnr": 24.11809915496791, "quant_mse": 4.350619349224871e-07, "quant_sparsity": 0.07457715272903442, "pruning_sqnr": 6.975890986196332, "pruning_mse": 2.2530555725097656e-05, "pruning_sqnr_corrected": 6.46691968406547, "pruning_mse_corrected": 2.5331974029541016e-05}, "classifier.6": {"sample_kurtosis": 0.1727768289746745, "quant_sqnr": 23.98406402777055, "quant_mse": 1.448981720386655e-06, "quant_sparsity": 0.07828369736671448, "pruning_sqnr": 6.953446426539566, "pruning_mse": 7.31348991394043e-05, "pruning_sqnr_corrected": 6.433670252716502, "pruning_mse_corrected": 8.243322372436523e-05}}