{"features.0": {"sample_kurtosis": 17.229797831742594, "quant_sqnr": 19.227923709708577, "quant_mse": 0.00038970448076725006, "quant_sparsity": 0.7065972089767456, "pruning_sqnr": 24.94465750090814, "pruning_mse": 0.00010448694229125977, "pruning_sqnr_corrected": 9.804873472973298, "pruning_mse_corrected": 0.0034122467041015625}, "features.3": {"sample_kurtosis": 30.186866471888955, "quant_sqnr": 16.904614586947233, "quant_mse": 2.5675124561530538e-05, "quant_sparsity": 0.6647135615348816, "pruning_sqnr": 20.86647810732979, "pruning_mse": 1.0311603546142578e-05, "pruning_sqnr_corrected": 9.79908791229114, "pruning_mse_corrected": 0.00013184547424316406}, "features.7": {"sample_kurtosis": 16.758154487641914, "quant_sqnr": 17.205046825592227, "quant_mse": 2.9694683689740486e-05, "quant_sparsity": 0.4387342631816864, "pruning_sqnr": 13.297671932906777, "pruning_mse": 7.301568984985352e-05, "pruning_sqnr_corrected": 8.913055728877769, "pruning_mse_corrected": 0.00020039081573486328}, "features.10": {"sample_kurtosis": 6.1502297451165635, "quant_sqnr": 19.394190816547038, "quant_mse": 9.659550414653495e-06, "quant_sparsity": 0.3520711362361908, "pruning_sqnr": 11.434864457076923, "pruning_mse": 6.03795051574707e-05, "pruning_sqnr_corrected": 7.953719534790236, "pruning_mse_corrected": 0.00013458728790283203}, "features.14": {"sample_kurtosis": 5.450801674926623, "quant_sqnr": 19.170668933511116, "quant_mse": 8.149630048137624e-06, "quant_sparsity": 0.2378574013710022, "pruning_sqnr": 9.694220638774611, "pruning_mse": 7.224082946777344e-05, "pruning_sqnr_corrected": 7.7784378525086995, "pruning_mse_corrected": 0.00011229515075683594}, "features.17": {"sample_kurtosis": 3.21979566092526, "quant_sqnr": 19.873870141341175, "quant_mse": 4.29527653977857e-06, "quant_sparsity": 0.1752048134803772, "pruning_sqnr": 8.655496653101618, "pruning_mse": 5.6862831115722656e-05, "pruning_sqnr_corrected": 7.348451226608538, "pruning_mse_corrected": 7.683038711547852e-05}, "features.20": {"sample_kurtosis": 3.901066998086927, "quant_sqnr": 19.03202920859538, "quant_mse": 5.845695341122337e-06, "quant_sparsity": 0.150814488530159, "pruning_sqnr": 8.265731326257304, "pruning_mse": 6.973743438720703e-05, "pruning_sqnr_corrected": 7.209901712352421, "pruning_mse_corrected": 8.893013000488281e-05}, "features.24": {"sample_kurtosis": 5.7403147702280695, "quant_sqnr": 17.87684669252384, "quant_mse": 6.029304586263606e-06, "quant_sparsity": 0.1667700856924057, "pruning_sqnr": 8.32676950813151, "pruning_mse": 5.435943603515625e-05, "pruning_sqnr_corrected": 7.163955337373498, "pruning_mse_corrected": 7.104873657226562e-05}, "features.27": {"sample_kurtosis": 3.3166975233031195, "quant_sqnr": 18.933451194399204, "quant_mse": 3.063099029532168e-06, "quant_sparsity": 0.143890380859375, "pruning_sqnr": 7.833680636447702, "pruning_mse": 3.9458274841308594e-05, "pruning_sqnr_corrected": 6.835810516776824, "pruning_mse_corrected": 4.965066909790039e-05}, "features.30": {"sample_kurtosis": 3.0, "quant_sqnr": 19.12751612583767, "quant_mse": 3.039994453502004e-06, "quant_sparsity": 0.1508043110370636, "pruning_sqnr": 7.783594951643793, "pruning_mse": 4.1425228118896484e-05, "pruning_sqnr_corrected": 6.729105778674425, "pruning_mse_corrected": 5.2809715270996094e-05}, "features.34": {"sample_kurtosis": 2.464256547959809, "quant_sqnr": 19.317773853782136, "quant_mse": 3.244460003770655e-06, "quant_sparsity": 0.12395519763231277, "pruning_sqnr": 7.602283452818246, "pruning_mse": 4.8160552978515625e-05, "pruning_sqnr_corrected": 6.746446076250693, "pruning_mse_corrected": 5.8650970458984375e-05}, "features.37": {"sample_kurtosis": 1.4453940830730305, "quant_sqnr": 20.917723433418868, "quant_mse": 2.130771235897555e-06, "quant_sparsity": 0.10261408239603043, "pruning_sqnr": 7.202330689232303, "pruning_mse": 5.0127506256103516e-05, "pruning_sqnr_corrected": 6.507119120515057, "pruning_mse_corrected": 5.882978439331055e-05}, "features.40": {"sample_kurtosis": 2.087310058413709, "quant_sqnr": 20.761307302502754, "quant_mse": 1.8337572100790567e-06, "quant_sparsity": 0.11781692504882812, "pruning_sqnr": 7.600530282908474, "pruning_mse": 3.796815872192383e-05, "pruning_sqnr_corrected": 6.79397096677217, "pruning_mse_corrected": 4.571676254272461e-05}, "classifier.0": {"sample_kurtosis": -3.0, "quant_sqnr": 22.492668542961198, "quant_mse": 1.2556969863908307e-07, "quant_sparsity": 0.1433647722005844, "pruning_sqnr": 7.66691628216593, "pruning_mse": 3.814697265625e-06, "pruning_sqnr_corrected": 6.643865833218304, "pruning_mse_corrected": 4.827976226806641e-06}, "classifier.3": {"sample_kurtosis": -3.0, "quant_sqnr": 23.654345956985324, "quant_mse": 4.0315165961146704e-07, "quant_sparsity": 0.13877391815185547, "pruning_sqnr": 7.438365080626465, "pruning_mse": 1.6868114471435547e-05, "pruning_sqnr_corrected": 6.417399169430623, "pruning_mse_corrected": 2.1338462829589844e-05}, "classifier.6": {"sample_kurtosis": 0.2645464738020453, "quant_sqnr": 23.545775313021885, "quant_mse": 1.6892583971639397e-06, "quant_sparsity": 0.10602442175149918, "pruning_sqnr": 7.354797085870182, "pruning_mse": 7.027387619018555e-05, "pruning_sqnr_corrected": 6.639787134280121, "pruning_mse_corrected": 8.285045623779297e-05}}