{"features.0": {"sample_kurtosis": 14.89228812770753, "quant_sqnr": 31.40805997706149, "quant_mse": 2.7451396817923523e-05, "quant_sparsity": 0.546875, "pruning_sqnr": 37.47185489994158, "pruning_mse": 6.794929504394531e-06, "pruning_sqnr_corrected": 16.893459537855048, "pruning_mse_corrected": 0.0007762908935546875}, "features.3": {"sample_kurtosis": 30.753425197222008, "quant_sqnr": 26.092630246642567, "quant_mse": 3.6628412090067286e-06, "quant_sparsity": 0.6137152910232544, "pruning_sqnr": Infinity, "pruning_mse": 0.0, "pruning_sqnr_corrected": 13.991058538855505, "pruning_mse_corrected": 5.942583084106445e-05}, "features.7": {"sample_kurtosis": 24.69138905708446, "quant_sqnr": 27.023544399112495, "quant_mse": 3.8040104755054926e-06, "quant_sparsity": 0.4654541015625, "pruning_sqnr": 24.820101748116432, "pruning_mse": 6.318092346191406e-06, "pruning_sqnr_corrected": 13.122470436078235, "pruning_mse_corrected": 9.340047836303711e-05}, "features.10": {"sample_kurtosis": 7.316305945660572, "quant_sqnr": 28.366221018534805, "quant_mse": 1.5503943586736568e-06, "quant_sparsity": 0.36651611328125, "pruning_sqnr": 18.99601659146122, "pruning_mse": 1.341104507446289e-05, "pruning_sqnr_corrected": 11.650685133126021, "pruning_mse_corrected": 7.277727127075195e-05}, "features.14": {"sample_kurtosis": 4.80794022465487, "quant_sqnr": 27.674848807514604, "quant_mse": 1.558931899126037e-06, "quant_sparsity": 0.1094597727060318, "pruning_sqnr": 12.551023603481806, "pruning_mse": 5.072355270385742e-05, "pruning_sqnr_corrected": 11.224499362046052, "pruning_mse_corrected": 6.884336471557617e-05}, "features.17": {"sample_kurtosis": 4.209289253515298, "quant_sqnr": 28.320044017590348, "quant_mse": 8.62814772517595e-07, "quant_sparsity": 0.1398569792509079, "pruning_sqnr": 12.893504917597362, "pruning_mse": 3.0100345611572266e-05, "pruning_sqnr_corrected": 11.072806498468857, "pruning_mse_corrected": 4.57763671875e-05}, "features.21": {"sample_kurtosis": 7.2135791571686525, "quant_sqnr": 25.008571585098906, "quant_mse": 1.4688002920593135e-06, "quant_sparsity": 0.115186907351017, "pruning_sqnr": 12.023437246301217, "pruning_mse": 2.9206275939941406e-05, "pruning_sqnr_corrected": 10.651705316048101, "pruning_mse_corrected": 4.00543212890625e-05}, "features.24": {"sample_kurtosis": 4.162577831927127, "quant_sqnr": 26.198131027494377, "quant_mse": 7.363860277109779e-07, "quant_sparsity": 0.10958438366651535, "pruning_sqnr": 11.505371545832933, "pruning_mse": 2.1696090698242188e-05, "pruning_sqnr_corrected": 10.196734354649887, "pruning_mse_corrected": 2.9325485229492188e-05}, "features.28": {"sample_kurtosis": 2.4657742749317153, "quant_sqnr": 27.419016862836184, "quant_mse": 5.706124284188263e-07, "quant_sparsity": 0.08146074414253235, "pruning_sqnr": 11.123026458526098, "pruning_mse": 2.4318695068359375e-05, "pruning_sqnr_corrected": 10.162450266057308, "pruning_mse_corrected": 3.0338764190673828e-05}, "features.31": {"sample_kurtosis": 2.49265454197148, "quant_sqnr": 27.425696122108313, "quant_mse": 5.033166985413118e-07, "quant_sparsity": 0.052684783935546875, "pruning_sqnr": 10.714356614478202, "pruning_mse": 2.3603439331054688e-05, "pruning_sqnr_corrected": 10.130326453605008, "pruning_mse_corrected": 2.7000904083251953e-05}, "classifier.0": {"sample_kurtosis": -3.0, "quant_sqnr": 31.535324033227255, "quant_mse": 1.879291033901609e-08, "quant_sparsity": 0.06460213661193848, "pruning_sqnr": 10.724627443865131, "pruning_mse": 2.2649765014648438e-06, "pruning_sqnr_corrected": 9.990338272279795, "pruning_mse_corrected": 2.682209014892578e-06}, "classifier.3": {"sample_kurtosis": 2.385555136466868, "quant_sqnr": 33.873889412554746, "quant_mse": 4.333559644464913e-08, "quant_sparsity": 0.07495081424713135, "pruning_sqnr": 10.44833632839783, "pruning_mse": 9.5367431640625e-06, "pruning_sqnr_corrected": 9.566975441392316, "pruning_mse_corrected": 1.1682510375976562e-05}, "classifier.6": {"sample_kurtosis": 0.3094811261204393, "quant_sqnr": 33.70669961023534, "quant_mse": 1.8075492391744774e-07, "quant_sparsity": 0.043421633541584015, "pruning_sqnr": 10.225332976952204, "pruning_mse": 4.029273986816406e-05, "pruning_sqnr_corrected": 9.756850174361558, "pruning_mse_corrected": 4.488229751586914e-05}}