{"features.0": {"sample_kurtosis": 23.40293161408346, "quant_sqnr": 15.235466029360296, "quant_mse": 0.0007354099652729928, "quant_sparsity": 0.8373842835426331, "pruning_sqnr": 37.69697969396623, "pruning_mse": 4.172325134277344e-06, "pruning_sqnr_corrected": 5.911320912130856, "pruning_mse_corrected": 0.00629425048828125}, "features.3": {"sample_kurtosis": 56.71321169387148, "quant_sqnr": 13.530565225122796, "quant_mse": 4.420382538228296e-05, "quant_sparsity": 0.8911946415901184, "pruning_sqnr": Infinity, "pruning_mse": 0.0, "pruning_sqnr_corrected": 7.013140282194971, "pruning_mse_corrected": 0.00019824504852294922}, "features.7": {"sample_kurtosis": 68.50882398606103, "quant_sqnr": 11.762765373428296, "quant_mse": 8.102774154394865e-05, "quant_sparsity": 0.8448215126991272, "pruning_sqnr": 30.543576623225928, "pruning_mse": 1.0728836059570312e-06, "pruning_sqnr_corrected": 7.064857948057165, "pruning_mse_corrected": 0.0002390146255493164}, "features.10": {"sample_kurtosis": 16.065075556340233, "quant_sqnr": 14.969230456856677, "quant_mse": 2.1473184460774064e-05, "quant_sparsity": 0.7181803584098816, "pruning_sqnr": 18.982033589877624, "pruning_mse": 8.52346420288086e-06, "pruning_sqnr_corrected": 6.549050719144321, "pruning_mse_corrected": 0.00014925003051757812}, "features.14": {"sample_kurtosis": 11.833251028806584, "quant_sqnr": 14.011118084940522, "quant_mse": 2.046840381808579e-05, "quant_sparsity": 0.5067070722579956, "pruning_sqnr": 10.665117756662267, "pruning_mse": 4.4226646423339844e-05, "pruning_sqnr_corrected": 6.27498455167114, "pruning_mse_corrected": 0.00012153387069702148}, "features.17": {"sample_kurtosis": 8.687319575800291, "quant_sqnr": 14.849187815849984, "quant_mse": 9.648055311117787e-06, "quant_sparsity": 0.5468462109565735, "pruning_sqnr": 11.041288607550516, "pruning_mse": 2.3186206817626953e-05, "pruning_sqnr_corrected": 5.798011655191732, "pruning_mse_corrected": 7.75456428527832e-05}, "features.20": {"sample_kurtosis": 7.050666641106499, "quant_sqnr": 15.100534550961859, "quant_mse": 9.547543413646054e-06, "quant_sparsity": 0.4828677773475647, "pruning_sqnr": 9.727259151333381, "pruning_mse": 3.2901763916015625e-05, "pruning_sqnr_corrected": 5.679169792318971, "pruning_mse_corrected": 8.356571197509766e-05}, "features.23": {"sample_kurtosis": 10.526376780435367, "quant_sqnr": 14.357059874092034, "quant_mse": 1.3393462722888216e-05, "quant_sparsity": 0.4492916464805603, "pruning_sqnr": 9.042253980488576, "pruning_mse": 4.553794860839844e-05, "pruning_sqnr_corrected": 5.607188514171901, "pruning_mse_corrected": 0.0001004338264465332}, "features.27": {"sample_kurtosis": 11.021710733750732, "quant_sqnr": 13.477761199106483, "quant_mse": 1.2759693163388874e-05, "quant_sparsity": 0.4491051733493805, "pruning_sqnr": 9.134132620822914, "pruning_mse": 3.4689903259277344e-05, "pruning_sqnr_corrected": 5.776211601590983, "pruning_mse_corrected": 7.516145706176758e-05}, "features.30": {"sample_kurtosis": 5.684161271033858, "quant_sqnr": 14.615457489034862, "quant_mse": 6.425234005291713e-06, "quant_sparsity": 0.35792288184165955, "pruning_sqnr": 7.900040771786436, "pruning_mse": 3.0159950256347656e-05, "pruning_sqnr_corrected": 5.501657189446709, "pruning_mse_corrected": 5.239248275756836e-05}, "features.33": {"sample_kurtosis": 3.3535019171597638, "quant_sqnr": 15.524445611274336, "quant_mse": 5.4757610996603034e-06, "quant_sparsity": 0.2634798586368561, "pruning_sqnr": 6.723761711364709, "pruning_mse": 4.1544437408447266e-05, "pruning_sqnr_corrected": 5.204126576373009, "pruning_mse_corrected": 5.894899368286133e-05}, "features.36": {"sample_kurtosis": 2.6382158370090316, "quant_sqnr": 15.813828065923259, "quant_mse": 5.4822253332531545e-06, "quant_sparsity": 0.22060520946979523, "pruning_sqnr": 6.3603873048284685, "pruning_mse": 4.83393669128418e-05, "pruning_sqnr_corrected": 5.164883320014653, "pruning_mse_corrected": 6.365776062011719e-05}, "features.40": {"sample_kurtosis": 2.850508988077581, "quant_sqnr": 15.569580510962968, "quant_mse": 6.87064630255918e-06, "quant_sparsity": 0.19758479297161102, "pruning_sqnr": 6.345985049823089, "pruning_mse": 5.745887756347656e-05, "pruning_sqnr_corrected": 5.280648310567332, "pruning_mse_corrected": 7.343292236328125e-05}, "features.43": {"sample_kurtosis": 2.761274696092123, "quant_sqnr": 16.043796415801353, "quant_mse": 6.248863883229205e-06, "quant_sparsity": 0.18312835693359375, "pruning_sqnr": 6.146006455646782, "pruning_mse": 6.103515625e-05, "pruning_sqnr_corrected": 5.166739458295617, "pruning_mse_corrected": 7.647275924682617e-05}, "features.46": {"sample_kurtosis": 0.5753247166543161, "quant_sqnr": 17.79713412126472, "quant_mse": 3.781203531616484e-06, "quant_sparsity": 0.16442574560642242, "pruning_sqnr": 5.824978746857264, "pruning_mse": 5.9545040130615234e-05, "pruning_sqnr_corrected": 4.960596572933268, "pruning_mse_corrected": 7.265806198120117e-05}, "features.49": {"sample_kurtosis": 1.9029350016599098, "quant_sqnr": 16.548780600909645, "quant_mse": 4.272468686394859e-06, "quant_sparsity": 0.19264136254787445, "pruning_sqnr": 6.115516628278614, "pruning_mse": 4.7206878662109375e-05, "pruning_sqnr_corrected": 5.107113561913726, "pruning_mse_corrected": 5.9545040130615234e-05}, "classifier.0": {"sample_kurtosis": -3.0, "quant_sqnr": 17.347584334533863, "quant_mse": 3.7654405105058686e-07, "quant_sparsity": 0.18854986131191254, "pruning_sqnr": 6.214802676590537, "pruning_mse": 4.887580871582031e-06, "pruning_sqnr_corrected": 5.182607807439901, "pruning_mse_corrected": 6.198883056640625e-06}, "classifier.3": {"sample_kurtosis": -3.0, "quant_sqnr": 18.5090927587655, "quant_mse": 1.249343313247664e-06, "quant_sparsity": 0.20960044860839844, "pruning_sqnr": 6.112095848728982, "pruning_mse": 2.1696090698242188e-05, "pruning_sqnr_corrected": 4.91975455107391, "pruning_mse_corrected": 2.855062484741211e-05}, "classifier.6": {"sample_kurtosis": 0.5741466640307045, "quant_sqnr": 18.39471549787924, "quant_mse": 5.286001851345645e-06, "quant_sparsity": 0.17760205268859863, "pruning_sqnr": 6.063331758378171, "pruning_mse": 9.042024612426758e-05, "pruning_sqnr_corrected": 5.120074020827358, "pruning_mse_corrected": 0.00011235475540161133}}