{"features.0": {"sample_kurtosis": 2.2829934494304123, "quant_sqnr": 27.240160526139114, "quant_mse": 0.00011880170495714992, "quant_sparsity": 0.0850694477558136, "pruning_sqnr": 10.242540495849797, "pruning_mse": 0.005950927734375, "pruning_sqnr_corrected": 9.471657930431988, "pruning_mse_corrected": 0.007106781005859375}, "features.2": {"sample_kurtosis": 6.076940399704476, "quant_sqnr": 23.191566812266927, "quant_mse": 1.4964310139475856e-05, "quant_sparsity": 0.1197374165058136, "pruning_sqnr": 11.03193589036055, "pruning_mse": 0.0002460479736328125, "pruning_sqnr_corrected": 9.93021645360162, "pruning_mse_corrected": 0.0003170967102050781}, "features.5": {"sample_kurtosis": 4.506744927322982, "quant_sqnr": 23.42789378981113, "quant_mse": 1.120920933317393e-05, "quant_sparsity": 0.1054144948720932, "pruning_sqnr": 10.405125705872969, "pruning_mse": 0.00022482872009277344, "pruning_sqnr_corrected": 9.442478004811905, "pruning_mse_corrected": 0.00028061866760253906}, "features.7": {"sample_kurtosis": 2.5647633714880333, "quant_sqnr": 24.810505322209835, "quant_mse": 4.898689894616837e-06, "quant_sparsity": 0.0821261927485466, "pruning_sqnr": 9.68039803342791, "pruning_mse": 0.0001596212387084961, "pruning_sqnr_corrected": 8.947911138010296, "pruning_mse_corrected": 0.00018894672393798828}, "features.10": {"sample_kurtosis": 3.7202565179436835, "quant_sqnr": 22.659840489489493, "quant_mse": 5.48442903891555e-06, "quant_sparsity": 0.0916408970952034, "pruning_sqnr": 9.472132536792028, "pruning_mse": 0.00011426210403442383, "pruning_sqnr_corrected": 8.669760635985853, "pruning_mse_corrected": 0.00013744831085205078}, "features.12": {"sample_kurtosis": 1.9379020044655304, "quant_sqnr": 24.312177643604485, "quant_mse": 2.23658821596473e-06, "quant_sparsity": 0.0758989155292511, "pruning_sqnr": 9.006952890196246, "pruning_mse": 7.587671279907227e-05, "pruning_sqnr_corrected": 8.346754890299707, "pruning_mse_corrected": 8.83340835571289e-05}, "features.14": {"sample_kurtosis": 3.589314082326208, "quant_sqnr": 22.85235140831071, "quant_mse": 3.3403371162421536e-06, "quant_sparsity": 0.0862613245844841, "pruning_sqnr": 9.12842518399447, "pruning_mse": 7.873773574829102e-05, "pruning_sqnr_corrected": 8.381223924270374, "pruning_mse_corrected": 9.351968765258789e-05}, "features.17": {"sample_kurtosis": 3.94375390868258, "quant_sqnr": 22.243654999654858, "quant_mse": 2.7819123715744354e-06, "quant_sparsity": 0.08937666565179825, "pruning_sqnr": 9.193779389866677, "pruning_mse": 5.614757537841797e-05, "pruning_sqnr_corrected": 8.418904512642175, "pruning_mse_corrected": 6.711483001708984e-05}, "features.19": {"sample_kurtosis": 2.060593215226528, "quant_sqnr": 24.485942585123112, "quant_mse": 9.55617792897101e-07, "quant_sparsity": 0.07053078711032867, "pruning_sqnr": 8.798119368620963, "pruning_mse": 3.540515899658203e-05, "pruning_sqnr_corrected": 8.191776781617573, "pruning_mse_corrected": 4.07099723815918e-05}, "features.21": {"sample_kurtosis": 2.1995504132231405, "quant_sqnr": 24.557275219491498, "quant_mse": 9.358757324662292e-07, "quant_sparsity": 0.0722622349858284, "pruning_sqnr": 8.800781230416801, "pruning_mse": 3.522634506225586e-05, "pruning_sqnr_corrected": 8.178812292664567, "pruning_mse_corrected": 4.0650367736816406e-05}, "features.24": {"sample_kurtosis": 1.0265318399999996, "quant_sqnr": 25.547780497002215, "quant_mse": 8.380638973903842e-07, "quant_sparsity": 0.0634273961186409, "pruning_sqnr": 8.709053036205423, "pruning_mse": 4.0471553802490234e-05, "pruning_sqnr_corrected": 8.15720699850087, "pruning_mse_corrected": 4.595518112182617e-05}, "features.26": {"sample_kurtosis": 0.6408888888888891, "quant_sqnr": 27.083991092165288, "quant_mse": 5.664475111188949e-07, "quant_sparsity": 0.0521511510014534, "pruning_sqnr": 8.518579743856685, "pruning_mse": 4.07099723815918e-05, "pruning_sqnr_corrected": 8.071827985671284, "pruning_mse_corrected": 4.51207160949707e-05}, "features.28": {"sample_kurtosis": 0.6979470563600696, "quant_sqnr": 27.1321489706771, "quant_mse": 5.011353323425283e-07, "quant_sparsity": 0.060674455016851425, "pruning_sqnr": 8.88926955324629, "pruning_mse": 3.343820571899414e-05, "pruning_sqnr_corrected": 8.35800558699058, "pruning_mse_corrected": 3.7789344787597656e-05}, "classifier.0": {"sample_kurtosis": -3.0, "quant_sqnr": 27.824446549152782, "quant_mse": 4.2099721042632154e-08, "quant_sparsity": 0.04572967439889908, "pruning_sqnr": 8.755689133406806, "pruning_mse": 3.3974647521972656e-06, "pruning_sqnr_corrected": 8.321032195595903, "pruning_mse_corrected": 3.7550926208496094e-06}, "classifier.3": {"sample_kurtosis": -3.0, "quant_sqnr": 29.447820255605276, "quant_mse": 1.1418607925861579e-07, "quant_sparsity": 0.0446891188621521, "pruning_sqnr": 8.397252562503958, "pruning_mse": 1.4543533325195312e-05, "pruning_sqnr_corrected": 8.0060382122455, "pruning_mse_corrected": 1.5914440155029297e-05}, "classifier.6": {"sample_kurtosis": 0.07665704924446182, "quant_sqnr": 29.161483189361526, "quant_mse": 4.135497988499992e-07, "quant_sparsity": 0.04374585300683975, "pruning_sqnr": 8.346705707997643, "pruning_mse": 4.988908767700195e-05, "pruning_sqnr_corrected": 7.97401190464608, "pruning_mse_corrected": 5.435943603515625e-05}}