{"features.0": {"sample_kurtosis": 1.2434124588982476, "quant_sqnr": 17.570219843035208, "quant_mse": 0.002227780409157276, "quant_sparsity": 0.2100694477558136, "pruning_sqnr": 7.484795976662983, "pruning_mse": 0.0227203369140625, "pruning_sqnr_corrected": 6.108934039557994, "pruning_mse_corrected": 0.03118896484375}, "features.3": {"sample_kurtosis": 8.12276217096664, "quant_sqnr": 13.603205727848293, "quant_mse": 0.00018636207096278667, "quant_sparsity": 0.3587646484375, "pruning_sqnr": 9.148815117215015, "pruning_mse": 0.0005197525024414062, "pruning_sqnr_corrected": 6.797702322868879, "pruning_mse_corrected": 0.0008931159973144531}, "features.6": {"sample_kurtosis": 5.144191729465959, "quant_sqnr": 14.43181550056482, "quant_mse": 5.0081587687600404e-05, "quant_sparsity": 0.2519090473651886, "pruning_sqnr": 7.265022211005405, "pruning_mse": 0.0002608299255371094, "pruning_sqnr_corrected": 5.839617692351662, "pruning_mse_corrected": 0.00036215782165527344}, "features.8": {"sample_kurtosis": 4.719325088982083, "quant_sqnr": 14.8484082685065, "quant_mse": 2.912112177000381e-05, "quant_sparsity": 0.2320319265127182, "pruning_sqnr": 6.74907134143766, "pruning_mse": 0.00018799304962158203, "pruning_sqnr_corrected": 5.484563721749761, "pruning_mse_corrected": 0.00025153160095214844}, "features.11": {"sample_kurtosis": 3.416340958804933, "quant_sqnr": 15.11983299503888, "quant_mse": 1.8379676475888118e-05, "quant_sparsity": 0.19299909472465515, "pruning_sqnr": 6.457811524587152, "pruning_mse": 0.00013506412506103516, "pruning_sqnr_corrected": 5.431591612521012, "pruning_mse_corrected": 0.0001710653305053711}, "features.13": {"sample_kurtosis": 2.6298752810371244, "quant_sqnr": 15.807706678338775, "quant_mse": 9.508832590654492e-06, "quant_sparsity": 0.18121804296970367, "pruning_sqnr": 6.17187651347466, "pruning_mse": 8.744001388549805e-05, "pruning_sqnr_corrected": 5.223548963982552, "pruning_mse_corrected": 0.00010877847671508789}, "features.16": {"sample_kurtosis": 1.3842054609781353, "quant_sqnr": 16.638213354140202, "quant_mse": 8.443158549198415e-06, "quant_sparsity": 0.17914581298828125, "pruning_sqnr": 6.04460151159474, "pruning_mse": 9.679794311523438e-05, "pruning_sqnr_corrected": 5.107711255875023, "pruning_mse_corrected": 0.00012010335922241211}, "features.18": {"sample_kurtosis": 1.3851271950184216, "quant_sqnr": 17.038765240248114, "quant_mse": 7.058060418785317e-06, "quant_sparsity": 0.16525693237781525, "pruning_sqnr": 6.129289358865777, "pruning_mse": 8.702278137207031e-05, "pruning_sqnr_corrected": 5.2515723916537045, "pruning_mse_corrected": 0.00010651350021362305}, "classifier.0": {"sample_kurtosis": -3.0, "quant_sqnr": 17.729128320986906, "quant_mse": 5.409405616774166e-07, "quant_sparsity": 0.18202683329582214, "pruning_sqnr": 5.940617085099824, "pruning_mse": 8.165836334228516e-06, "pruning_sqnr_corrected": 4.977861652742353, "pruning_mse_corrected": 1.0192394256591797e-05}, "classifier.3": {"sample_kurtosis": 1.6474282548476458, "quant_sqnr": 18.79632063789527, "quant_mse": 1.5099037682375638e-06, "quant_sparsity": 0.1544373631477356, "pruning_sqnr": 5.647995398362752, "pruning_mse": 3.11732292175293e-05, "pruning_sqnr_corrected": 4.839606792499679, "pruning_mse_corrected": 3.7550926208496094e-05}, "classifier.6": {"sample_kurtosis": -0.010765676409057345, "quant_sqnr": 18.679030230151035, "quant_mse": 5.064144261268666e-06, "quant_sparsity": 0.14504395425319672, "pruning_sqnr": 5.641328774043988, "pruning_mse": 0.00010192394256591797, "pruning_sqnr_corrected": 4.898469407632065, "pruning_mse_corrected": 0.00012093782424926758}}