{"features.0": {"sample_kurtosis": 9.09688581314879, "quant_sqnr": 15.523868543169623, "quant_mse": 0.0018613245338201523, "quant_sparsity": 0.5949074029922485, "pruning_sqnr": 14.079207484787323, "pruning_mse": 0.0025959014892578125, "pruning_sqnr_corrected": 7.668241846019286, "pruning_mse_corrected": 0.01136016845703125}, "features.4": {"sample_kurtosis": 27.474477903477048, "quant_sqnr": 12.233547742145399, "quant_mse": 0.00015247783449012786, "quant_sparsity": 0.6812744140625, "pruning_sqnr": 14.792989901244164, "pruning_mse": 8.45789909362793e-05, "pruning_sqnr_corrected": 7.332147249402556, "pruning_mse_corrected": 0.00047135353088378906}, "features.8": {"sample_kurtosis": 17.73556080237952, "quant_sqnr": 12.124317544638373, "quant_mse": 5.9410340327303857e-05, "quant_sparsity": 0.377343088388443, "pruning_sqnr": 8.615418913894395, "pruning_mse": 0.00013327598571777344, "pruning_sqnr_corrected": 6.242014211604493, "pruning_mse_corrected": 0.0002301931381225586}, "features.11": {"sample_kurtosis": 5.627858205301134, "quant_sqnr": 14.725657506568652, "quant_mse": 2.1234194718999788e-05, "quant_sparsity": 0.2811330258846283, "pruning_sqnr": 7.550420523696665, "pruning_mse": 0.00011080503463745117, "pruning_sqnr_corrected": 5.897525381073663, "pruning_mse_corrected": 0.0001621246337890625}, "features.15": {"sample_kurtosis": 6.3896427561504385, "quant_sqnr": 14.268113335342019, "quant_mse": 1.8417829778627492e-05, "quant_sparsity": 0.26752811670303345, "pruning_sqnr": 7.126497016272113, "pruning_mse": 9.5367431640625e-05, "pruning_sqnr_corrected": 5.626612451357352, "pruning_mse_corrected": 0.0001347064971923828}, "features.18": {"sample_kurtosis": 4.134852663666715, "quant_sqnr": 15.04667090549299, "quant_mse": 1.0039638254966121e-05, "quant_sparsity": 0.23660999536514282, "pruning_sqnr": 6.711631631539658, "pruning_mse": 6.842613220214844e-05, "pruning_sqnr_corrected": 5.379804528614589, "pruning_mse_corrected": 9.298324584960938e-05}, "features.22": {"sample_kurtosis": 1.91974820472051, "quant_sqnr": 16.15939915781614, "quant_mse": 8.0359905041405e-06, "quant_sparsity": 0.20510567724704742, "pruning_sqnr": 6.3612067969811905, "pruning_mse": 7.671117782592773e-05, "pruning_sqnr_corrected": 5.24024229531737, "pruning_mse_corrected": 9.930133819580078e-05}, "features.25": {"sample_kurtosis": 2.75804904969561, "quant_sqnr": 15.658538393331726, "quant_mse": 7.903984624135774e-06, "quant_sparsity": 0.21053102612495422, "pruning_sqnr": 6.42705763061843, "pruning_mse": 6.622076034545898e-05, "pruning_sqnr_corrected": 5.303590280661055, "pruning_mse_corrected": 8.577108383178711e-05}, "classifier.0": {"sample_kurtosis": -3.0, "quant_sqnr": 16.81425974044774, "quant_mse": 5.784156655863626e-07, "quant_sparsity": 0.2298988699913025, "pruning_sqnr": 6.1916789401981855, "pruning_mse": 6.67572021484375e-06, "pruning_sqnr_corrected": 4.951996482777261, "pruning_mse_corrected": 8.881092071533203e-06}, "classifier.3": {"sample_kurtosis": 2.0761230138415385, "quant_sqnr": 18.31639937982864, "quant_mse": 1.6055223568400834e-06, "quant_sparsity": 0.19472956657409668, "pruning_sqnr": 5.843692386773195, "pruning_mse": 2.8371810913085938e-05, "pruning_sqnr_corrected": 4.795035672315264, "pruning_mse_corrected": 3.612041473388672e-05}, "classifier.6": {"sample_kurtosis": 0.44798356829896546, "quant_sqnr": 18.157100316192544, "quant_mse": 6.665669388894457e-06, "quant_sparsity": 0.16596387326717377, "pruning_sqnr": 5.963982774854816, "pruning_mse": 0.00011044740676879883, "pruning_sqnr_corrected": 5.1016525765697835, "pruning_mse_corrected": 0.0001347064971923828}}