{"features.0": {"sample_kurtosis": 9.09688581314879, "quant_sqnr": 10.756055556457696, "quant_mse": 0.005579604301601648, "quant_sparsity": 0.7251157164573669, "pruning_sqnr": 11.487304072652888, "pruning_mse": 0.0047149658203125, "pruning_sqnr_corrected": 4.611523867602613, "pruning_mse_corrected": 0.0229644775390625}, "features.4": {"sample_kurtosis": 27.474477903477048, "quant_sqnr": 8.711241659151396, "quant_mse": 0.00034311311901547015, "quant_sparsity": 0.7803276777267456, "pruning_sqnr": 12.18652865037515, "pruning_mse": 0.00015413761138916016, "pruning_sqnr_corrected": 5.00561749018938, "pruning_mse_corrected": 0.0008053779602050781}, "features.8": {"sample_kurtosis": 17.73556080237952, "quant_sqnr": 9.045841077601969, "quant_mse": 0.00012070067168679088, "quant_sparsity": 0.4809366762638092, "pruning_sqnr": 7.047793309916993, "pruning_mse": 0.00019121170043945312, "pruning_sqnr_corrected": 4.6876002069723155, "pruning_mse_corrected": 0.0003292560577392578}, "features.11": {"sample_kurtosis": 5.627858205301134, "quant_sqnr": 10.84148623221326, "quant_mse": 5.193413744564168e-05, "quant_sparsity": 0.3829430639743805, "pruning_sqnr": 6.080138550816825, "pruning_mse": 0.00015544891357421875, "pruning_sqnr_corrected": 4.337024939349871, "pruning_mse_corrected": 0.00023221969604492188}, "features.15": {"sample_kurtosis": 6.3896427561504385, "quant_sqnr": 10.582565715141552, "quant_mse": 4.303216701373458e-05, "quant_sparsity": 0.34513431787490845, "pruning_sqnr": 5.727706152259748, "pruning_mse": 0.0001316070556640625, "pruning_sqnr_corrected": 4.248479716969853, "pruning_mse_corrected": 0.0001850128173828125}, "features.18": {"sample_kurtosis": 4.134852663666715, "quant_sqnr": 11.333303174126655, "quant_mse": 2.3607763068866916e-05, "quant_sparsity": 0.3393283486366272, "pruning_sqnr": 5.305281244610722, "pruning_mse": 9.459257125854492e-05, "pruning_sqnr_corrected": 3.8710598215875915, "pruning_mse_corrected": 0.0001316070556640625}, "features.22": {"sample_kurtosis": 1.91974820472051, "quant_sqnr": 12.005135619558969, "quant_mse": 2.0915380446240306e-05, "quant_sparsity": 0.3192109167575836, "pruning_sqnr": 4.996933225264765, "pruning_mse": 0.00010502338409423828, "pruning_sqnr_corrected": 3.68757469455747, "pruning_mse_corrected": 0.00014197826385498047}, "features.25": {"sample_kurtosis": 2.75804904969561, "quant_sqnr": 11.462721492035898, "quant_mse": 2.0769582988577895e-05, "quant_sparsity": 0.2773967385292053, "pruning_sqnr": 5.091553576636852, "pruning_mse": 9.006261825561523e-05, "pruning_sqnr_corrected": 3.97273060270825, "pruning_mse_corrected": 0.00011652708053588867}, "classifier.0": {"sample_kurtosis": -3.0, "quant_sqnr": 12.379140973773113, "quant_mse": 1.606023602107598e-06, "quant_sparsity": 0.33238497376441956, "pruning_sqnr": 4.836944858724014, "pruning_mse": 9.119510650634766e-06, "pruning_sqnr_corrected": 3.4823963057894614, "pruning_mse_corrected": 1.245737075805664e-05}, "classifier.3": {"sample_kurtosis": 2.0761230138415385, "quant_sqnr": 13.221341732461017, "quant_mse": 5.1894594434998e-06, "quant_sparsity": 0.2536619305610657, "pruning_sqnr": 4.497314945974434, "pruning_mse": 3.8683414459228516e-05, "pruning_sqnr_corrected": 3.492228877264897, "pruning_mse_corrected": 4.875659942626953e-05}, "classifier.6": {"sample_kurtosis": 0.44798356829896546, "quant_sqnr": 12.712385404536764, "quant_mse": 2.3351525669568218e-05, "quant_sparsity": 0.29139748215675354, "pruning_sqnr": 4.666812627662625, "pruning_mse": 0.00014889240264892578, "pruning_sqnr_corrected": 3.521231598823487, "pruning_mse_corrected": 0.0001938343048095703}}