{"features.0": {"sample_kurtosis": 9.09688581314879, "quant_sqnr": 38.0590068112116, "quant_mse": 1.0382651453255676e-05, "quant_sparsity": 0.34317129850387573, "pruning_sqnr": 27.165150786527825, "pruning_mse": 0.00012755393981933594, "pruning_sqnr_corrected": 17.376394413467168, "pruning_mse_corrected": 0.0012149810791015625}, "features.4": {"sample_kurtosis": 27.474477903477048, "quant_sqnr": 28.548109877419783, "quant_mse": 3.562464144124533e-06, "quant_sparsity": 0.4171549379825592, "pruning_sqnr": 28.98887625758922, "pruning_mse": 3.2186508178710938e-06, "pruning_sqnr_corrected": 16.59078547202826, "pruning_mse_corrected": 5.5909156799316406e-05}, "features.8": {"sample_kurtosis": 17.73556080237952, "quant_sqnr": 26.87880616652255, "quant_mse": 1.9879853425663896e-06, "quant_sparsity": 0.1441379189491272, "pruning_sqnr": 15.675610141176378, "pruning_mse": 2.6226043701171875e-05, "pruning_sqnr_corrected": 13.411954826244973, "pruning_mse_corrected": 4.416704177856445e-05}, "features.11": {"sample_kurtosis": 5.627858205301134, "quant_sqnr": 29.987627533623424, "quant_mse": 6.321771479633753e-07, "quant_sparsity": 0.0818752720952034, "pruning_sqnr": 14.094242261084304, "pruning_mse": 2.4557113647460938e-05, "pruning_sqnr_corrected": 12.879249398649225, "pruning_mse_corrected": 3.248453140258789e-05}, "features.15": {"sample_kurtosis": 6.3896427561504385, "quant_sqnr": 28.897370033150715, "quant_mse": 6.343263976305025e-07, "quant_sparsity": 0.056784737855196, "pruning_sqnr": 13.381304743150636, "pruning_mse": 2.2590160369873047e-05, "pruning_sqnr_corrected": 12.578048416187011, "pruning_mse_corrected": 2.7179718017578125e-05}, "features.18": {"sample_kurtosis": 4.134852663666715, "quant_sqnr": 30.183330534018175, "quant_mse": 3.076465873164125e-07, "quant_sparsity": 0.058400049805641174, "pruning_sqnr": 13.144645438776394, "pruning_mse": 1.5556812286376953e-05, "pruning_sqnr_corrected": 12.273143681587392, "pruning_mse_corrected": 1.901388168334961e-05}, "features.22": {"sample_kurtosis": 1.91974820472051, "quant_sqnr": 32.70418701081012, "quant_mse": 1.7805764684908354e-07, "quant_sparsity": 0.04341379925608635, "pruning_sqnr": 12.599778001209256, "pruning_mse": 1.823902130126953e-05, "pruning_sqnr_corrected": 11.979245212146832, "pruning_mse_corrected": 2.104043960571289e-05}, "features.25": {"sample_kurtosis": 2.75804904969561, "quant_sqnr": 31.673858959641027, "quant_mse": 1.978399666313635e-07, "quant_sparsity": 0.035527970641851425, "pruning_sqnr": 12.443750260846345, "pruning_mse": 1.6570091247558594e-05, "pruning_sqnr_corrected": 11.942652279842678, "pruning_mse_corrected": 1.8596649169921875e-05}, "classifier.0": {"sample_kurtosis": -3.0, "quant_sqnr": 34.79560129764162, "quant_mse": 9.206740259060098e-09, "quant_sparsity": 0.058415818959474564, "pruning_sqnr": 12.534125687191821, "pruning_mse": 1.5497207641601562e-06, "pruning_sqnr_corrected": 11.632359383700944, "pruning_mse_corrected": 1.9073486328125e-06}, "classifier.3": {"sample_kurtosis": 2.0761230138415385, "quant_sqnr": 38.70794252401861, "quant_mse": 1.4671078574224339e-08, "quant_sparsity": 0.05569952726364136, "pruning_sqnr": 12.12758168727631, "pruning_mse": 6.67572021484375e-06, "pruning_sqnr_corrected": 11.316424229028065, "pruning_mse_corrected": 8.046627044677734e-06}, "classifier.6": {"sample_kurtosis": 0.44798356829896546, "quant_sqnr": 38.73127840155088, "quant_mse": 5.840176342530867e-08, "quant_sparsity": 0.026880616322159767, "pruning_sqnr": 11.785319582021156, "pruning_mse": 2.8908252716064453e-05, "pruning_sqnr_corrected": 11.424630815918327, "pruning_mse_corrected": 3.141164779663086e-05}}