{"features.0": {"sample_kurtosis": 1.7546389344354347, "quant_sqnr": 34.067671997091765, "quant_mse": 2.5238603484467603e-05, "quant_sparsity": 0.032407406717538834, "pruning_sqnr": 11.911428982033417, "pruning_mse": 0.004146575927734375, "pruning_sqnr_corrected": 11.551225446761215, "pruning_mse_corrected": 0.004505157470703125}, "features.2": {"sample_kurtosis": 5.316591430415794, "quant_sqnr": 28.706194637661234, "quant_mse": 4.193057066004258e-06, "quant_sparsity": 0.0693630650639534, "pruning_sqnr": 12.813894377282534, "pruning_mse": 0.0001628398895263672, "pruning_sqnr_corrected": 12.02261183503268, "pruning_mse_corrected": 0.00019538402557373047}, "features.5": {"sample_kurtosis": 5.414975575959966, "quant_sqnr": 27.418733450895374, "quant_mse": 4.295639882911928e-06, "quant_sparsity": 0.0732964426279068, "pruning_sqnr": 12.19771928198721, "pruning_mse": 0.00014293193817138672, "pruning_sqnr_corrected": 11.36325496999548, "pruning_mse_corrected": 0.00017321109771728516}, "features.7": {"sample_kurtosis": 3.247752800303692, "quant_sqnr": 27.122314276082932, "quant_mse": 2.8323299829935422e-06, "quant_sparsity": 0.0602552630007267, "pruning_sqnr": 11.186492653362233, "pruning_mse": 0.00011110305786132812, "pruning_sqnr_corrected": 10.518356336039101, "pruning_mse_corrected": 0.00012958049774169922}, "features.10": {"sample_kurtosis": 4.697437545976054, "quant_sqnr": 25.36407671251901, "quant_mse": 2.7483122266858118e-06, "quant_sparsity": 0.0640597864985466, "pruning_sqnr": 11.11349074414196, "pruning_mse": 7.31348991394043e-05, "pruning_sqnr_corrected": 10.409273060477059, "pruning_mse_corrected": 8.600950241088867e-05}, "features.12": {"sample_kurtosis": 2.1713048317084622, "quant_sqnr": 27.90471772671409, "quant_mse": 8.543846661268617e-07, "quant_sparsity": 0.0475785993039608, "pruning_sqnr": 10.575434114543128, "pruning_mse": 4.6193599700927734e-05, "pruning_sqnr_corrected": 10.058308702550534, "pruning_mse_corrected": 5.2034854888916016e-05}, "features.14": {"sample_kurtosis": 1.8274999602393676, "quant_sqnr": 28.62009566072104, "quant_mse": 7.180771035564248e-07, "quant_sparsity": 0.0465426966547966, "pruning_sqnr": 10.430800387131978, "pruning_mse": 4.7326087951660156e-05, "pruning_sqnr_corrected": 9.920490822517475, "pruning_mse_corrected": 5.322694778442383e-05}, "features.16": {"sample_kurtosis": 3.4547614650661744, "quant_sqnr": 26.879349015304474, "quant_mse": 1.1259277243880206e-06, "quant_sparsity": 0.0538736991584301, "pruning_sqnr": 10.594497653430544, "pruning_mse": 4.786252975463867e-05, "pruning_sqnr_corrected": 10.00849799235624, "pruning_mse_corrected": 5.4776668548583984e-05}, "features.19": {"sample_kurtosis": 3.461146223469248, "quant_sqnr": 26.85674163191836, "quant_mse": 8.210741953007528e-07, "quant_sparsity": 0.0569814033806324, "pruning_sqnr": 10.643539790523334, "pruning_mse": 3.4332275390625e-05, "pruning_sqnr_corrected": 10.019548171724411, "pruning_mse_corrected": 3.9637088775634766e-05}, "features.21": {"sample_kurtosis": 1.6279217569380693, "quant_sqnr": 28.253780058599883, "quant_mse": 3.421632186473289e-07, "quant_sparsity": 0.0469173863530159, "pruning_sqnr": 10.304481977236563, "pruning_mse": 2.1338462829589844e-05, "pruning_sqnr_corrected": 9.801051712830606, "pruning_mse_corrected": 2.396106719970703e-05}, "features.23": {"sample_kurtosis": 0.953588449395725, "quant_sqnr": 29.71474187778561, "quant_mse": 2.2939856592074648e-07, "quant_sparsity": 0.041052501648664474, "pruning_sqnr": 10.177086835142488, "pruning_mse": 2.0623207092285156e-05, "pruning_sqnr_corrected": 9.735860083384026, "pruning_mse_corrected": 2.282857894897461e-05}, "features.25": {"sample_kurtosis": 1.0713966771113625, "quant_sqnr": 29.528232551784207, "quant_mse": 2.3787011116382928e-07, "quant_sparsity": 0.04123009741306305, "pruning_sqnr": 10.236833284407922, "pruning_mse": 2.0205974578857422e-05, "pruning_sqnr_corrected": 9.786951817162134, "pruning_mse_corrected": 2.2411346435546875e-05}, "features.28": {"sample_kurtosis": 0.8261900787167411, "quant_sqnr": 29.780551919733995, "quant_mse": 2.6456802970642457e-07, "quant_sparsity": 0.037429384887218475, "pruning_sqnr": 10.189310858510689, "pruning_mse": 2.4080276489257812e-05, "pruning_sqnr_corrected": 9.789087247386043, "pruning_mse_corrected": 2.6404857635498047e-05}, "features.30": {"sample_kurtosis": 0.8261900787167411, "quant_sqnr": 31.665562424474253, "quant_mse": 1.7173501021261472e-07, "quant_sparsity": 0.033256955444812775, "pruning_sqnr": 10.101849269789875, "pruning_mse": 2.4616718292236328e-05, "pruning_sqnr_corrected": 9.738886376320654, "pruning_mse_corrected": 2.676248550415039e-05}, "features.32": {"sample_kurtosis": 0.2888453962638162, "quant_sqnr": 32.65139486764082, "quant_mse": 1.2805510607449833e-07, "quant_sparsity": 0.0290662981569767, "pruning_sqnr": 9.984657761620268, "pruning_mse": 2.3663043975830078e-05, "pruning_sqnr_corrected": 9.668284079001179, "pruning_mse_corrected": 2.5451183319091797e-05}, "features.34": {"sample_kurtosis": 0.9052806852833233, "quant_sqnr": 31.810600871643665, "quant_mse": 1.434665932720236e-07, "quant_sparsity": 0.034063126891851425, "pruning_sqnr": 10.336140685846066, "pruning_mse": 2.014636993408203e-05, "pruning_sqnr_corrected": 9.966829501887437, "pruning_mse_corrected": 2.193450927734375e-05}, "classifier.0": {"sample_kurtosis": -3.0, "quant_sqnr": 33.24678879331305, "quant_mse": 1.0611800327353649e-08, "quant_sparsity": 0.03082244098186493, "pruning_sqnr": 10.311198005773853, "pruning_mse": 2.086162567138672e-06, "pruning_sqnr_corrected": 9.954042483108509, "pruning_mse_corrected": 2.2649765014648438e-06}, "classifier.3": {"sample_kurtosis": -3.0, "quant_sqnr": 34.36487024150277, "quant_mse": 3.444888818648906e-08, "quant_sparsity": 0.02680075168609619, "pruning_sqnr": 9.942621473523694, "pruning_mse": 9.5367431640625e-06, "pruning_sqnr_corrected": 9.653860196161403, "pruning_mse_corrected": 1.0192394256591797e-05}, "classifier.6": {"sample_kurtosis": 0.28932513335937005, "quant_sqnr": 34.240134508570875, "quant_mse": 1.2420778716659697e-07, "quant_sparsity": 0.02546044997870922, "pruning_sqnr": 9.839702790392995, "pruning_mse": 3.421306610107422e-05, "pruning_sqnr_corrected": 9.561307492917116, "pruning_mse_corrected": 3.647804260253906e-05}}