{"features.0": {"sample_kurtosis": 9.09688581314879, "quant_sqnr": 6.28711666761269, "quant_mse": 0.015613392926752567, "quant_sparsity": 0.8333333134651184, "pruning_sqnr": 8.79021042000493, "pruning_mse": 0.0087738037109375, "pruning_sqnr_corrected": 2.20056199336058, "pruning_mse_corrected": 0.040008544921875}, "features.4": {"sample_kurtosis": 27.474477903477048, "quant_sqnr": 5.489826889758601, "quant_mse": 0.0007204084540717304, "quant_sparsity": 0.8593342900276184, "pruning_sqnr": 9.518534889697715, "pruning_mse": 0.0002849102020263672, "pruning_sqnr_corrected": 3.0429048006153003, "pruning_mse_corrected": 0.0012655258178710938}, "features.8": {"sample_kurtosis": 17.73556080237952, "quant_sqnr": 5.879441311762577, "quant_mse": 0.0002502359275240451, "quant_sparsity": 0.6268446445465088, "pruning_sqnr": 5.444957100489444, "pruning_mse": 0.0002765655517578125, "pruning_sqnr_corrected": 3.1010062286615616, "pruning_mse_corrected": 0.0004744529724121094}, "features.11": {"sample_kurtosis": 5.627858205301134, "quant_sqnr": 6.639026370177801, "quant_mse": 0.00013667809253092855, "quant_sparsity": 0.5986243486404419, "pruning_sqnr": 4.570597497876906, "pruning_mse": 0.0002200603485107422, "pruning_sqnr_corrected": 2.5258701675479567, "pruning_mse_corrected": 0.0003523826599121094}, "features.15": {"sample_kurtosis": 6.3896427561504385, "quant_sqnr": 6.666491382077735, "quant_mse": 0.00010602313705021515, "quant_sparsity": 0.48566606640815735, "pruning_sqnr": 4.299143290061927, "pruning_mse": 0.00018286705017089844, "pruning_sqnr_corrected": 2.788798677023456, "pruning_mse_corrected": 0.0002589225769042969}, "features.18": {"sample_kurtosis": 4.134852663666715, "quant_sqnr": 7.218485939472172, "quant_mse": 6.0888680309290066e-05, "quant_sparsity": 0.4694006145000458, "pruning_sqnr": 3.894727154378661, "pruning_mse": 0.0001308917999267578, "pruning_sqnr_corrected": 2.490894747652087, "pruning_mse_corrected": 0.00018084049224853516}, "features.22": {"sample_kurtosis": 1.91974820472051, "quant_sqnr": 7.214142885783041, "quant_mse": 6.303257396211848e-05, "quant_sparsity": 0.5203717350959778, "pruning_sqnr": 3.629619608411753, "pruning_mse": 0.00014388561248779297, "pruning_sqnr_corrected": 2.1116547059739004, "pruning_mse_corrected": 0.0002040863037109375}, "features.25": {"sample_kurtosis": 2.75804904969561, "quant_sqnr": 7.049284041327702, "quant_mse": 5.738145046052523e-05, "quant_sparsity": 0.4035254716873169, "pruning_sqnr": 3.741311610552129, "pruning_mse": 0.00012290477752685547, "pruning_sqnr_corrected": 2.5866754200030266, "pruning_mse_corrected": 0.00016033649444580078}, "classifier.0": {"sample_kurtosis": -3.0, "quant_sqnr": 7.419671114534064, "quant_mse": 5.031516593589913e-06, "quant_sparsity": 0.464813232421875, "pruning_sqnr": 3.4823963057894614, "pruning_mse": 1.245737075805664e-05, "pruning_sqnr_corrected": 2.1354105668148997, "pruning_mse_corrected": 1.6987323760986328e-05}, "classifier.3": {"sample_kurtosis": 2.0761230138415385, "quant_sqnr": 7.935040965668034, "quant_mse": 1.752880052663386e-05, "quant_sparsity": 0.44754642248153687, "pruning_sqnr": 3.1749351924764397, "pruning_mse": 5.245208740234375e-05, "pruning_sqnr_corrected": 1.9527764097481735, "pruning_mse_corrected": 6.949901580810547e-05}, "classifier.6": {"sample_kurtosis": 0.44798356829896546, "quant_sqnr": 6.908846687242381, "quant_mse": 8.885239367373288e-05, "quant_sparsity": 0.48367971181869507, "pruning_sqnr": 3.353569965267245, "pruning_mse": 0.0002014636993408203, "pruning_sqnr_corrected": 1.9813026951282087, "pruning_mse_corrected": 0.00027632713317871094}}