{"features.0": {"sample_kurtosis": 23.40293161408346, "quant_sqnr": 37.6218403019091, "quant_mse": 4.245140644343337e-06, "quant_sparsity": 0.7228009104728699, "pruning_sqnr": Infinity, "pruning_mse": 0.0, "pruning_sqnr_corrected": 18.143538880746224, "pruning_mse_corrected": 0.0003764629364013672}, "features.3": {"sample_kurtosis": 56.71321169387148, "quant_sqnr": 33.89988734333161, "quant_mse": 4.0600150441605365e-07, "quant_sparsity": 0.8147515058517456, "pruning_sqnr": Infinity, "pruning_mse": 0.0, "pruning_sqnr_corrected": 16.730079200479036, "pruning_mse_corrected": 2.1159648895263672e-05}, "features.7": {"sample_kurtosis": 68.50882398606103, "quant_sqnr": 30.398936616209085, "quant_mse": 1.1092172371718334e-06, "quant_sparsity": 0.7161458134651184, "pruning_sqnr": Infinity, "pruning_mse": 0.0, "pruning_sqnr_corrected": 16.080621823699715, "pruning_mse_corrected": 2.9981136322021484e-05}, "features.10": {"sample_kurtosis": 16.065075556340233, "quant_sqnr": 35.09898547489315, "quant_mse": 2.0841115144776268e-07, "quant_sparsity": 0.6058892011642456, "pruning_sqnr": Infinity, "pruning_mse": 0.0, "pruning_sqnr_corrected": 14.795081287251053, "pruning_mse_corrected": 2.2351741790771484e-05}, "features.14": {"sample_kurtosis": 11.833251028806584, "quant_sqnr": 28.843903415361865, "quant_mse": 6.72675241730758e-07, "quant_sparsity": 0.3542446494102478, "pruning_sqnr": 22.7415784926368, "pruning_mse": 2.7418136596679688e-06, "pruning_sqnr_corrected": 13.436296139247968, "pruning_mse_corrected": 2.3365020751953125e-05}, "features.17": {"sample_kurtosis": 8.687319575800291, "quant_sqnr": 31.367594421648548, "quant_mse": 2.1507955239030707e-07, "quant_sparsity": 0.4076741635799408, "pruning_sqnr": 26.940784620807598, "pruning_mse": 5.960464477539062e-07, "pruning_sqnr_corrected": 13.031433549773803, "pruning_mse_corrected": 1.4662742614746094e-05}, "features.20": {"sample_kurtosis": 7.050666641106499, "quant_sqnr": 30.879290360574, "quant_mse": 2.523574096358061e-07, "quant_sparsity": 0.3394927978515625, "pruning_sqnr": 21.705969485122615, "pruning_mse": 2.086162567138672e-06, "pruning_sqnr_corrected": 12.769144300421491, "pruning_mse_corrected": 1.633167266845703e-05}, "features.23": {"sample_kurtosis": 10.526376780435367, "quant_sqnr": 27.625351679868878, "quant_mse": 6.310498861239466e-07, "quant_sparsity": 0.3049587607383728, "pruning_sqnr": 19.29986260193279, "pruning_mse": 4.291534423828125e-06, "pruning_sqnr_corrected": 12.358687586516723, "pruning_mse_corrected": 2.1219253540039062e-05}, "features.27": {"sample_kurtosis": 11.021710733750732, "quant_sqnr": 29.432534650095846, "quant_mse": 3.2386415682594816e-07, "quant_sparsity": 0.29254066944122314, "pruning_sqnr": 19.074842350900358, "pruning_mse": 3.516674041748047e-06, "pruning_sqnr_corrected": 12.600349554124346, "pruning_mse_corrected": 1.5616416931152344e-05}, "features.30": {"sample_kurtosis": 5.684161271033858, "quant_sqnr": 30.32421520916546, "quant_mse": 1.725890257375795e-07, "quant_sparsity": 0.217800572514534, "pruning_sqnr": 16.30831733897987, "pruning_mse": 4.351139068603516e-06, "pruning_sqnr_corrected": 12.154009930656137, "pruning_mse_corrected": 1.1324882507324219e-05}, "features.33": {"sample_kurtosis": 3.3535019171597638, "quant_sqnr": 30.695488044739392, "quant_mse": 1.6647163647576235e-07, "quant_sparsity": 0.10258950293064117, "pruning_sqnr": 13.45347233839523, "pruning_mse": 8.821487426757812e-06, "pruning_sqnr_corrected": 11.851951758852895, "pruning_mse_corrected": 1.2755393981933594e-05}, "features.36": {"sample_kurtosis": 2.6382158370090316, "quant_sqnr": 32.358524354889454, "quant_mse": 1.214750966482825e-07, "quant_sparsity": 0.04872385784983635, "pruning_sqnr": 12.57257854763777, "pruning_mse": 1.1563301086425781e-05, "pruning_sqnr_corrected": 11.871247376935493, "pruning_mse_corrected": 1.3589859008789062e-05}, "features.40": {"sample_kurtosis": 2.850508988077581, "quant_sqnr": 31.796677931345684, "quant_mse": 1.6379017608869617e-07, "quant_sparsity": 0.041482288390398026, "pruning_sqnr": 12.49459681474997, "pruning_mse": 1.3947486877441406e-05, "pruning_sqnr_corrected": 11.90540744856351, "pruning_mse_corrected": 1.5974044799804688e-05}, "features.43": {"sample_kurtosis": 2.761274696092123, "quant_sqnr": 29.6624987081, "quant_mse": 2.716006690661743e-07, "quant_sparsity": 0.04265763983130455, "pruning_sqnr": 12.235000614229461, "pruning_mse": 1.5020370483398438e-05, "pruning_sqnr_corrected": 11.640027594479424, "pruning_mse_corrected": 1.722574234008789e-05}, "features.46": {"sample_kurtosis": 0.5753247166543161, "quant_sqnr": 34.784555699549735, "quant_mse": 7.566375614942444e-08, "quant_sparsity": 0.023758359253406525, "pruning_sqnr": 11.806628221301647, "pruning_mse": 1.5020370483398438e-05, "pruning_sqnr_corrected": 11.4749445887751, "pruning_mse_corrected": 1.621246337890625e-05}, "features.49": {"sample_kurtosis": 1.9029350016599098, "quant_sqnr": 32.9741590254421, "quant_mse": 9.730631944648849e-08, "quant_sparsity": 0.028740353882312775, "pruning_sqnr": 12.070807869968661, "pruning_mse": 1.1980533599853516e-05, "pruning_sqnr_corrected": 11.658845707322442, "pruning_mse_corrected": 1.3172626495361328e-05}, "classifier.0": {"sample_kurtosis": -3.0, "quant_sqnr": 34.3222141245227, "quant_mse": 7.557058978591158e-09, "quant_sparsity": 0.07675343006849289, "pruning_sqnr": 12.565405190899416, "pruning_mse": 1.1324882507324219e-06, "pruning_sqnr_corrected": 11.550828783311644, "pruning_mse_corrected": 1.430511474609375e-06}, "classifier.3": {"sample_kurtosis": -3.0, "quant_sqnr": 39.19291758863003, "quant_mse": 1.067331467652366e-08, "quant_sparsity": 0.09939688444137573, "pruning_sqnr": 12.914973762411627, "pruning_mse": 4.5299530029296875e-06, "pruning_sqnr_corrected": 11.348844705813306, "pruning_mse_corrected": 6.496906280517578e-06}, "classifier.6": {"sample_kurtosis": 0.5741466640307045, "quant_sqnr": 39.17734250927775, "quant_mse": 4.414328103052867e-08, "quant_sparsity": 0.05299878120422363, "pruning_sqnr": 12.09826956787322, "pruning_mse": 2.2530555725097656e-05, "pruning_sqnr_corrected": 11.350724156212245, "pruning_mse_corrected": 2.676248550415039e-05}}