{"features.0": {"sample_kurtosis": 1.2434124588982476, "quant_sqnr": 22.35638773762956, "quant_mse": 0.0007400406757369637, "quant_sparsity": 0.1145833358168602, "pruning_sqnr": 9.072739738988538, "pruning_mse": 0.0157623291015625, "pruning_sqnr_corrected": 8.182550418727605, "pruning_mse_corrected": 0.01934814453125}, "features.3": {"sample_kurtosis": 8.12276217096664, "quant_sqnr": 17.798933597944178, "quant_mse": 7.092261512298137e-05, "quant_sparsity": 0.252685546875, "pruning_sqnr": 10.74073540987081, "pruning_mse": 0.00036025047302246094, "pruning_sqnr_corrected": 8.727650022592192, "pruning_mse_corrected": 0.0005726814270019531}, "features.6": {"sample_kurtosis": 5.144191729465959, "quant_sqnr": 18.274573543998645, "quant_mse": 2.0672941900556907e-05, "quant_sparsity": 0.1690673828125, "pruning_sqnr": 8.69820816138647, "pruning_mse": 0.0001875162124633789, "pruning_sqnr_corrected": 7.4848620379917215, "pruning_mse_corrected": 0.000247955322265625}, "features.8": {"sample_kurtosis": 4.719325088982083, "quant_sqnr": 18.543707104029213, "quant_mse": 1.2435928510967642e-05, "quant_sparsity": 0.1509840190410614, "pruning_sqnr": 8.13933340796762, "pruning_mse": 0.00013649463653564453, "pruning_sqnr_corrected": 7.086835355792172, "pruning_mse_corrected": 0.00017392635345458984}, "features.11": {"sample_kurtosis": 3.416340958804933, "quant_sqnr": 18.942235415703202, "quant_mse": 7.6225032898946665e-06, "quant_sparsity": 0.13563792407512665, "pruning_sqnr": 7.8171854956675695, "pruning_mse": 9.876489639282227e-05, "pruning_sqnr_corrected": 6.888637015463149, "pruning_mse_corrected": 0.00012230873107910156}, "features.13": {"sample_kurtosis": 2.6298752810371244, "quant_sqnr": 19.657560252952027, "quant_mse": 3.918698439520085e-06, "quant_sparsity": 0.12152014672756195, "pruning_sqnr": 7.514020618927671, "pruning_mse": 6.41942024230957e-05, "pruning_sqnr_corrected": 6.693404686291625, "pruning_mse_corrected": 7.75456428527832e-05}, "features.16": {"sample_kurtosis": 1.3842054609781353, "quant_sqnr": 20.868545333683286, "quant_mse": 3.187658194292453e-06, "quant_sparsity": 0.10810894519090652, "pruning_sqnr": 7.387699206604129, "pruning_mse": 7.104873657226562e-05, "pruning_sqnr_corrected": 6.655191623102827, "pruning_mse_corrected": 8.410215377807617e-05}, "features.18": {"sample_kurtosis": 1.3851271950184216, "quant_sqnr": 21.53098455945644, "quant_mse": 2.508784973542788e-06, "quant_sparsity": 0.09981536865234375, "pruning_sqnr": 7.491173722465448, "pruning_mse": 6.35981559753418e-05, "pruning_sqnr_corrected": 6.807193532968792, "pruning_mse_corrected": 7.444620132446289e-05}, "classifier.0": {"sample_kurtosis": -3.0, "quant_sqnr": 23.173212034003793, "quant_mse": 1.5443337986198458e-07, "quant_sparsity": 0.08560628443956375, "pruning_sqnr": 7.307822756663892, "pruning_mse": 5.9604644775390625e-06, "pruning_sqnr_corrected": 6.700844353127775, "pruning_mse_corrected": 6.854534149169922e-06}, "classifier.3": {"sample_kurtosis": 1.6474282548476458, "quant_sqnr": 23.97622087901773, "quant_mse": 4.580988957059162e-07, "quant_sparsity": 0.08713424205780029, "pruning_sqnr": 6.989700043360188, "pruning_mse": 2.288818359375e-05, "pruning_sqnr_corrected": 6.398485522173622, "pruning_mse_corrected": 2.6226043701171875e-05}, "classifier.6": {"sample_kurtosis": -0.010765676409057345, "quant_sqnr": 23.886201763903607, "quant_mse": 1.526823780295672e-06, "quant_sparsity": 0.07703442871570587, "pruning_sqnr": 6.9538191385018635, "pruning_mse": 7.534027099609375e-05, "pruning_sqnr_corrected": 6.44229391402805, "pruning_mse_corrected": 8.475780487060547e-05}}