{"features.0": {"sample_kurtosis": 1.7546389344354347, "quant_sqnr": 39.90928680411998, "quant_mse": 6.575122370122699e-06, "quant_sparsity": 0.014467592351138592, "pruning_sqnr": 13.640495821691804, "pruning_mse": 0.00278472900390625, "pruning_sqnr_corrected": 13.437110071360188, "pruning_mse_corrected": 0.002918243408203125}, "features.2": {"sample_kurtosis": 5.316591430415794, "quant_sqnr": 34.108526556016855, "quant_mse": 1.2086417200407595e-06, "quant_sparsity": 0.0394694022834301, "pruning_sqnr": 14.525805068769182, "pruning_mse": 0.00010979175567626953, "pruning_sqnr_corrected": 13.973084525425117, "pruning_mse_corrected": 0.0001246929168701172}, "features.5": {"sample_kurtosis": 5.414975575959966, "quant_sqnr": 32.584663343251826, "quant_mse": 1.3074794651402044e-06, "quant_sparsity": 0.0418158657848835, "pruning_sqnr": 13.92256069492479, "pruning_mse": 9.608268737792969e-05, "pruning_sqnr_corrected": 13.326841958023776, "pruning_mse_corrected": 0.00011020898818969727}, "features.7": {"sample_kurtosis": 3.247752800303692, "quant_sqnr": 31.458193347096113, "quant_mse": 1.043652559928887e-06, "quant_sparsity": 0.038330078125, "pruning_sqnr": 12.873480994078195, "pruning_mse": 7.534027099609375e-05, "pruning_sqnr_corrected": 12.340629445632157, "pruning_mse_corrected": 8.51750373840332e-05}, "features.10": {"sample_kurtosis": 4.697437545976054, "quant_sqnr": 28.87621974149523, "quant_mse": 1.2241982858540723e-06, "quant_sparsity": 0.0454813651740551, "pruning_sqnr": 12.790275865034612, "pruning_mse": 4.971027374267578e-05, "pruning_sqnr_corrected": 12.161166032383692, "pruning_mse_corrected": 5.745887756347656e-05}, "features.12": {"sample_kurtosis": 2.1713048317084622, "quant_sqnr": 31.612201671698035, "quant_mse": 3.638354826307477e-07, "quant_sparsity": 0.03058709017932415, "pruning_sqnr": 12.233894419254373, "pruning_mse": 3.153085708618164e-05, "pruning_sqnr_corrected": 11.81176559201609, "pruning_mse_corrected": 3.4749507904052734e-05}, "features.14": {"sample_kurtosis": 1.8274999602393676, "quant_sqnr": 33.302447037182354, "quant_mse": 2.4430701728306303e-07, "quant_sparsity": 0.02912394143640995, "pruning_sqnr": 12.08901254601907, "pruning_mse": 3.230571746826172e-05, "pruning_sqnr_corrected": 11.683835754117444, "pruning_mse_corrected": 3.546476364135742e-05}, "features.16": {"sample_kurtosis": 3.4547614650661744, "quant_sqnr": 30.764187187939193, "quant_mse": 4.6028486622162745e-07, "quant_sparsity": 0.0350731760263443, "pruning_sqnr": 12.245929661716435, "pruning_mse": 3.272294998168945e-05, "pruning_sqnr_corrected": 11.767048361033204, "pruning_mse_corrected": 3.653764724731445e-05}, "features.19": {"sample_kurtosis": 3.461146223469248, "quant_sqnr": 31.044274292527348, "quant_mse": 3.1306112191487045e-07, "quant_sparsity": 0.0350935198366642, "pruning_sqnr": 12.30383912100119, "pruning_mse": 2.3424625396728516e-05, "pruning_sqnr_corrected": 11.813237859893581, "pruning_mse_corrected": 2.6226043701171875e-05}, "features.21": {"sample_kurtosis": 1.6279217569380693, "quant_sqnr": 32.381780086613944, "quant_mse": 1.3226146222677926e-07, "quant_sparsity": 0.0300013218075037, "pruning_sqnr": 11.951651400029984, "pruning_mse": 1.4603137969970703e-05, "pruning_sqnr_corrected": 11.545789443651229, "pruning_mse_corrected": 1.6033649444580078e-05}, "features.23": {"sample_kurtosis": 0.953588449395725, "quant_sqnr": 34.13783507030172, "quant_mse": 8.284787611501088e-08, "quant_sparsity": 0.025013817474246025, "pruning_sqnr": 11.820364362969215, "pruning_mse": 1.4126300811767578e-05, "pruning_sqnr_corrected": 11.485448169951757, "pruning_mse_corrected": 1.52587890625e-05}, "features.25": {"sample_kurtosis": 1.0713966771113625, "quant_sqnr": 34.08185214300234, "quant_mse": 8.336387935514722e-08, "quant_sparsity": 0.025238461792469025, "pruning_sqnr": 11.883950417529746, "pruning_mse": 1.3828277587890625e-05, "pruning_sqnr_corrected": 11.542093051628362, "pruning_mse_corrected": 1.4960765838623047e-05}, "features.28": {"sample_kurtosis": 0.8261900787167411, "quant_sqnr": 34.1124866389484, "quant_mse": 9.757619778838489e-08, "quant_sparsity": 0.023234898224473, "pruning_sqnr": 11.844033688964561, "pruning_mse": 1.6450881958007812e-05, "pruning_sqnr_corrected": 11.525560016444615, "pruning_mse_corrected": 1.7702579498291016e-05}, "features.30": {"sample_kurtosis": 0.8261900787167411, "quant_sqnr": 36.39367154502291, "quant_mse": 5.781598488852069e-08, "quant_sparsity": 0.019138336181640625, "pruning_sqnr": 11.743485431110985, "pruning_mse": 1.6868114471435547e-05, "pruning_sqnr_corrected": 11.490137239157264, "pruning_mse_corrected": 1.7881393432617188e-05}, "features.32": {"sample_kurtosis": 0.2888453962638162, "quant_sqnr": 37.37598506483228, "quant_mse": 4.314573587294035e-08, "quant_sparsity": 0.015680525451898575, "pruning_sqnr": 11.626873788909432, "pruning_mse": 1.621246337890625e-05, "pruning_sqnr_corrected": 11.424114229166316, "pruning_mse_corrected": 1.6987323760986328e-05}, "features.34": {"sample_kurtosis": 0.9052806852833233, "quant_sqnr": 36.35717241692492, "quant_mse": 5.0360917214220535e-08, "quant_sparsity": 0.018371159210801125, "pruning_sqnr": 12.008029328446685, "pruning_mse": 1.3709068298339844e-05, "pruning_sqnr_corrected": 11.75140942523532, "pruning_mse_corrected": 1.4543533325195312e-05}, "classifier.0": {"sample_kurtosis": -3.0, "quant_sqnr": 34.77321725569511, "quant_mse": 7.467001239547244e-09, "quant_sparsity": 0.02675786241889, "pruning_sqnr": 11.94976603216055, "pruning_mse": 1.430511474609375e-06, "pruning_sqnr_corrected": 11.602144969568432, "pruning_mse_corrected": 1.5497207641601562e-06}, "classifier.3": {"sample_kurtosis": -3.0, "quant_sqnr": 39.9720250129696, "quant_mse": 9.472393536213985e-09, "quant_sparsity": 0.013298571109771729, "pruning_sqnr": 11.609556320676706, "pruning_mse": 6.496906280517578e-06, "pruning_sqnr_corrected": 11.414772786718217, "pruning_mse_corrected": 6.794929504394531e-06}, "classifier.6": {"sample_kurtosis": 0.28932513335937005, "quant_sqnr": 39.495383766093774, "quant_mse": 3.703598494553262e-08, "quant_sparsity": 0.013792725279927254, "pruning_sqnr": 11.451869855117607, "pruning_mse": 2.3603439331054688e-05, "pruning_sqnr_corrected": 11.269321197808718, "pruning_mse_corrected": 2.4616718292236328e-05}}