{"features.0": {"sample_kurtosis": 2.817766316207102, "quant_sqnr": 26.724472203046822, "quant_mse": 0.00013819185551255941, "quant_sparsity": 0.0798611119389534, "pruning_sqnr": 10.49340376377683, "pruning_mse": 0.005802154541015625, "pruning_sqnr_corrected": 9.783740045816497, "pruning_mse_corrected": 0.006832122802734375}, "features.2": {"sample_kurtosis": 6.439103202594023, "quant_sqnr": 23.157399497785477, "quant_mse": 1.6539126590942033e-05, "quant_sparsity": 0.126953125, "pruning_sqnr": 11.275286480148072, "pruning_mse": 0.0002551078796386719, "pruning_sqnr_corrected": 10.092361014589182, "pruning_mse_corrected": 0.0003349781036376953}, "features.5": {"sample_kurtosis": 5.977353368481127, "quant_sqnr": 22.80973215908763, "quant_mse": 1.513106508355122e-05, "quant_sparsity": 0.120361328125, "pruning_sqnr": 10.643863293831945, "pruning_mse": 0.0002491474151611328, "pruning_sqnr_corrected": 9.547803354918406, "pruning_mse_corrected": 0.00032067298889160156}, "features.7": {"sample_kurtosis": 2.8376067248182215, "quant_sqnr": 23.889272323834962, "quant_mse": 7.150650162657257e-06, "quant_sparsity": 0.0855373814702034, "pruning_sqnr": 9.595976263880953, "pruning_mse": 0.00019216537475585938, "pruning_sqnr_corrected": 8.836614351536177, "pruning_mse_corrected": 0.0002288818359375}, "features.10": {"sample_kurtosis": 2.9216613393460626, "quant_sqnr": 23.47497969448801, "quant_mse": 5.5741597861924674e-06, "quant_sparsity": 0.0864732563495636, "pruning_sqnr": 9.403629567601795, "pruning_mse": 0.0001423358917236328, "pruning_sqnr_corrected": 8.647732056260601, "pruning_mse_corrected": 0.00016939640045166016}, "features.12": {"sample_kurtosis": 2.8434511240036224, "quant_sqnr": 23.478710257024854, "quant_mse": 3.4310937735426705e-06, "quant_sparsity": 0.0856441929936409, "pruning_sqnr": 9.160139166924182, "pruning_mse": 9.274482727050781e-05, "pruning_sqnr_corrected": 8.417918126561952, "pruning_mse_corrected": 0.0001100301742553711}, "features.15": {"sample_kurtosis": 3.0916879368827423, "quant_sqnr": 23.14879444141363, "quant_mse": 2.68808889813954e-06, "quant_sparsity": 0.0836334228515625, "pruning_sqnr": 9.098583496744421, "pruning_mse": 6.830692291259766e-05, "pruning_sqnr_corrected": 8.374243029566877, "pruning_mse_corrected": 8.07046890258789e-05}, "features.17": {"sample_kurtosis": 2.2518896166373414, "quant_sqnr": 23.745651480704023, "quant_mse": 1.4502368230751017e-06, "quant_sparsity": 0.07689031213521957, "pruning_sqnr": 8.827770205127635, "pruning_mse": 4.500150680541992e-05, "pruning_sqnr_corrected": 8.172294562358491, "pruning_mse_corrected": 5.233287811279297e-05}, "features.20": {"sample_kurtosis": 1.3198135920282246, "quant_sqnr": 25.25644038314034, "quant_mse": 1.1172454605912208e-06, "quant_sparsity": 0.06637361645698547, "pruning_sqnr": 8.73200441531702, "pruning_mse": 5.0187110900878906e-05, "pruning_sqnr_corrected": 8.15789145362806, "pruning_mse_corrected": 5.728006362915039e-05}, "features.22": {"sample_kurtosis": 1.3168241016531192, "quant_sqnr": 26.254168743681916, "quant_mse": 8.054577165239607e-07, "quant_sparsity": 0.06258349865674973, "pruning_sqnr": 8.916684357854173, "pruning_mse": 4.363059997558594e-05, "pruning_sqnr_corrected": 8.36578493059698, "pruning_mse_corrected": 4.953145980834961e-05}, "classifier.0": {"sample_kurtosis": -3.0, "quant_sqnr": 28.234070914231097, "quant_mse": 4.7529969293691465e-08, "quant_sparsity": 0.053700223565101624, "pruning_sqnr": 8.738361723623937, "pruning_mse": 4.231929779052734e-06, "pruning_sqnr_corrected": 8.274674297910277, "pruning_mse_corrected": 4.708766937255859e-06}, "classifier.3": {"sample_kurtosis": 1.8338613143081544, "quant_sqnr": 29.48001061834696, "quant_mse": 1.2657849879360583e-07, "quant_sparsity": 0.04338496923446655, "pruning_sqnr": 8.389182514161025, "pruning_mse": 1.627206802368164e-05, "pruning_sqnr_corrected": 8.008646343806035, "pruning_mse_corrected": 1.7762184143066406e-05}, "classifier.6": {"sample_kurtosis": 0.1727768289746745, "quant_sqnr": 29.035519786725942, "quant_mse": 4.528113777269027e-07, "quant_sparsity": 0.04218774661421776, "pruning_sqnr": 8.338243510048377, "pruning_mse": 5.316734313964844e-05, "pruning_sqnr_corrected": 7.978654283301955, "pruning_mse_corrected": 5.7756900787353516e-05}}