{"features.0": {"sample_kurtosis": 1.7546389344354347, "quant_sqnr": 12.018551707987061, "quant_mse": 0.004045547917485237, "quant_sparsity": 0.3553240895271301, "pruning_sqnr": 5.819501729405443, "pruning_mse": 0.0168609619140625, "pruning_sqnr_corrected": 4.1794741349260205, "pruning_mse_corrected": 0.02459716796875}, "features.2": {"sample_kurtosis": 5.316591430415794, "quant_sqnr": 10.361570579737593, "quant_mse": 0.00028641329845413566, "quant_sparsity": 0.4228515625, "pruning_sqnr": 6.640237058854956, "pruning_mse": 0.0006747245788574219, "pruning_sqnr_corrected": 4.606717065984038, "pruning_mse_corrected": 0.0010776519775390625}, "features.5": {"sample_kurtosis": 5.414975575959966, "quant_sqnr": 10.38097618789548, "quant_mse": 0.00021717188064940274, "quant_sparsity": 0.4030626118183136, "pruning_sqnr": 6.148238498722579, "pruning_mse": 0.0005755424499511719, "pruning_sqnr_corrected": 4.300642245293657, "pruning_mse_corrected": 0.0008807182312011719}, "features.7": {"sample_kurtosis": 3.247752800303692, "quant_sqnr": 11.25397976314094, "quant_mse": 0.00010938991908915341, "quant_sparsity": 0.3344319760799408, "pruning_sqnr": 5.400444827846736, "pruning_mse": 0.0004210472106933594, "pruning_sqnr_corrected": 3.9964535568749397, "pruning_mse_corrected": 0.0005817413330078125}, "features.10": {"sample_kurtosis": 4.697437545976054, "quant_sqnr": 11.039869105803843, "quant_mse": 7.438525062752888e-05, "quant_sparsity": 0.3403727114200592, "pruning_sqnr": 5.38191757751283, "pruning_mse": 0.00027370452880859375, "pruning_sqnr_corrected": 3.972831477221603, "pruning_mse_corrected": 0.00037860870361328125}, "features.12": {"sample_kurtosis": 2.1713048317084622, "quant_sqnr": 11.7106130371617, "quant_mse": 3.556836600182578e-05, "quant_sparsity": 0.2893795371055603, "pruning_sqnr": 4.9475186494289165, "pruning_mse": 0.00016880035400390625, "pruning_sqnr_corrected": 3.7981874780156266, "pruning_mse_corrected": 0.0002199411392211914}, "features.14": {"sample_kurtosis": 1.8274999602393676, "quant_sqnr": 11.867169162526778, "quant_mse": 3.399881097720936e-05, "quant_sparsity": 0.2862548828125, "pruning_sqnr": 4.8380975153970756, "pruning_mse": 0.00017154216766357422, "pruning_sqnr_corrected": 3.714246374583502, "pruning_mse_corrected": 0.00022220611572265625}, "features.16": {"sample_kurtosis": 3.4547614650661744, "quant_sqnr": 11.17597284484562, "quant_mse": 4.18647141486872e-05, "quant_sparsity": 0.2935502827167511, "pruning_sqnr": 5.017673127227793, "pruning_mse": 0.0001728534698486328, "pruning_sqnr_corrected": 3.8598470099395743, "pruning_mse_corrected": 0.0002256631851196289}, "features.19": {"sample_kurtosis": 3.461146223469248, "quant_sqnr": 11.178253333851565, "quant_mse": 3.0355069611687213e-05, "quant_sparsity": 0.27720558643341064, "pruning_sqnr": 5.025571677416264, "pruning_mse": 0.0001251697540283203, "pruning_sqnr_corrected": 3.9244867021394154, "pruning_mse_corrected": 0.00016129016876220703}, "features.21": {"sample_kurtosis": 1.6279217569380693, "quant_sqnr": 12.035650660494774, "quant_mse": 1.4323404684546404e-05, "quant_sparsity": 0.2751460671424866, "pruning_sqnr": 4.747526774631441, "pruning_mse": 7.671117782592773e-05, "pruning_sqnr_corrected": 3.6790139349127973, "pruning_mse_corrected": 9.810924530029297e-05}, "features.23": {"sample_kurtosis": 0.953588449395725, "quant_sqnr": 12.36674326826708, "quant_mse": 1.2456343029043637e-05, "quant_sparsity": 0.2591633200645447, "pruning_sqnr": 4.647663115542283, "pruning_mse": 7.367134094238281e-05, "pruning_sqnr_corrected": 3.644961697389051, "pruning_mse_corrected": 9.28044319152832e-05}, "features.25": {"sample_kurtosis": 1.0713966771113625, "quant_sqnr": 12.074379433617612, "quant_mse": 1.323503784078639e-05, "quant_sparsity": 0.26243844628334045, "pruning_sqnr": 4.707388835008222, "pruning_mse": 7.218122482299805e-05, "pruning_sqnr_corrected": 3.691915958262756, "pruning_mse_corrected": 9.119510650634766e-05}, "features.28": {"sample_kurtosis": 0.8261900787167411, "quant_sqnr": 12.412449287453889, "quant_mse": 1.4432701391342562e-05, "quant_sparsity": 0.257825642824173, "pruning_sqnr": 4.645438891005458, "pruning_mse": 8.630752563476562e-05, "pruning_sqnr_corrected": 3.6452578230669754, "pruning_mse_corrected": 0.00010865926742553711}, "features.30": {"sample_kurtosis": 0.8261900787167411, "quant_sqnr": 12.626115947177876, "quant_mse": 1.376586442347616e-05, "quant_sparsity": 0.2858246862888336, "pruning_sqnr": 4.561668046384962, "pruning_mse": 8.815526962280273e-05, "pruning_sqnr_corrected": 3.45784285589383, "pruning_mse_corrected": 0.00011366605758666992}, "features.32": {"sample_kurtosis": 0.2888453962638162, "quant_sqnr": 12.941560775269611, "quant_mse": 1.1977889698755462e-05, "quant_sparsity": 0.2726232707500458, "pruning_sqnr": 4.474215862093568, "pruning_mse": 8.416175842285156e-05, "pruning_sqnr_corrected": 3.4294995059385625, "pruning_mse_corrected": 0.00010704994201660156}, "features.34": {"sample_kurtosis": 0.9052806852833233, "quant_sqnr": 12.621924666591191, "quant_mse": 1.1901957805093843e-05, "quant_sparsity": 0.2551731467247009, "pruning_sqnr": 4.715676922665297, "pruning_mse": 7.349252700805664e-05, "pruning_sqnr_corrected": 3.70800375499405, "pruning_mse_corrected": 9.268522262573242e-05}, "classifier.0": {"sample_kurtosis": -3.0, "quant_sqnr": 12.655520415031907, "quant_mse": 1.2159505331510445e-06, "quant_sparsity": 0.3136650621891022, "pruning_sqnr": 4.6124449262082425, "pruning_mse": 7.748603820800781e-06, "pruning_sqnr_corrected": 3.371417417988656, "pruning_mse_corrected": 1.0311603546142578e-05}, "classifier.3": {"sample_kurtosis": -3.0, "quant_sqnr": 13.696486860661626, "quant_mse": 4.0180334508477245e-06, "quant_sparsity": 0.2356046438217163, "pruning_sqnr": 4.35703566280858, "pruning_mse": 3.451108932495117e-05, "pruning_sqnr_corrected": 3.446839182321199, "pruning_mse_corrected": 4.2557716369628906e-05}, "classifier.6": {"sample_kurtosis": 0.28932513335937005, "quant_sqnr": 13.25883253484617, "quant_mse": 1.556965617055539e-05, "quant_sparsity": 0.26039552688598633, "pruning_sqnr": 4.386071209601447, "pruning_mse": 0.00012010335922241211, "pruning_sqnr_corrected": 3.3873292222757794, "pruning_mse_corrected": 0.00015115737915039062}}