{"features.0": {"sample_kurtosis": 2.2829934494304123, "quant_sqnr": 21.924657237853836, "quant_mse": 0.00040399222052656114, "quant_sparsity": 0.1319444477558136, "pruning_sqnr": 8.76142024700749, "pruning_mse": 0.00836944580078125, "pruning_sqnr_corrected": 7.812160008986853, "pruning_mse_corrected": 0.01041412353515625}, "features.2": {"sample_kurtosis": 6.076940399704476, "quant_sqnr": 18.67652827694166, "quant_mse": 4.232145147398114e-05, "quant_sparsity": 0.1939832866191864, "pruning_sqnr": 9.510356616371196, "pruning_mse": 0.00034928321838378906, "pruning_sqnr_corrected": 8.078822573270836, "pruning_mse_corrected": 0.0004856586456298828}, "features.5": {"sample_kurtosis": 4.506744927322982, "quant_sqnr": 18.973191537842716, "quant_mse": 3.1264047720469534e-05, "quant_sparsity": 0.1702609658241272, "pruning_sqnr": 8.89868433744095, "pruning_mse": 0.0003180503845214844, "pruning_sqnr_corrected": 7.660706478289176, "pruning_mse_corrected": 0.0004229545593261719}, "features.7": {"sample_kurtosis": 2.5647633714880333, "quant_sqnr": 20.258127511197102, "quant_mse": 1.3973903151054401e-05, "quant_sparsity": 0.135986328125, "pruning_sqnr": 8.215875463117543, "pruning_mse": 0.00022363662719726562, "pruning_sqnr_corrected": 7.2560452294465705, "pruning_mse_corrected": 0.0002789497375488281}, "features.10": {"sample_kurtosis": 3.7202565179436835, "quant_sqnr": 18.895244740129414, "quant_mse": 1.3049413610133342e-05, "quant_sparsity": 0.1365424245595932, "pruning_sqnr": 8.029989127537574, "pruning_mse": 0.00015926361083984375, "pruning_sqnr_corrected": 7.089589848689236, "pruning_mse_corrected": 0.0001977682113647461}, "features.12": {"sample_kurtosis": 1.9379020044655304, "quant_sqnr": 20.30022045328289, "quant_mse": 5.63354478799738e-06, "quant_sparsity": 0.1141764298081398, "pruning_sqnr": 7.580414319962257, "pruning_mse": 0.00010538101196289062, "pruning_sqnr_corrected": 6.795977369018137, "pruning_mse_corrected": 0.00012624263763427734}, "features.14": {"sample_kurtosis": 3.589314082326208, "quant_sqnr": 18.982729812271018, "quant_mse": 8.14240047475323e-06, "quant_sparsity": 0.1267547607421875, "pruning_sqnr": 7.705828710517575, "pruning_mse": 0.00010925531387329102, "pruning_sqnr_corrected": 6.842735367995885, "pruning_mse_corrected": 0.00013327598571777344}, "features.17": {"sample_kurtosis": 3.94375390868258, "quant_sqnr": 18.53664429836901, "quant_mse": 6.53197503197589e-06, "quant_sparsity": 0.14445920288562775, "pruning_sqnr": 7.768210977912966, "pruning_mse": 7.796287536621094e-05, "pruning_sqnr_corrected": 6.783202607264518, "pruning_mse_corrected": 9.781122207641602e-05}, "features.19": {"sample_kurtosis": 2.060593215226528, "quant_sqnr": 20.437787195752538, "quant_mse": 2.427167601126712e-06, "quant_sparsity": 0.10589811950922012, "pruning_sqnr": 7.387265643032395, "pruning_mse": 4.8995018005371094e-05, "pruning_sqnr_corrected": 6.672746047925245, "pruning_mse_corrected": 5.7756900787353516e-05}, "features.21": {"sample_kurtosis": 2.1995504132231405, "quant_sqnr": 20.46481937411325, "quant_mse": 2.4013959318835987e-06, "quant_sparsity": 0.1116926446557045, "pruning_sqnr": 7.394435473905201, "pruning_mse": 4.869699478149414e-05, "pruning_sqnr_corrected": 6.644463740149307, "pruning_mse_corrected": 5.78761100769043e-05}, "features.24": {"sample_kurtosis": 1.0265318399999996, "quant_sqnr": 21.296160223178674, "quant_mse": 2.2306896880763816e-06, "quant_sparsity": 0.10478337854146957, "pruning_sqnr": 7.296472243013454, "pruning_mse": 5.602836608886719e-05, "pruning_sqnr_corrected": 6.590199509323646, "pruning_mse_corrected": 6.592273712158203e-05}, "features.26": {"sample_kurtosis": 0.6408888888888891, "quant_sqnr": 22.43845550359125, "quant_mse": 1.6508713542862097e-06, "quant_sparsity": 0.09559546411037445, "pruning_sqnr": 7.117669853298728, "pruning_mse": 5.620718002319336e-05, "pruning_sqnr_corrected": 6.476585161174984, "pruning_mse_corrected": 6.514787673950195e-05}, "features.28": {"sample_kurtosis": 0.6979470563600696, "quant_sqnr": 22.351151599425986, "quant_mse": 1.5067970480231452e-06, "quant_sparsity": 0.10185369104146957, "pruning_sqnr": 7.457952138903101, "pruning_mse": 4.649162292480469e-05, "pruning_sqnr_corrected": 6.755204809107695, "pruning_mse_corrected": 5.46574592590332e-05}, "classifier.0": {"sample_kurtosis": -3.0, "quant_sqnr": 23.232722691962856, "quant_mse": 1.2118576364628098e-07, "quant_sparsity": 0.09432609379291534, "pruning_sqnr": 7.338166777227306, "pruning_mse": 4.708766937255859e-06, "pruning_sqnr_corrected": 6.6765594166761675, "pruning_mse_corrected": 5.4836273193359375e-06}, "classifier.3": {"sample_kurtosis": -3.0, "quant_sqnr": 24.161700085104997, "quant_mse": 3.8567827687074896e-07, "quant_sparsity": 0.0768975019454956, "pruning_sqnr": 6.981983823114705, "pruning_mse": 2.014636993408203e-05, "pruning_sqnr_corrected": 6.46190106913506, "pruning_mse_corrected": 2.2709369659423828e-05}, "classifier.6": {"sample_kurtosis": 0.07665704924446182, "quant_sqnr": 23.956631506682623, "quant_mse": 1.3709227459912654e-06, "quant_sparsity": 0.08138574659824371, "pruning_sqnr": 6.963207051632324, "pruning_mse": 6.860494613647461e-05, "pruning_sqnr_corrected": 6.424516130804395, "pruning_mse_corrected": 7.766485214233398e-05}}