{"features.0": {"sample_kurtosis": 14.89228812770753, "quant_sqnr": 25.709678516873524, "quant_mse": 0.000101953606645111, "quant_sparsity": 0.6087962985038757, "pruning_sqnr": 30.668976986258937, "pruning_mse": 3.254413604736328e-05, "pruning_sqnr_corrected": 13.330334475155327, "pruning_mse_corrected": 0.0017633438110351562}, "features.3": {"sample_kurtosis": 30.753425197222008, "quant_sqnr": 21.835018331706255, "quant_mse": 9.76290994003648e-06, "quant_sparsity": 0.6503363847732544, "pruning_sqnr": 33.18619766149582, "pruning_mse": 7.152557373046875e-07, "pruning_sqnr_corrected": 11.592531245158785, "pruning_mse_corrected": 0.00010323524475097656}, "features.7": {"sample_kurtosis": 24.69138905708446, "quant_sqnr": 21.67683301676717, "quant_mse": 1.3029052752244752e-05, "quant_sparsity": 0.5109592080116272, "pruning_sqnr": 20.31644851751984, "pruning_mse": 1.7821788787841797e-05, "pruning_sqnr_corrected": 10.990760747645641, "pruning_mse_corrected": 0.000152587890625}, "features.10": {"sample_kurtosis": 7.316305945660572, "quant_sqnr": 23.81816922979994, "quant_mse": 4.418220214574831e-06, "quant_sparsity": 0.3956298828125, "pruning_sqnr": 15.769230365196732, "pruning_mse": 2.8192996978759766e-05, "pruning_sqnr_corrected": 9.771645581662465, "pruning_mse_corrected": 0.00011217594146728516}, "features.14": {"sample_kurtosis": 4.80794022465487, "quant_sqnr": 23.2572498849829, "quant_mse": 4.311089469410945e-06, "quant_sparsity": 0.1503804475069046, "pruning_sqnr": 10.836285698774375, "pruning_mse": 7.528066635131836e-05, "pruning_sqnr_corrected": 9.380412211912185, "pruning_mse_corrected": 0.00010526180267333984}, "features.17": {"sample_kurtosis": 4.209289253515298, "quant_sqnr": 23.711812753970968, "quant_mse": 2.4931057396315737e-06, "quant_sparsity": 0.1815592497587204, "pruning_sqnr": 11.033401673720872, "pruning_mse": 4.6193599700927734e-05, "pruning_sqnr_corrected": 9.167301083956202, "pruning_mse_corrected": 7.098913192749023e-05}, "features.21": {"sample_kurtosis": 7.2135791571686525, "quant_sqnr": 21.422013565274586, "quant_mse": 3.354428599777748e-06, "quant_sparsity": 0.15392811596393585, "pruning_sqnr": 10.334015073641044, "pruning_mse": 4.309415817260742e-05, "pruning_sqnr_corrected": 8.873592921548552, "pruning_mse_corrected": 6.031990051269531e-05}, "features.24": {"sample_kurtosis": 4.162577831927127, "quant_sqnr": 22.3395707226176, "quant_mse": 1.790447413441143e-06, "quant_sparsity": 0.1457875519990921, "pruning_sqnr": 9.808562625659599, "pruning_mse": 3.2067298889160156e-05, "pruning_sqnr_corrected": 8.429940998375233, "pruning_mse_corrected": 4.404783248901367e-05}, "features.28": {"sample_kurtosis": 2.4657742749317153, "quant_sqnr": 23.687262068905454, "quant_mse": 1.3474625575327082e-06, "quant_sparsity": 0.11360888928174973, "pruning_sqnr": 9.469884778131206, "pruning_mse": 3.55839729309082e-05, "pruning_sqnr_corrected": 8.410078376028892, "pruning_mse_corrected": 4.5418739318847656e-05}, "features.31": {"sample_kurtosis": 2.49265454197148, "quant_sqnr": 23.68495325877081, "quant_mse": 1.1910105968127027e-06, "quant_sparsity": 0.07823477685451508, "pruning_sqnr": 9.178517433899902, "pruning_mse": 3.361701965332031e-05, "pruning_sqnr_corrected": 8.495869118314639, "pruning_mse_corrected": 3.933906555175781e-05}, "classifier.0": {"sample_kurtosis": -3.0, "quant_sqnr": 26.923538946572375, "quant_mse": 5.4346621425338526e-08, "quant_sparsity": 0.09609398245811462, "pruning_sqnr": 9.118836515090793, "pruning_mse": 3.2782554626464844e-06, "pruning_sqnr_corrected": 8.261715383024967, "pruning_mse_corrected": 3.993511199951172e-06}, "classifier.3": {"sample_kurtosis": 2.385555136466868, "quant_sqnr": 28.70853648755915, "quant_mse": 1.4235740763979265e-07, "quant_sparsity": 0.09309929609298706, "pruning_sqnr": 8.815976944696885, "pruning_mse": 1.3887882232666016e-05, "pruning_sqnr_corrected": 7.9563527544867, "pruning_mse_corrected": 1.6927719116210938e-05}, "classifier.6": {"sample_kurtosis": 0.3094811261204393, "quant_sqnr": 28.61700561098246, "quant_mse": 5.835250931340852e-07, "quant_sparsity": 0.061500247567892075, "pruning_sqnr": 8.729316189327612, "pruning_mse": 5.6862831115722656e-05, "pruning_sqnr_corrected": 8.202642903388748, "pruning_mse_corrected": 6.41942024230957e-05}}