{"features.0": {"sample_kurtosis": 14.89228812770753, "quant_sqnr": 15.523032663388612, "quant_mse": 0.0010643076384440064, "quant_sparsity": 0.7488425970077515, "pruning_sqnr": 20.41862057044156, "pruning_mse": 0.0003447532653808594, "pruning_sqnr_corrected": 7.281639942159765, "pruning_mse_corrected": 0.007099151611328125}, "features.3": {"sample_kurtosis": 30.753425197222008, "quant_sqnr": 13.185005883187063, "quant_mse": 7.154520426411182e-05, "quant_sparsity": 0.7604166865348816, "pruning_sqnr": 19.745551382603985, "pruning_mse": 1.5795230865478516e-05, "pruning_sqnr_corrected": 7.033713212401232, "pruning_mse_corrected": 0.0002949237823486328}, "features.7": {"sample_kurtosis": 24.69138905708446, "quant_sqnr": 12.438558648885953, "quant_mse": 0.00010933023440884426, "quant_sparsity": 0.6570502519607544, "pruning_sqnr": 13.834643991093278, "pruning_mse": 7.927417755126953e-05, "pruning_sqnr_corrected": 6.901474676953581, "pruning_mse_corrected": 0.00039124488830566406}, "features.10": {"sample_kurtosis": 7.316305945660572, "quant_sqnr": 15.314122117054145, "quant_mse": 3.1307765311794356e-05, "quant_sparsity": 0.5029228925704956, "pruning_sqnr": 10.625746876751787, "pruning_mse": 9.21487808227539e-05, "pruning_sqnr_corrected": 6.146949037271542, "pruning_mse_corrected": 0.00025844573974609375}, "features.14": {"sample_kurtosis": 4.80794022465487, "quant_sqnr": 14.829767497084825, "quant_mse": 3.0014787625987083e-05, "quant_sparsity": 0.3007168173789978, "pruning_sqnr": 7.693909405366139, "pruning_mse": 0.0001552104949951172, "pruning_sqnr_corrected": 5.88434824806308, "pruning_mse_corrected": 0.00023543834686279297}, "features.17": {"sample_kurtosis": 4.209289253515298, "quant_sqnr": 15.248016735489689, "quant_mse": 1.7503314666100778e-05, "quant_sparsity": 0.3190561830997467, "pruning_sqnr": 7.691459289160032, "pruning_mse": 9.971857070922852e-05, "pruning_sqnr_corrected": 5.6874095134998095, "pruning_mse_corrected": 0.00015819072723388672}, "features.21": {"sample_kurtosis": 7.2135791571686525, "quant_sqnr": 14.151411961641323, "quant_mse": 1.7892816686071455e-05, "quant_sparsity": 0.29317814111709595, "pruning_sqnr": 7.264058343535263, "pruning_mse": 8.738040924072266e-05, "pruning_sqnr_corrected": 5.560800708101059, "pruning_mse_corrected": 0.00012934207916259766}, "features.24": {"sample_kurtosis": 4.162577831927127, "quant_sqnr": 15.124286325805079, "quant_mse": 9.429529200133402e-06, "quant_sparsity": 0.24160851538181305, "pruning_sqnr": 6.762088000478007, "pruning_mse": 6.467103958129883e-05, "pruning_sqnr_corrected": 5.37869715095699, "pruning_mse_corrected": 8.893013000488281e-05}, "features.28": {"sample_kurtosis": 2.4657742749317153, "quant_sqnr": 16.08513870720706, "quant_mse": 7.757629646221176e-06, "quant_sparsity": 0.23443858325481415, "pruning_sqnr": 6.47780954323798, "pruning_mse": 7.086992263793945e-05, "pruning_sqnr_corrected": 5.161369329106399, "pruning_mse_corrected": 9.59634780883789e-05}, "features.31": {"sample_kurtosis": 2.49265454197148, "quant_sqnr": 15.781156569895266, "quant_mse": 7.350134637817973e-06, "quant_sparsity": 0.18704944849014282, "pruning_sqnr": 6.381265660097958, "pruning_mse": 6.401538848876953e-05, "pruning_sqnr_corrected": 5.38475498351302, "pruning_mse_corrected": 8.052587509155273e-05}, "classifier.0": {"sample_kurtosis": -3.0, "quant_sqnr": 16.78741504626473, "quant_mse": 5.607702178167528e-07, "quant_sparsity": 0.23292917013168335, "pruning_sqnr": 6.228625633181135, "pruning_mse": 6.377696990966797e-06, "pruning_sqnr_corrected": 4.938838489080735, "pruning_mse_corrected": 8.58306884765625e-06}, "classifier.3": {"sample_kurtosis": 2.385555136466868, "quant_sqnr": 18.326222406764646, "quant_mse": 1.5545742826361675e-06, "quant_sparsity": 0.173586905002594, "pruning_sqnr": 5.8903741542585735, "pruning_mse": 2.7239322662353516e-05, "pruning_sqnr_corrected": 4.946052797846887, "pruning_mse_corrected": 3.3855438232421875e-05}, "classifier.6": {"sample_kurtosis": 0.3094811261204393, "quant_sqnr": 18.218149843016572, "quant_mse": 6.396539902198128e-06, "quant_sparsity": 0.15730957686901093, "pruning_sqnr": 5.998696530694834, "pruning_mse": 0.00010663270950317383, "pruning_sqnr_corrected": 5.180262424859254, "pruning_mse_corrected": 0.00012874603271484375}}