{"features.0": {"sample_kurtosis": 9.09688581314879, "quant_sqnr": 31.836368212491557, "quant_mse": 4.3508302042027935e-05, "quant_sparsity": 0.37731480598449707, "pruning_sqnr": 22.999834423868684, "pruning_mse": 0.00033283233642578125, "pruning_sqnr_corrected": 14.984165956609377, "pruning_mse_corrected": 0.0021076202392578125}, "features.4": {"sample_kurtosis": 27.474477903477048, "quant_sqnr": 24.108132438977563, "quant_mse": 9.902577403408941e-06, "quant_sparsity": 0.457085520029068, "pruning_sqnr": 24.271614029259652, "pruning_mse": 9.5367431640625e-06, "pruning_sqnr_corrected": 14.266188738336716, "pruning_mse_corrected": 9.548664093017578e-05}, "features.8": {"sample_kurtosis": 17.73556080237952, "quant_sqnr": 23.012175630852823, "quant_mse": 4.842573616770096e-06, "quant_sparsity": 0.1777275949716568, "pruning_sqnr": 13.702804559920185, "pruning_mse": 4.13060188293457e-05, "pruning_sqnr_corrected": 11.473051312124078, "pruning_mse_corrected": 6.902217864990234e-05}, "features.11": {"sample_kurtosis": 5.627858205301134, "quant_sqnr": 26.217154384147634, "quant_mse": 1.5062120155562297e-06, "quant_sparsity": 0.10430908203125, "pruning_sqnr": 12.270539013108486, "pruning_mse": 3.737211227416992e-05, "pruning_sqnr_corrected": 11.041981158508412, "pruning_mse_corrected": 4.9591064453125e-05}, "features.15": {"sample_kurtosis": 6.3896427561504385, "quant_sqnr": 25.39399293564354, "quant_mse": 1.4211846064426936e-06, "quant_sparsity": 0.08316802978515625, "pruning_sqnr": 11.647212364636976, "pruning_mse": 3.36766242980957e-05, "pruning_sqnr_corrected": 10.70432572153331, "pruning_mse_corrected": 4.184246063232422e-05}, "features.18": {"sample_kurtosis": 4.134852663666715, "quant_sqnr": 26.21684515741257, "quant_mse": 7.668327270948794e-07, "quant_sparsity": 0.08762910962104797, "pruning_sqnr": 11.334098652904082, "pruning_mse": 2.3603439331054688e-05, "pruning_sqnr_corrected": 10.30401334070901, "pruning_mse_corrected": 2.9921531677246094e-05}, "features.22": {"sample_kurtosis": 1.91974820472051, "quant_sqnr": 28.179341545564107, "quant_mse": 5.047137960900727e-07, "quant_sparsity": 0.06652365624904633, "pruning_sqnr": 10.857830265326555, "pruning_mse": 2.7239322662353516e-05, "pruning_sqnr_corrected": 10.093027243258632, "pruning_mse_corrected": 3.248453140258789e-05}, "features.25": {"sample_kurtosis": 2.75804904969561, "quant_sqnr": 27.526254247364573, "quant_mse": 5.141318411006068e-07, "quant_sparsity": 0.056050196290016174, "pruning_sqnr": 10.766965139953689, "pruning_mse": 2.4378299713134766e-05, "pruning_sqnr_corrected": 10.153989148738145, "pruning_mse_corrected": 2.8073787689208984e-05}, "classifier.0": {"sample_kurtosis": -3.0, "quant_sqnr": 31.236756432165052, "quant_mse": 2.0892498397984127e-08, "quant_sparsity": 0.062460675835609436, "pruning_sqnr": 10.773213096635011, "pruning_mse": 2.3245811462402344e-06, "pruning_sqnr_corrected": 9.962880587542827, "pruning_mse_corrected": 2.8014183044433594e-06}, "classifier.3": {"sample_kurtosis": 2.0761230138415385, "quant_sqnr": 33.7367763057935, "quant_mse": 4.6087023974905605e-08, "quant_sparsity": 0.06624984741210938, "pruning_sqnr": 10.34089486784139, "pruning_mse": 1.0073184967041016e-05, "pruning_sqnr_corrected": 9.566248219511888, "pruning_mse_corrected": 1.2040138244628906e-05}, "classifier.6": {"sample_kurtosis": 0.44798356829896546, "quant_sqnr": 33.587043030547655, "quant_mse": 1.9091915248736768e-07, "quant_sparsity": 0.03734399750828743, "pruning_sqnr": 10.160845798129806, "pruning_mse": 4.202127456665039e-05, "pruning_sqnr_corrected": 9.760942028860542, "pruning_mse_corrected": 4.607439041137695e-05}}