{"features.0": {"sample_kurtosis": 2.817766316207102, "quant_sqnr": 38.568068176629026, "quant_mse": 9.039051292347722e-06, "quant_sparsity": 0.02604166604578495, "pruning_sqnr": 13.857515724640226, "pruning_mse": 0.002674102783203125, "pruning_sqnr_corrected": 13.478081552770638, "pruning_mse_corrected": 0.002918243408203125}, "features.2": {"sample_kurtosis": 6.439103202594023, "quant_sqnr": 32.920489756246624, "quant_mse": 1.7466405779487104e-06, "quant_sparsity": 0.044189453125, "pruning_sqnr": 14.651680571086425, "pruning_mse": 0.00011724233627319336, "pruning_sqnr_corrected": 14.018001593049458, "pruning_mse_corrected": 0.00013566017150878906}, "features.5": {"sample_kurtosis": 5.977353368481127, "quant_sqnr": 32.73729910697217, "quant_mse": 1.5385542155854637e-06, "quant_sparsity": 0.0408935546875, "pruning_sqnr": 13.964197752258967, "pruning_mse": 0.00011599063873291016, "pruning_sqnr_corrected": 13.380374511595402, "pruning_mse_corrected": 0.00013267993927001953}, "features.7": {"sample_kurtosis": 2.8376067248182215, "quant_sqnr": 32.46927972201116, "quant_mse": 9.916188901115675e-07, "quant_sparsity": 0.0329657681286335, "pruning_sqnr": 12.830174688228874, "pruning_mse": 9.125471115112305e-05, "pruning_sqnr_corrected": 12.370331037725792, "pruning_mse_corrected": 0.00010144710540771484}, "features.10": {"sample_kurtosis": 2.9216613393460626, "quant_sqnr": 32.85152837372617, "quant_mse": 6.434644319597282e-07, "quant_sparsity": 0.0329352505505085, "pruning_sqnr": 12.614924278810385, "pruning_mse": 6.794929504394531e-05, "pruning_sqnr_corrected": 12.159635735361746, "pruning_mse_corrected": 7.545948028564453e-05}, "features.12": {"sample_kurtosis": 2.8434511240036224, "quant_sqnr": 31.846386484179455, "quant_mse": 4.99648933782737e-07, "quant_sparsity": 0.0334947369992733, "pruning_sqnr": 12.34121911481627, "pruning_mse": 4.458427429199219e-05, "pruning_sqnr_corrected": 11.884224855619774, "pruning_mse_corrected": 4.953145980834961e-05}, "features.15": {"sample_kurtosis": 3.0916879368827423, "quant_sqnr": 31.590106563365786, "quant_mse": 3.8486854236907675e-07, "quant_sparsity": 0.0341389961540699, "pruning_sqnr": 12.278913684540282, "pruning_mse": 3.2842159271240234e-05, "pruning_sqnr_corrected": 11.808745961646457, "pruning_mse_corrected": 3.6597251892089844e-05}, "features.17": {"sample_kurtosis": 2.2518896166373414, "quant_sqnr": 31.748928319099193, "quant_mse": 2.296736880680328e-07, "quant_sparsity": 0.031818389892578125, "pruning_sqnr": 11.996225884928958, "pruning_mse": 2.1696090698242188e-05, "pruning_sqnr_corrected": 11.554189260008423, "pruning_mse_corrected": 2.4020671844482422e-05}, "features.20": {"sample_kurtosis": 1.3198135920282246, "quant_sqnr": 33.94056269804854, "quant_mse": 1.5126427399536624e-07, "quant_sparsity": 0.02484978549182415, "pruning_sqnr": 11.899864994541574, "pruning_mse": 2.4199485778808594e-05, "pruning_sqnr_corrected": 11.55059856545164, "pruning_mse_corrected": 2.6226043701171875e-05}, "features.22": {"sample_kurtosis": 1.3168241016531192, "quant_sqnr": 35.4666565151186, "quant_mse": 9.655926902496503e-08, "quant_sparsity": 0.0216640904545784, "pruning_sqnr": 12.121114724935335, "pruning_mse": 2.086162567138672e-05, "pruning_sqnr_corrected": 11.821482491160902, "pruning_mse_corrected": 2.2351741790771484e-05}, "classifier.0": {"sample_kurtosis": -3.0, "quant_sqnr": 36.138515540123386, "quant_mse": 7.700573512181563e-09, "quant_sparsity": 0.022966288030147552, "pruning_sqnr": 11.936156040392142, "pruning_mse": 2.0265579223632812e-06, "pruning_sqnr_corrected": 11.687920203141818, "pruning_mse_corrected": 2.1457672119140625e-06}, "classifier.3": {"sample_kurtosis": 1.8338613143081544, "quant_sqnr": 39.87630793447527, "quant_mse": 1.1553942691477914e-08, "quant_sparsity": 0.014152705669403076, "pruning_sqnr": 11.578096028010943, "pruning_mse": 7.808208465576172e-06, "pruning_sqnr_corrected": 11.383603313004517, "pruning_mse_corrected": 8.165836334228516e-06}, "classifier.6": {"sample_kurtosis": 0.1727768289746745, "quant_sqnr": 39.34750046640999, "quant_mse": 4.2142399792055585e-08, "quant_sparsity": 0.013390625827014446, "pruning_sqnr": 11.44702716112375, "pruning_mse": 2.5987625122070312e-05, "pruning_sqnr_corrected": 11.261778087238486, "pruning_mse_corrected": 2.7120113372802734e-05}}