{"features.0": {"sample_kurtosis": 17.229797831742594, "quant_sqnr": 24.311317751095586, "quant_mse": 0.0001208915637107566, "quant_sparsity": 0.6273148059844971, "pruning_sqnr": 29.536303735517336, "pruning_mse": 3.629922866821289e-05, "pruning_sqnr_corrected": 13.468890636972052, "pruning_mse_corrected": 0.0014677047729492188}, "features.3": {"sample_kurtosis": 30.186866471888955, "quant_sqnr": 21.557086583901896, "quant_mse": 8.795597750577144e-06, "quant_sparsity": 0.5906304121017456, "pruning_sqnr": 24.986191111609482, "pruning_mse": 3.993511199951172e-06, "pruning_sqnr_corrected": 12.28131475487639, "pruning_mse_corrected": 7.444620132446289e-05}, "features.7": {"sample_kurtosis": 16.758154487641914, "quant_sqnr": 22.131425871064554, "quant_mse": 9.550823051540647e-06, "quant_sparsity": 0.3524305522441864, "pruning_sqnr": 15.486715622602528, "pruning_mse": 4.410743713378906e-05, "pruning_sqnr_corrected": 11.040360616220756, "pruning_mse_corrected": 0.0001227855682373047}, "features.10": {"sample_kurtosis": 6.1502297451165635, "quant_sqnr": 23.76787471745895, "quant_mse": 3.5284870136820246e-06, "quant_sparsity": 0.3007676899433136, "pruning_sqnr": 13.60927519926805, "pruning_mse": 3.6597251892089844e-05, "pruning_sqnr_corrected": 9.8059840754494, "pruning_mse_corrected": 8.785724639892578e-05}, "features.14": {"sample_kurtosis": 5.450801674926623, "quant_sqnr": 23.32465163469506, "quant_mse": 3.131407765977201e-06, "quant_sparsity": 0.1746385395526886, "pruning_sqnr": 11.385815265882878, "pruning_mse": 4.89354133605957e-05, "pruning_sqnr_corrected": 9.616095240105057, "pruning_mse_corrected": 7.355213165283203e-05}, "features.17": {"sample_kurtosis": 3.21979566092526, "quant_sqnr": 24.23790512903357, "quant_mse": 1.5724890545243397e-06, "quant_sparsity": 0.1271158903837204, "pruning_sqnr": 10.222763947111522, "pruning_mse": 3.9637088775634766e-05, "pruning_sqnr_corrected": 9.020984466482162, "pruning_mse_corrected": 5.227327346801758e-05}, "features.20": {"sample_kurtosis": 3.901066998086927, "quant_sqnr": 23.07433899780169, "quant_mse": 2.3046511614666088e-06, "quant_sparsity": 0.0936855748295784, "pruning_sqnr": 9.7307251888829, "pruning_mse": 4.976987838745117e-05, "pruning_sqnr_corrected": 8.895784818681118, "pruning_mse_corrected": 6.031990051269531e-05}, "features.24": {"sample_kurtosis": 5.7403147702280695, "quant_sqnr": 21.66926016720393, "quant_mse": 2.517826942494139e-06, "quant_sparsity": 0.11117299646139145, "pruning_sqnr": 9.777586078664934, "pruning_mse": 3.892183303833008e-05, "pruning_sqnr_corrected": 8.804497326091518, "pruning_mse_corrected": 4.869699478149414e-05}, "features.27": {"sample_kurtosis": 3.3166975233031195, "quant_sqnr": 22.676778664664617, "quant_mse": 1.2936842495037126e-06, "quant_sparsity": 0.094312883913517, "pruning_sqnr": 9.28447711410385, "pruning_mse": 2.8252601623535156e-05, "pruning_sqnr_corrected": 8.453141606864966, "pruning_mse_corrected": 3.421306610107422e-05}, "features.30": {"sample_kurtosis": 3.0, "quant_sqnr": 23.01751835575181, "quant_mse": 1.2412880323608988e-06, "quant_sparsity": 0.10051345825195312, "pruning_sqnr": 9.248626232642959, "pruning_mse": 2.956390380859375e-05, "pruning_sqnr_corrected": 8.350144647437261, "pruning_mse_corrected": 3.635883331298828e-05}, "features.34": {"sample_kurtosis": 2.464256547959809, "quant_sqnr": 22.90614118978506, "quant_mse": 1.4200567193256575e-06, "quant_sparsity": 0.08282683044672012, "pruning_sqnr": 9.042117124934736, "pruning_mse": 3.457069396972656e-05, "pruning_sqnr_corrected": 8.319491345639852, "pruning_mse_corrected": 4.082918167114258e-05}, "features.37": {"sample_kurtosis": 1.4453940830730305, "quant_sqnr": 24.145972466911864, "quant_mse": 1.0132390571016003e-06, "quant_sparsity": 0.06414328515529633, "pruning_sqnr": 8.611254854484077, "pruning_mse": 3.62396240234375e-05, "pruning_sqnr_corrected": 8.061799739838872, "pruning_mse_corrected": 4.112720489501953e-05}, "features.40": {"sample_kurtosis": 2.087310058413709, "quant_sqnr": 24.954103902833236, "quant_mse": 6.983323714848666e-07, "quant_sparsity": 0.0730862095952034, "pruning_sqnr": 9.033269826223286, "pruning_mse": 2.7298927307128906e-05, "pruning_sqnr_corrected": 8.390979395447287, "pruning_mse_corrected": 3.165006637573242e-05}, "classifier.0": {"sample_kurtosis": -3.0, "quant_sqnr": 26.944930008005056, "quant_mse": 4.5046256502701e-08, "quant_sparsity": 0.10947282612323761, "pruning_sqnr": 9.196590884251366, "pruning_mse": 2.682209014892578e-06, "pruning_sqnr_corrected": 8.169967465279889, "pruning_mse_corrected": 3.3974647521972656e-06}, "classifier.3": {"sample_kurtosis": -3.0, "quant_sqnr": 28.862346062406814, "quant_mse": 1.2152578676705161e-07, "quant_sparsity": 0.10771602392196655, "pruning_sqnr": 8.989577533254057, "pruning_mse": 1.1801719665527344e-05, "pruning_sqnr_corrected": 7.976829349148991, "pruning_mse_corrected": 1.4901161193847656e-05}, "classifier.6": {"sample_kurtosis": 0.2645464738020453, "quant_sqnr": 28.75760977990359, "quant_mse": 5.087596264274907e-07, "quant_sparsity": 0.06807373464107513, "pruning_sqnr": 8.755356429931021, "pruning_mse": 5.0902366638183594e-05, "pruning_sqnr_corrected": 8.175436960154155, "pruning_mse_corrected": 5.817413330078125e-05}}