{"features.0": {"sample_kurtosis": 17.229797831742594, "quant_sqnr": 29.63441889959356, "quant_mse": 3.548835593392141e-05, "quant_sparsity": 0.5416666865348816, "pruning_sqnr": 33.860651480732464, "pruning_mse": 1.341104507446289e-05, "pruning_sqnr_corrected": 17.692046988787954, "pruning_mse_corrected": 0.0005550384521484375}, "features.3": {"sample_kurtosis": 30.186866471888955, "quant_sqnr": 26.602645932756737, "quant_mse": 2.752386535576079e-06, "quant_sparsity": 0.5149739384651184, "pruning_sqnr": 29.629660778441817, "pruning_mse": 1.3709068298339844e-06, "pruning_sqnr_corrected": 15.267342701245784, "pruning_mse_corrected": 3.743171691894531e-05}, "features.7": {"sample_kurtosis": 16.758154487641914, "quant_sqnr": 27.366013031245714, "quant_mse": 2.86142312688753e-06, "quant_sparsity": 0.2885877788066864, "pruning_sqnr": 17.905374253984967, "pruning_mse": 2.5272369384765625e-05, "pruning_sqnr_corrected": 13.255335823621085, "pruning_mse_corrected": 7.37309455871582e-05}, "features.10": {"sample_kurtosis": 6.1502297451165635, "quant_sqnr": 28.24487313585525, "quant_mse": 1.2586027651195764e-06, "quant_sparsity": 0.26239013671875, "pruning_sqnr": 16.025532275898417, "pruning_mse": 2.09808349609375e-05, "pruning_sqnr_corrected": 11.773563001801946, "pruning_mse_corrected": 5.5849552154541016e-05}, "features.14": {"sample_kurtosis": 5.450801674926623, "quant_sqnr": 27.0267086695537, "quant_mse": 1.3351618690649047e-06, "quant_sparsity": 0.1332838237285614, "pruning_sqnr": 13.205309238847601, "pruning_mse": 3.218650817871094e-05, "pruning_sqnr_corrected": 11.503779043937373, "pruning_mse_corrected": 4.762411117553711e-05}, "features.17": {"sample_kurtosis": 3.21979566092526, "quant_sqnr": 28.735816449533864, "quant_mse": 5.582085691457905e-07, "quant_sparsity": 0.089630126953125, "pruning_sqnr": 11.899596052028746, "pruning_mse": 2.6941299438476562e-05, "pruning_sqnr_corrected": 10.831702015937278, "pruning_mse_corrected": 3.445148468017578e-05}, "features.20": {"sample_kurtosis": 3.901066998086927, "quant_sqnr": 27.270387214261746, "quant_mse": 8.770015824666189e-07, "quant_sparsity": 0.0592617467045784, "pruning_sqnr": 11.283461472594926, "pruning_mse": 3.4809112548828125e-05, "pruning_sqnr_corrected": 10.628892200913905, "pruning_mse_corrected": 4.0471553802490234e-05}, "features.24": {"sample_kurtosis": 5.7403147702280695, "quant_sqnr": 25.53482936412452, "quant_mse": 1.033877197187394e-06, "quant_sparsity": 0.06940969079732895, "pruning_sqnr": 11.327555890717171, "pruning_mse": 2.7239322662353516e-05, "pruning_sqnr_corrected": 10.56275286864925, "pruning_mse_corrected": 3.248453140258789e-05}, "features.27": {"sample_kurtosis": 3.3166975233031195, "quant_sqnr": 26.726875876373278, "quant_mse": 5.091181378702458e-07, "quant_sparsity": 0.06281322985887527, "pruning_sqnr": 10.843980593087515, "pruning_mse": 1.9729137420654297e-05, "pruning_sqnr_corrected": 10.142764517587624, "pruning_mse_corrected": 2.3186206817626953e-05}, "features.30": {"sample_kurtosis": 3.0, "quant_sqnr": 27.387313818006138, "quant_mse": 4.538298128409224e-07, "quant_sparsity": 0.07245932519435883, "pruning_sqnr": 10.82525204681219, "pruning_mse": 2.0563602447509766e-05, "pruning_sqnr_corrected": 10.012509691277504, "pruning_mse_corrected": 2.47955322265625e-05}, "features.34": {"sample_kurtosis": 2.464256547959809, "quant_sqnr": 26.62635054017337, "quant_mse": 6.029547989783168e-07, "quant_sparsity": 0.055519528687000275, "pruning_sqnr": 10.591136724792168, "pruning_mse": 2.4199485778808594e-05, "pruning_sqnr_corrected": 9.973938529822867, "pruning_mse_corrected": 2.7894973754882812e-05}, "features.37": {"sample_kurtosis": 1.4453940830730305, "quant_sqnr": 26.977455826964935, "quant_mse": 5.279144943415304e-07, "quant_sparsity": 0.045648787170648575, "pruning_sqnr": 10.125717725364183, "pruning_mse": 2.5570392608642578e-05, "pruning_sqnr_corrected": 9.628839883473107, "pruning_mse_corrected": 2.866983413696289e-05}, "features.40": {"sample_kurtosis": 2.087310058413709, "quant_sqnr": 29.183260624920994, "quant_mse": 2.63722085946938e-07, "quant_sparsity": 0.04815928265452385, "pruning_sqnr": 10.563365889303668, "pruning_mse": 1.919269561767578e-05, "pruning_sqnr_corrected": 10.042858355900854, "pruning_mse_corrected": 2.1636486053466797e-05}, "classifier.0": {"sample_kurtosis": -3.0, "quant_sqnr": 32.22255804571608, "quant_mse": 1.3362751793977168e-08, "quant_sparsity": 0.07716172933578491, "pruning_sqnr": 10.815099083662075, "pruning_mse": 1.8477439880371094e-06, "pruning_sqnr_corrected": 9.9308800558367, "pruning_mse_corrected": 2.2649765014648438e-06}, "classifier.3": {"sample_kurtosis": -3.0, "quant_sqnr": 34.033107529980555, "quant_mse": 3.6948115678114846e-08, "quant_sparsity": 0.08890825510025024, "pruning_sqnr": 10.652891750919306, "pruning_mse": 8.046627044677734e-06, "pruning_sqnr_corrected": 9.600944966793879, "pruning_mse_corrected": 1.0251998901367188e-05}, "classifier.6": {"sample_kurtosis": 0.2645464738020453, "quant_sqnr": 33.82315339367468, "quant_mse": 1.5847409429170511e-07, "quant_sparsity": 0.04983813688158989, "pruning_sqnr": 10.266762015419559, "pruning_mse": 3.594160079956055e-05, "pruning_sqnr_corrected": 9.725728100005746, "pruning_mse_corrected": 4.07099723815918e-05}}