{"features.0": {"sample_kurtosis": 17.229797831742594, "quant_sqnr": 10.986444635072427, "quant_mse": 0.002599461004137993, "quant_sparsity": 0.8373842835426331, "pruning_sqnr": 16.862466860833088, "pruning_mse": 0.0006718635559082031, "pruning_sqnr_corrected": 4.207191767105086, "pruning_mse_corrected": 0.01238250732421875}, "features.3": {"sample_kurtosis": 30.186866471888955, "quant_sqnr": 8.705435588901459, "quant_mse": 0.00016960180073510855, "quant_sparsity": 0.8321940302848816, "pruning_sqnr": 13.99381822362125, "pruning_mse": 5.0187110900878906e-05, "pruning_sqnr_corrected": 5.141925660952449, "pruning_mse_corrected": 0.000385284423828125}, "features.7": {"sample_kurtosis": 16.758154487641914, "quant_sqnr": 8.746500310004995, "quant_mse": 0.00020822523219976574, "quant_sparsity": 0.6687147617340088, "pruning_sqnr": 9.299169508618355, "pruning_mse": 0.00018334388732910156, "pruning_sqnr_corrected": 4.936239959293474, "pruning_mse_corrected": 0.0005006790161132812}, "features.10": {"sample_kurtosis": 6.1502297451165635, "quant_sqnr": 10.987108947620749, "quant_mse": 6.693682371405885e-05, "quant_sparsity": 0.5430229902267456, "pruning_sqnr": 7.494221695869346, "pruning_mse": 0.00014960765838623047, "pruning_sqnr_corrected": 4.274501247782265, "pruning_mse_corrected": 0.0003139972686767578}, "features.14": {"sample_kurtosis": 5.450801674926623, "quant_sqnr": 10.827062758666123, "quant_mse": 5.565427272813395e-05, "quant_sparsity": 0.4503987729549408, "pruning_sqnr": 6.49460982362411, "pruning_mse": 0.00015091896057128906, "pruning_sqnr_corrected": 4.272007741819727, "pruning_mse_corrected": 0.00025177001953125}, "features.17": {"sample_kurtosis": 3.21979566092526, "quant_sqnr": 11.499319997579962, "quant_mse": 2.954242518171668e-05, "quant_sparsity": 0.36505126953125, "pruning_sqnr": 5.70940190750577, "pruning_mse": 0.00011205673217773438, "pruning_sqnr_corrected": 4.082995297824533, "pruning_mse_corrected": 0.00016295909881591797}, "features.20": {"sample_kurtosis": 3.901066998086927, "quant_sqnr": 11.104641737404739, "quant_mse": 3.627228579716757e-05, "quant_sparsity": 0.3304053544998169, "pruning_sqnr": 5.491892383154999, "pruning_mse": 0.00013208389282226562, "pruning_sqnr_corrected": 4.104591550251062, "pruning_mse_corrected": 0.0001817941665649414}, "features.24": {"sample_kurtosis": 5.7403147702280695, "quant_sqnr": 10.460589200234205, "quant_mse": 3.3257758332183585e-05, "quant_sparsity": 0.3636474609375, "pruning_sqnr": 5.57395912454515, "pruning_mse": 0.00010246038436889648, "pruning_sqnr_corrected": 4.056380878592042, "pruning_mse_corrected": 0.00014531612396240234}, "features.27": {"sample_kurtosis": 3.3166975233031195, "quant_sqnr": 11.487942454369495, "quant_mse": 1.7010297597153112e-05, "quant_sparsity": 0.30500665307044983, "pruning_sqnr": 5.104542715857403, "pruning_mse": 7.396936416625977e-05, "pruning_sqnr_corrected": 3.8700539743995135, "pruning_mse_corrected": 9.828805923461914e-05}, "features.30": {"sample_kurtosis": 3.0, "quant_sqnr": 11.47834473402461, "quant_mse": 1.7692529581836425e-05, "quant_sparsity": 0.27907902002334595, "pruning_sqnr": 5.040687121739489, "pruning_mse": 7.790327072143555e-05, "pruning_sqnr_corrected": 3.9117459721539225, "pruning_mse_corrected": 0.00010102987289428711}, "features.34": {"sample_kurtosis": 2.464256547959809, "quant_sqnr": 11.732455085935767, "quant_mse": 1.860691190813668e-05, "quant_sparsity": 0.29805585741996765, "pruning_sqnr": 4.903918698007874, "pruning_mse": 8.96453857421875e-05, "pruning_sqnr_corrected": 3.714134187952502, "pruning_mse_corrected": 0.00011789798736572266}, "features.37": {"sample_kurtosis": 1.4453940830730305, "quant_sqnr": 12.626873199838833, "quant_mse": 1.4375463251781184e-05, "quant_sparsity": 0.28655242919921875, "pruning_sqnr": 4.563817687214251, "pruning_mse": 9.202957153320312e-05, "pruning_sqnr_corrected": 3.4552176602065487, "pruning_mse_corrected": 0.00011879205703735352}, "features.40": {"sample_kurtosis": 2.087310058413709, "quant_sqnr": 12.012901573881718, "quant_mse": 1.3746192053076811e-05, "quant_sparsity": 0.2831035256385803, "pruning_sqnr": 4.912077159982675, "pruning_mse": 7.051229476928711e-05, "pruning_sqnr_corrected": 3.7836710101323567, "pruning_mse_corrected": 9.143352508544922e-05}, "classifier.0": {"sample_kurtosis": -3.0, "quant_sqnr": 12.296415782199496, "quant_mse": 1.313742131969775e-06, "quant_sparsity": 0.3522033095359802, "pruning_sqnr": 4.86511771525732, "pruning_mse": 7.271766662597656e-06, "pruning_sqnr_corrected": 3.398754918083263, "pruning_mse_corrected": 1.0192394256591797e-05}, "classifier.3": {"sample_kurtosis": -3.0, "quant_sqnr": 13.317816864035612, "quant_mse": 4.356335921329446e-06, "quant_sparsity": 0.28064632415771484, "pruning_sqnr": 4.608231139980897, "pruning_mse": 3.236532211303711e-05, "pruning_sqnr_corrected": 3.462035297900373, "pruning_mse_corrected": 4.214048385620117e-05}, "classifier.6": {"sample_kurtosis": 0.2645464738020453, "quant_sqnr": 12.770448465987927, "quant_mse": 2.019429848587606e-05, "quant_sparsity": 0.268888920545578, "pruning_sqnr": 4.709342358157579, "pruning_mse": 0.00012922286987304688, "pruning_sqnr_corrected": 3.645137446176587, "pruning_mse_corrected": 0.00016510486602783203}}