{"features.0": {"sample_kurtosis": 14.89228812770753, "quant_sqnr": 20.61107404271391, "quant_mse": 0.0003298094088677317, "quant_sparsity": 0.6782407164573669, "pruning_sqnr": 25.183080675512358, "pruning_mse": 0.0001150965690612793, "pruning_sqnr_corrected": 10.060200634107183, "pruning_mse_corrected": 0.0037441253662109375}, "features.3": {"sample_kurtosis": 30.753425197222008, "quant_sqnr": 17.488009214169274, "quant_mse": 2.656318793015089e-05, "quant_sparsity": 0.7011176347732544, "pruning_sqnr": 25.404685157659376, "pruning_mse": 4.291534423828125e-06, "pruning_sqnr_corrected": 9.230021933965752, "pruning_mse_corrected": 0.00017786026000976562}, "features.7": {"sample_kurtosis": 24.69138905708446, "quant_sqnr": 16.741108574654486, "quant_mse": 4.0596190956421196e-05, "quant_sparsity": 0.5767143964767456, "pruning_sqnr": 16.812412373755873, "pruning_mse": 3.993511199951172e-05, "pruning_sqnr_corrected": 8.894772923594104, "pruning_mse_corrected": 0.0002472400665283203}, "features.10": {"sample_kurtosis": 7.316305945660572, "quant_sqnr": 19.53457868455094, "quant_mse": 1.1846946108562406e-05, "quant_sparsity": 0.4374525249004364, "pruning_sqnr": 13.04350455370434, "pruning_mse": 5.2809715270996094e-05, "pruning_sqnr_corrected": 7.969393172489745, "pruning_mse_corrected": 0.00016987323760986328}, "features.14": {"sample_kurtosis": 4.80794022465487, "quant_sqnr": 18.964000032775054, "quant_mse": 1.1585426364035811e-05, "quant_sparsity": 0.2090488076210022, "pruning_sqnr": 9.228182149563514, "pruning_mse": 0.00010901689529418945, "pruning_sqnr_corrected": 7.6244208058128615, "pruning_mse_corrected": 0.0001577138900756836}, "features.17": {"sample_kurtosis": 4.209289253515298, "quant_sqnr": 19.380622662114618, "quant_mse": 6.758646122762002e-06, "quant_sparsity": 0.23974609375, "pruning_sqnr": 9.315665462486058, "pruning_mse": 6.860494613647461e-05, "pruning_sqnr_corrected": 7.376107065328464, "pruning_mse_corrected": 0.00010722875595092773}, "features.21": {"sample_kurtosis": 7.2135791571686525, "quant_sqnr": 17.769188831809917, "quant_mse": 7.77859258960234e-06, "quant_sparsity": 0.21472252905368805, "pruning_sqnr": 8.75924257101458, "pruning_mse": 6.192922592163086e-05, "pruning_sqnr_corrected": 7.155808240717272, "pruning_mse_corrected": 8.958578109741211e-05}, "features.24": {"sample_kurtosis": 4.162577831927127, "quant_sqnr": 18.688708078258003, "quant_mse": 4.149997494096169e-06, "quant_sparsity": 0.18644629418849945, "pruning_sqnr": 8.24021237896613, "pruning_mse": 4.601478576660156e-05, "pruning_sqnr_corrected": 6.859231543310084, "pruning_mse_corrected": 6.324052810668945e-05}, "features.28": {"sample_kurtosis": 2.4657742749317153, "quant_sqnr": 19.959010687764202, "quant_mse": 3.1793756534170825e-06, "quant_sparsity": 0.1584947407245636, "pruning_sqnr": 7.930332488579017, "pruning_mse": 5.072355270385742e-05, "pruning_sqnr_corrected": 6.77248750001622, "pruning_mse_corrected": 6.622076034545898e-05}, "features.31": {"sample_kurtosis": 2.49265454197148, "quant_sqnr": 19.779175948889396, "quant_mse": 2.9274760890984908e-06, "quant_sparsity": 0.1316290944814682, "pruning_sqnr": 7.748147846888941, "pruning_mse": 4.673004150390625e-05, "pruning_sqnr_corrected": 6.8460353402953995, "pruning_mse_corrected": 5.751848220825195e-05}, "classifier.0": {"sample_kurtosis": -3.0, "quant_sqnr": 22.26893665568624, "quant_mse": 1.587204110364837e-07, "quant_sparsity": 0.1293054223060608, "pruning_sqnr": 7.657556158308413, "pruning_mse": 4.589557647705078e-06, "pruning_sqnr_corrected": 6.699751079637547, "pruning_mse_corrected": 5.7220458984375e-06}, "classifier.3": {"sample_kurtosis": 2.385555136466868, "quant_sqnr": 23.50668452543522, "quant_mse": 4.7159073801594786e-07, "quant_sparsity": 0.12318319082260132, "pruning_sqnr": 7.3043967561782015, "pruning_mse": 1.9669532775878906e-05, "pruning_sqnr_corrected": 6.425722503851025, "pruning_mse_corrected": 2.4080276489257812e-05}, "classifier.6": {"sample_kurtosis": 0.3094811261204393, "quant_sqnr": 23.49856208272651, "quant_mse": 1.8962862213811604e-06, "quant_sparsity": 0.09936939179897308, "pruning_sqnr": 7.332241043589196, "pruning_mse": 7.843971252441406e-05, "pruning_sqnr_corrected": 6.663716138236511, "pruning_mse_corrected": 9.149312973022461e-05}}