{"features.0": {"sample_kurtosis": 1.2434124588982476, "quant_sqnr": 33.32936976680746, "quant_mse": 5.915035944781266e-05, "quant_sparsity": 0.03530092537403107, "pruning_sqnr": 12.325097273636825, "pruning_mse": 0.00745391845703125, "pruning_sqnr_corrected": 11.922095057257046, "pruning_mse_corrected": 0.0081787109375}, "features.3": {"sample_kurtosis": 8.12276217096664, "quant_sqnr": 27.067080819558143, "quant_mse": 8.394020369451027e-06, "quant_sparsity": 0.0943060964345932, "pruning_sqnr": 14.005531366455585, "pruning_mse": 0.00016987323760986328, "pruning_sqnr_corrected": 12.900224939399951, "pruning_mse_corrected": 0.00021910667419433594}, "features.6": {"sample_kurtosis": 5.144191729465959, "quant_sqnr": 26.716746165575262, "quant_mse": 2.959272933367174e-06, "quant_sparsity": 0.0693901926279068, "pruning_sqnr": 11.761285199610194, "pruning_mse": 9.262561798095703e-05, "pruning_sqnr_corrected": 10.980665902079988, "pruning_mse_corrected": 0.00011086463928222656}, "features.8": {"sample_kurtosis": 4.719325088982083, "quant_sqnr": 25.771691690665783, "quant_mse": 2.3543973384221317e-06, "quant_sparsity": 0.0658637136220932, "pruning_sqnr": 11.142054052353823, "pruning_mse": 6.836652755737305e-05, "pruning_sqnr_corrected": 10.415091336056054, "pruning_mse_corrected": 8.082389831542969e-05}, "features.11": {"sample_kurtosis": 3.416340958804933, "quant_sqnr": 26.905525363593455, "quant_mse": 1.2183403441667906e-06, "quant_sparsity": 0.05954742431640625, "pruning_sqnr": 10.76761771924212, "pruning_mse": 5.0067901611328125e-05, "pruning_sqnr_corrected": 10.120364422875568, "pruning_mse_corrected": 5.811452865600586e-05}, "features.13": {"sample_kurtosis": 2.6298752810371244, "quant_sqnr": 27.56760601433175, "quant_mse": 6.340700906548591e-07, "quant_sparsity": 0.052299074828624725, "pruning_sqnr": 10.43255075696505, "pruning_mse": 3.2782554626464844e-05, "pruning_sqnr_corrected": 9.87043431980319, "pruning_mse_corrected": 3.731250762939453e-05}, "features.16": {"sample_kurtosis": 1.3842054609781353, "quant_sqnr": 29.027398184148375, "quant_mse": 4.870644829679804e-07, "quant_sparsity": 0.0432722307741642, "pruning_sqnr": 10.318574849893729, "pruning_mse": 3.618001937866211e-05, "pruning_sqnr_corrected": 9.844575073794863, "pruning_mse_corrected": 4.035234451293945e-05}, "features.18": {"sample_kurtosis": 1.3851271950184216, "quant_sqnr": 30.443444906726636, "quant_mse": 3.2226816415459325e-07, "quant_sparsity": 0.03964487835764885, "pruning_sqnr": 10.448880318480462, "pruning_mse": 3.218650817871094e-05, "pruning_sqnr_corrected": 10.013074605416456, "pruning_mse_corrected": 3.55839729309082e-05}, "classifier.0": {"sample_kurtosis": -3.0, "quant_sqnr": 33.164556781114, "quant_mse": 1.547414640867828e-08, "quant_sparsity": 0.027227450162172318, "pruning_sqnr": 10.232120995684529, "pruning_mse": 3.039836883544922e-06, "pruning_sqnr_corrected": 9.983885158434207, "pruning_mse_corrected": 3.2186508178710938e-06}, "classifier.3": {"sample_kurtosis": 1.6474282548476458, "quant_sqnr": 34.734481714276406, "quant_mse": 3.8470972185677965e-08, "quant_sparsity": 0.024227678775787354, "pruning_sqnr": 9.932666173410317, "pruning_mse": 1.1622905731201172e-05, "pruning_sqnr_corrected": 9.673308832466319, "pruning_mse_corrected": 1.233816146850586e-05}, "classifier.6": {"sample_kurtosis": -0.010765676409057345, "quant_sqnr": 34.005655168942496, "quant_mse": 1.4854005314646201e-07, "quant_sparsity": 0.0244748555123806, "pruning_sqnr": 9.822158065214786, "pruning_mse": 3.892183303833008e-05, "pruning_sqnr_corrected": 9.557695173416977, "pruning_mse_corrected": 4.1365623474121094e-05}}