{"features.0": {"sample_kurtosis": 14.89228812770753, "quant_sqnr": 11.256644773805633, "quant_mse": 0.002842535963281989, "quant_sparsity": 0.8258101940155029, "pruning_sqnr": 16.199669870909595, "pruning_mse": 0.0009107589721679688, "pruning_sqnr_corrected": 4.493981110057081, "pruning_mse_corrected": 0.01348876953125}, "features.3": {"sample_kurtosis": 30.753425197222008, "quant_sqnr": 9.168631016049591, "quant_mse": 0.00018039230781141669, "quant_sparsity": 0.824951171875, "pruning_sqnr": 15.210060359965055, "pruning_mse": 4.488229751586914e-05, "pruning_sqnr_corrected": 5.041501952112427, "pruning_mse_corrected": 0.0004665851593017578}, "features.7": {"sample_kurtosis": 24.69138905708446, "quant_sqnr": 8.657452071041657, "quant_mse": 0.0002611264935694635, "quant_sparsity": 0.7330864667892456, "pruning_sqnr": 11.160279914811163, "pruning_mse": 0.00014674663543701172, "pruning_sqnr_corrected": 5.150276862793213, "pruning_mse_corrected": 0.0005855560302734375}, "features.10": {"sample_kurtosis": 7.316305945660572, "quant_sqnr": 11.149037448116557, "quant_mse": 8.168842759914696e-05, "quant_sparsity": 0.5903523564338684, "pruning_sqnr": 8.38149180058929, "pruning_mse": 0.0001544952392578125, "pruning_sqnr_corrected": 4.37803101621013, "pruning_mse_corrected": 0.0003883838653564453}, "features.14": {"sample_kurtosis": 4.80794022465487, "quant_sqnr": 10.818418473456939, "quant_mse": 7.559101504739374e-05, "quant_sparsity": 0.4225904643535614, "pruning_sqnr": 6.189481362647725, "pruning_mse": 0.00021946430206298828, "pruning_sqnr_corrected": 4.222033672436779, "pruning_mse_corrected": 0.0003452301025390625}, "features.17": {"sample_kurtosis": 4.209289253515298, "quant_sqnr": 11.183923799454023, "quant_mse": 4.4620002881856635e-05, "quant_sparsity": 0.4158359169960022, "pruning_sqnr": 6.120688668115104, "pruning_mse": 0.00014317035675048828, "pruning_sqnr_corrected": 4.13544543325754, "pruning_mse_corrected": 0.00022614002227783203}, "features.21": {"sample_kurtosis": 7.2135791571686525, "quant_sqnr": 10.55165788877041, "quant_mse": 4.098775389138609e-05, "quant_sparsity": 0.3672163188457489, "pruning_sqnr": 5.812098523548422, "pruning_mse": 0.0001220703125, "pruning_sqnr_corrected": 4.189068777847943, "pruning_mse_corrected": 0.0001773834228515625}, "features.24": {"sample_kurtosis": 4.162577831927127, "quant_sqnr": 11.430233907313973, "quant_mse": 2.2074722437537275e-05, "quant_sparsity": 0.3378351032733917, "pruning_sqnr": 5.329492984567592, "pruning_mse": 8.994340896606445e-05, "pruning_sqnr_corrected": 3.881801713828814, "pruning_mse_corrected": 0.00012552738189697266}, "features.28": {"sample_kurtosis": 2.4657742749317153, "quant_sqnr": 11.917451056523024, "quant_mse": 2.025339381361846e-05, "quant_sparsity": 0.2937808632850647, "pruning_sqnr": 5.075896561590676, "pruning_mse": 9.78708267211914e-05, "pruning_sqnr_corrected": 3.845063153378848, "pruning_mse_corrected": 0.00012993812561035156}, "features.31": {"sample_kurtosis": 2.49265454197148, "quant_sqnr": 11.592075247103605, "quant_mse": 1.928427991515491e-05, "quant_sparsity": 0.2866058349609375, "pruning_sqnr": 5.047779915888954, "pruning_mse": 8.702278137207031e-05, "pruning_sqnr_corrected": 3.8946390332487706, "pruning_mse_corrected": 0.00011348724365234375}, "classifier.0": {"sample_kurtosis": -3.0, "quant_sqnr": 12.35854054421673, "quant_mse": 1.5547923339909175e-06, "quant_sparsity": 0.3356533646583557, "pruning_sqnr": 4.8492900625514705, "pruning_mse": 8.761882781982422e-06, "pruning_sqnr_corrected": 3.4689497155669944, "pruning_mse_corrected": 1.2040138244628906e-05}, "classifier.3": {"sample_kurtosis": 2.385555136466868, "quant_sqnr": 13.252069305571872, "quant_mse": 5.0006538003799506e-06, "quant_sparsity": 0.26229327917099, "pruning_sqnr": 4.5376902581328356, "pruning_mse": 3.719329833984375e-05, "pruning_sqnr_corrected": 3.4858648683923734, "pruning_mse_corrected": 4.738569259643555e-05}, "classifier.6": {"sample_kurtosis": 0.3094811261204393, "quant_sqnr": 12.711389285820843, "quant_mse": 2.273113750561606e-05, "quant_sparsity": 0.26243090629577637, "pruning_sqnr": 4.69742727875526, "pruning_mse": 0.00014388561248779297, "pruning_sqnr_corrected": 3.6590784311849998, "pruning_mse_corrected": 0.00018274784088134766}}