{"features.0": {"sample_kurtosis": 1.7546389344354347, "quant_sqnr": 7.028421327050548, "quant_mse": 0.012764105573296547, "quant_sparsity": 0.5086805820465088, "pruning_sqnr": 4.283077229386281, "pruning_mse": 0.024017333984375, "pruning_sqnr_corrected": 2.476420116273508, "pruning_mse_corrected": 0.036407470703125}, "features.2": {"sample_kurtosis": 5.316591430415794, "quant_sqnr": 6.258182761662111, "quant_mse": 0.0007367700454778969, "quant_sparsity": 0.6099446415901184, "pruning_sqnr": 5.060023720810836, "pruning_mse": 0.0009708404541015625, "pruning_sqnr_corrected": 2.7973933249464418, "pruning_mse_corrected": 0.0016345977783203125}, "features.5": {"sample_kurtosis": 5.414975575959966, "quant_sqnr": 6.444506818812263, "quant_mse": 0.0005375891923904419, "quant_sparsity": 0.5174018144607544, "pruning_sqnr": 4.630273596284727, "pruning_mse": 0.00081634521484375, "pruning_sqnr_corrected": 2.88630579826972, "pruning_mse_corrected": 0.0012197494506835938}, "features.7": {"sample_kurtosis": 3.247752800303692, "quant_sqnr": 6.84845051037251, "quant_mse": 0.0003016686823684722, "quant_sparsity": 0.4787665605545044, "pruning_sqnr": 4.000014807438603, "pruning_mse": 0.0005812644958496094, "pruning_sqnr_corrected": 2.54026159530738, "pruning_mse_corrected": 0.0008134841918945312}, "features.10": {"sample_kurtosis": 4.697437545976054, "quant_sqnr": 6.88364566365772, "quant_mse": 0.00019369088113307953, "quant_sparsity": 0.487267404794693, "pruning_sqnr": 4.003019524843348, "pruning_mse": 0.00037598609924316406, "pruning_sqnr_corrected": 2.53741372128127, "pruning_mse_corrected": 0.0005269050598144531}, "features.12": {"sample_kurtosis": 2.1713048317084622, "quant_sqnr": 7.02902188346404, "quant_mse": 0.00010452568676555529, "quant_sparsity": 0.4940677285194397, "pruning_sqnr": 3.620617349641153, "pruning_mse": 0.00022912025451660156, "pruning_sqnr_corrected": 2.21587047600662, "pruning_mse_corrected": 0.000316619873046875}, "features.14": {"sample_kurtosis": 1.8274999602393676, "quant_sqnr": 7.2264438914673335, "quant_mse": 9.89774489426054e-05, "quant_sparsity": 0.4171244204044342, "pruning_sqnr": 3.525045939562811, "pruning_mse": 0.0002321004867553711, "pruning_sqnr_corrected": 2.370368288563747, "pruning_mse_corrected": 0.0003027915954589844}, "features.16": {"sample_kurtosis": 3.4547614650661744, "quant_sqnr": 6.7073531272094655, "quant_mse": 0.00011714131687767804, "quant_sparsity": 0.5020701289176941, "pruning_sqnr": 3.6999383150682332, "pruning_mse": 0.00023412704467773438, "pruning_sqnr_corrected": 2.279282117170067, "pruning_mse_corrected": 0.0003247261047363281}, "features.19": {"sample_kurtosis": 3.461146223469248, "quant_sqnr": 6.89895479382853, "quant_mse": 8.131320646498352e-05, "quant_sparsity": 0.40417903661727905, "pruning_sqnr": 3.699316024670355, "pruning_mse": 0.00016987323760986328, "pruning_sqnr_corrected": 2.5657473840855065, "pruning_mse_corrected": 0.0002205371856689453}, "features.21": {"sample_kurtosis": 1.6279217569380693, "quant_sqnr": 7.286393439261268, "quant_mse": 4.275353057892062e-05, "quant_sparsity": 0.4024628698825836, "pruning_sqnr": 3.447815035270577, "pruning_mse": 0.00010347366333007812, "pruning_sqnr_corrected": 2.348594251531451, "pruning_mse_corrected": 0.00013327598571777344}, "features.23": {"sample_kurtosis": 0.953588449395725, "quant_sqnr": 7.413149001954017, "quant_mse": 3.89717570214998e-05, "quant_sparsity": 0.3805385231971741, "pruning_sqnr": 3.3563146035232023, "pruning_mse": 9.918212890625e-05, "pruning_sqnr_corrected": 2.3291417576651634, "pruning_mse_corrected": 0.00012564659118652344}, "features.25": {"sample_kurtosis": 1.0713966771113625, "quant_sqnr": 7.282978549936257, "quant_mse": 3.98901138396468e-05, "quant_sparsity": 0.3852420449256897, "pruning_sqnr": 3.414290656035986, "pruning_mse": 9.721517562866211e-05, "pruning_sqnr_corrected": 2.3707427459085215, "pruning_mse_corrected": 0.00012362003326416016}, "features.28": {"sample_kurtosis": 0.8261900787167411, "quant_sqnr": 7.421235519589154, "quant_mse": 4.554796760203317e-05, "quant_sparsity": 0.37808820605278015, "pruning_sqnr": 3.3483263763100086, "pruning_mse": 0.0001163482666015625, "pruning_sqnr_corrected": 2.326154977020081, "pruning_mse_corrected": 0.00014722347259521484}, "features.30": {"sample_kurtosis": 0.8261900787167411, "quant_sqnr": 7.365059753283951, "quant_mse": 4.622842607204802e-05, "quant_sparsity": 0.33951273560523987, "pruning_sqnr": 3.2728190222568205, "pruning_mse": 0.00011861324310302734, "pruning_sqnr_corrected": 2.366145127890112, "pruning_mse_corrected": 0.0001461505889892578}, "features.32": {"sample_kurtosis": 0.2888453962638162, "quant_sqnr": 7.570512572819964, "quant_mse": 4.125581108382903e-05, "quant_sparsity": 0.47084513306617737, "pruning_sqnr": 3.194179499230944, "pruning_mse": 0.00011301040649414062, "pruning_sqnr_corrected": 1.9310703371544675, "pruning_mse_corrected": 0.00015115737915039062}, "features.34": {"sample_kurtosis": 0.9052806852833233, "quant_sqnr": 7.516115346032146, "quant_mse": 3.856553303194232e-05, "quant_sparsity": 0.3734876811504364, "pruning_sqnr": 3.392944957592637, "pruning_mse": 9.965896606445312e-05, "pruning_sqnr_corrected": 2.357853892969395, "pruning_mse_corrected": 0.0001264810562133789}, "classifier.0": {"sample_kurtosis": -3.0, "quant_sqnr": 7.831108824897815, "quant_mse": 3.69281087841955e-06, "quant_sparsity": 0.4532203674316406, "pruning_sqnr": 3.2967517711351118, "pruning_mse": 1.049041748046875e-05, "pruning_sqnr_corrected": 2.0411998265592484, "pruning_mse_corrected": 1.4007091522216797e-05}, "classifier.3": {"sample_kurtosis": -3.0, "quant_sqnr": 8.087281269484386, "quant_mse": 1.4619553439843003e-05, "quant_sparsity": 0.4461327791213989, "pruning_sqnr": 3.0684467233572974, "pruning_mse": 4.64320182800293e-05, "pruning_sqnr_corrected": 1.8808217336848227, "pruning_mse_corrected": 6.103515625e-05}, "classifier.6": {"sample_kurtosis": 0.28932513335937005, "quant_sqnr": 7.28400446743141, "quant_mse": 6.162569479783997e-05, "quant_sparsity": 0.38447585701942444, "pruning_sqnr": 3.102335114241663, "pruning_mse": 0.0001614093780517578, "pruning_sqnr_corrected": 2.075880513945025, "pruning_mse_corrected": 0.00020444393157958984}}