{"features.0": {"sample_kurtosis": 1.7546389344354347, "quant_sqnr": 16.961326239113216, "quant_mse": 0.0012962832115590572, "quant_sparsity": 0.22974537312984467, "pruning_sqnr": 7.304427942164214, "pruning_mse": 0.0119781494140625, "pruning_sqnr_corrected": 5.947127289957228, "pruning_mse_corrected": 0.0163726806640625}, "features.2": {"sample_kurtosis": 5.316591430415794, "quant_sqnr": 14.656041522496466, "quant_mse": 0.00010654819197952747, "quant_sparsity": 0.290581613779068, "pruning_sqnr": 8.156496044584337, "pruning_mse": 0.00047588348388671875, "pruning_sqnr_corrected": 6.3926833238235705, "pruning_mse_corrected": 0.0007143020629882812}, "features.5": {"sample_kurtosis": 5.414975575959966, "quant_sqnr": 14.263481027406101, "quant_mse": 8.882865949999541e-05, "quant_sparsity": 0.2768147885799408, "pruning_sqnr": 7.612758381855597, "pruning_mse": 0.0004107952117919922, "pruning_sqnr_corrected": 5.989267910951963, "pruning_mse_corrected": 0.0005970001220703125}, "features.7": {"sample_kurtosis": 3.247752800303692, "quant_sqnr": 15.380091558268699, "quant_mse": 4.2302508518332615e-05, "quant_sparsity": 0.2209676057100296, "pruning_sqnr": 6.7779421343802015, "pruning_mse": 0.0003066062927246094, "pruning_sqnr_corrected": 5.560756262776543, "pruning_mse_corrected": 0.0004057884216308594}, "features.10": {"sample_kurtosis": 4.697437545976054, "quant_sqnr": 14.876908802976514, "quant_mse": 3.074559208471328e-05, "quant_sparsity": 0.223419189453125, "pruning_sqnr": 6.738543597513561, "pruning_mse": 0.0002002716064453125, "pruning_sqnr_corrected": 5.5241958687237, "pruning_mse_corrected": 0.00026488304138183594}, "features.12": {"sample_kurtosis": 2.1713048317084622, "quant_sqnr": 15.868879353367664, "quant_mse": 1.365328898828011e-05, "quant_sparsity": 0.2006022185087204, "pruning_sqnr": 6.266988278495691, "pruning_mse": 0.0001245737075805664, "pruning_sqnr_corrected": 5.206592887161117, "pruning_mse_corrected": 0.0001590251922607422}, "features.14": {"sample_kurtosis": 1.8274999602393676, "quant_sqnr": 16.08113368680568, "quant_mse": 1.288449129788205e-05, "quant_sparsity": 0.1863911896944046, "pruning_sqnr": 6.145209377015562, "pruning_mse": 0.00012695789337158203, "pruning_sqnr_corrected": 5.170403960624536, "pruning_mse_corrected": 0.0001589059829711914}, "features.16": {"sample_kurtosis": 3.4547614650661744, "quant_sqnr": 15.16624134836472, "quant_mse": 1.670403071329929e-05, "quant_sparsity": 0.2035132497549057, "pruning_sqnr": 6.325355929918031, "pruning_mse": 0.00012791156768798828, "pruning_sqnr_corrected": 5.257812035870213, "pruning_mse_corrected": 0.00016355514526367188}, "features.19": {"sample_kurtosis": 3.461146223469248, "quant_sqnr": 15.08207843618056, "quant_mse": 1.2355169928923715e-05, "quant_sparsity": 0.21025678515434265, "pruning_sqnr": 6.347250447163396, "pruning_mse": 9.232759475708008e-05, "pruning_sqnr_corrected": 5.235293738393343, "pruning_mse_corrected": 0.00011926889419555664}, "features.21": {"sample_kurtosis": 1.6279217569380693, "quant_sqnr": 16.355109382872577, "quant_mse": 5.297858933772659e-06, "quant_sparsity": 0.17930561304092407, "pruning_sqnr": 6.047828496634357, "pruning_mse": 5.6862831115722656e-05, "pruning_sqnr_corrected": 5.113464797396005, "pruning_mse_corrected": 7.051229476928711e-05}, "features.23": {"sample_kurtosis": 0.953588449395725, "quant_sqnr": 16.958313302061644, "quant_mse": 4.327464921516366e-06, "quant_sparsity": 0.16849857568740845, "pruning_sqnr": 5.93942101105783, "pruning_mse": 5.4717063903808594e-05, "pruning_sqnr_corrected": 5.064050260455676, "pruning_mse_corrected": 6.693601608276367e-05}, "features.25": {"sample_kurtosis": 1.0713966771113625, "quant_sqnr": 16.612464684678212, "quant_mse": 4.654967597161885e-06, "quant_sparsity": 0.17045338451862335, "pruning_sqnr": 5.9964051720454945, "pruning_mse": 5.364418029785156e-05, "pruning_sqnr_corrected": 5.117014321281081, "pruning_mse_corrected": 6.568431854248047e-05}, "features.28": {"sample_kurtosis": 0.8261900787167411, "quant_sqnr": 17.02375865266982, "quant_mse": 4.991334662918234e-06, "quant_sparsity": 0.16759152710437775, "pruning_sqnr": 5.9430816959813715, "pruning_mse": 6.401538848876953e-05, "pruning_sqnr_corrected": 5.070477248721945, "pruning_mse_corrected": 7.826089859008789e-05}, "features.30": {"sample_kurtosis": 0.8261900787167411, "quant_sqnr": 17.523000349173635, "quant_mse": 4.457743216335075e-06, "quant_sparsity": 0.14922969043254852, "pruning_sqnr": 5.851372862118981, "pruning_mse": 6.55055046081543e-05, "pruning_sqnr_corrected": 5.078702525459093, "pruning_mse_corrected": 7.826089859008789e-05}, "features.32": {"sample_kurtosis": 0.2888453962638162, "quant_sqnr": 17.941098943996632, "quant_mse": 3.7881441130593885e-06, "quant_sparsity": 0.14227168262004852, "pruning_sqnr": 5.756535668968996, "pruning_mse": 6.264448165893555e-05, "pruning_sqnr_corrected": 5.0243590257034185, "pruning_mse_corrected": 7.414817810058594e-05}, "features.34": {"sample_kurtosis": 0.9052806852833233, "quant_sqnr": 17.56312433567602, "quant_mse": 3.815034233412007e-06, "quant_sparsity": 0.16580158472061157, "pruning_sqnr": 6.034893765411677, "pruning_mse": 5.424022674560547e-05, "pruning_sqnr_corrected": 5.16035604527553, "pruning_mse_corrected": 6.633996963500977e-05}, "classifier.0": {"sample_kurtosis": -3.0, "quant_sqnr": 17.915600782910065, "quant_mse": 3.6216616194906237e-07, "quant_sparsity": 0.1379060298204422, "pruning_sqnr": 5.929166118880927, "pruning_mse": 5.7220458984375e-06, "pruning_sqnr_corrected": 5.221094014442413, "pruning_mse_corrected": 6.735324859619141e-06}, "classifier.3": {"sample_kurtosis": -3.0, "quant_sqnr": 18.941132952912362, "quant_mse": 1.2010164027742576e-06, "quant_sparsity": 0.13680177927017212, "pruning_sqnr": 5.649136744287078, "pruning_mse": 2.562999725341797e-05, "pruning_sqnr_corrected": 4.933741706749583, "pruning_mse_corrected": 3.0219554901123047e-05}, "classifier.6": {"sample_kurtosis": 0.28932513335937005, "quant_sqnr": 18.676423302033726, "quant_mse": 4.472186901693931e-06, "quant_sparsity": 0.13224463164806366, "pruning_sqnr": 5.665014791940026, "pruning_mse": 8.946657180786133e-05, "pruning_sqnr_corrected": 4.9860505063543, "pruning_mse_corrected": 0.00010460615158081055}}