{"features.0": {"sample_kurtosis": 2.2829934494304123, "quant_sqnr": 32.96965760189428, "quant_mse": 3.175944948452525e-05, "quant_sparsity": 0.04976851865649223, "pruning_sqnr": 11.867789259734902, "pruning_mse": 0.004093170166015625, "pruning_sqnr_corrected": 11.295972301298988, "pruning_mse_corrected": 0.004669189453125}, "features.2": {"sample_kurtosis": 6.076940399704476, "quant_sqnr": 28.11754475113065, "quant_mse": 4.813477062270977e-06, "quant_sparsity": 0.0753038227558136, "pruning_sqnr": 12.631750745510733, "pruning_mse": 0.00017023086547851562, "pruning_sqnr_corrected": 11.778535098785813, "pruning_mse_corrected": 0.0002071857452392578}, "features.5": {"sample_kurtosis": 4.506744927322982, "quant_sqnr": 27.975685843702095, "quant_mse": 3.933650532417232e-06, "quant_sparsity": 0.0634358748793602, "pruning_sqnr": 11.99778671408062, "pruning_mse": 0.0001558065414428711, "pruning_sqnr_corrected": 11.27688332925458, "pruning_mse_corrected": 0.00018393993377685547}, "features.7": {"sample_kurtosis": 2.5647633714880333, "quant_sqnr": 29.52147883515028, "quant_mse": 1.655703613323567e-06, "quant_sparsity": 0.0494859479367733, "pruning_sqnr": 11.24241074639949, "pruning_mse": 0.00011140108108520508, "pruning_sqnr_corrected": 10.686958636093497, "pruning_mse_corrected": 0.0001266002655029297}, "features.10": {"sample_kurtosis": 3.7202565179436835, "quant_sqnr": 26.34053797994385, "quant_mse": 2.3499665076087695e-06, "quant_sparsity": 0.0600721575319767, "pruning_sqnr": 11.007903066693075, "pruning_mse": 8.022785186767578e-05, "pruning_sqnr_corrected": 10.347663700886754, "pruning_mse_corrected": 9.340047836303711e-05}, "features.12": {"sample_kurtosis": 1.9379020044655304, "quant_sqnr": 28.341514155913707, "quant_mse": 8.844074272928992e-07, "quant_sparsity": 0.04730224609375, "pruning_sqnr": 10.532156830111548, "pruning_mse": 5.340576171875e-05, "pruning_sqnr_corrected": 10.012023188906374, "pruning_mse_corrected": 6.020069122314453e-05}, "features.14": {"sample_kurtosis": 3.589314082326208, "quant_sqnr": 26.64379204921012, "quant_mse": 1.395231379319739e-06, "quant_sparsity": 0.0547010637819767, "pruning_sqnr": 10.65262387460039, "pruning_mse": 5.543231964111328e-05, "pruning_sqnr_corrected": 10.055809165895042, "pruning_mse_corrected": 6.35981559753418e-05}, "features.17": {"sample_kurtosis": 3.94375390868258, "quant_sqnr": 26.063916264508467, "quant_mse": 1.1542963420652086e-06, "quant_sparsity": 0.05966949462890625, "pruning_sqnr": 10.719153133747719, "pruning_mse": 3.9517879486083984e-05, "pruning_sqnr_corrected": 10.06374463728588, "pruning_mse_corrected": 4.595518112182617e-05}, "features.19": {"sample_kurtosis": 2.060593215226528, "quant_sqnr": 28.61120973158204, "quant_mse": 3.6962174476684595e-07, "quant_sparsity": 0.044188182801008224, "pruning_sqnr": 10.303490914453892, "pruning_mse": 2.5033950805664062e-05, "pruning_sqnr_corrected": 9.824255391282065, "pruning_mse_corrected": 2.7954578399658203e-05}, "features.21": {"sample_kurtosis": 2.1995504132231405, "quant_sqnr": 28.80074069607039, "quant_mse": 3.522667384459055e-07, "quant_sparsity": 0.044456906616687775, "pruning_sqnr": 10.304893221479004, "pruning_mse": 2.491474151611328e-05, "pruning_sqnr_corrected": 9.823487233568233, "pruning_mse_corrected": 2.7835369110107422e-05}, "features.24": {"sample_kurtosis": 1.0265318399999996, "quant_sqnr": 29.730231016759685, "quant_mse": 3.1991314131119e-07, "quant_sparsity": 0.040622711181640625, "pruning_sqnr": 10.215338405254569, "pruning_mse": 2.86102294921875e-05, "pruning_sqnr_corrected": 9.77680556819575, "pruning_mse_corrected": 3.165006637573242e-05}, "features.26": {"sample_kurtosis": 0.6408888888888891, "quant_sqnr": 31.590788194017627, "quant_mse": 2.0066885042524518e-07, "quant_sparsity": 0.031298745423555374, "pruning_sqnr": 10.023315473156892, "pruning_mse": 2.8789043426513672e-05, "pruning_sqnr_corrected": 9.68608175064939, "pruning_mse_corrected": 3.1113624572753906e-05}, "features.28": {"sample_kurtosis": 0.6979470563600696, "quant_sqnr": 31.96121871546739, "quant_mse": 1.648344749582975e-07, "quant_sparsity": 0.03256988525390625, "pruning_sqnr": 10.423935947552165, "pruning_mse": 2.3484230041503906e-05, "pruning_sqnr_corrected": 10.064460475676185, "pruning_mse_corrected": 2.5510787963867188e-05}, "classifier.0": {"sample_kurtosis": -3.0, "quant_sqnr": 33.3595759940455, "quant_mse": 1.176972386218722e-08, "quant_sparsity": 0.030034268274903297, "pruning_sqnr": 10.293837776852097, "pruning_mse": 2.384185791015625e-06, "pruning_sqnr_corrected": 9.979753134335855, "pruning_mse_corrected": 2.562999725341797e-06}, "classifier.3": {"sample_kurtosis": -3.0, "quant_sqnr": 34.614126477492334, "quant_mse": 3.4752218880385044e-08, "quant_sparsity": 0.02567923069000244, "pruning_sqnr": 9.941189721969714, "pruning_mse": 1.0192394256591797e-05, "pruning_sqnr_corrected": 9.646639928586957, "pruning_mse_corrected": 1.0907649993896484e-05}, "classifier.6": {"sample_kurtosis": 0.07665704924446182, "quant_sqnr": 34.24546025331116, "quant_mse": 1.28271480548392e-07, "quant_sparsity": 0.023746583610773087, "pruning_sqnr": 9.828790630644747, "pruning_mse": 3.546476364135742e-05, "pruning_sqnr_corrected": 9.5736666954889, "pruning_mse_corrected": 3.7610530853271484e-05}}