{"features.0": {"sample_kurtosis": 23.40293161408346, "quant_sqnr": 25.86129609158856, "quant_mse": 6.367170863086358e-05, "quant_sparsity": 0.7690972089767456, "pruning_sqnr": Infinity, "pruning_mse": 0.0, "pruning_sqnr_corrected": 11.390667253761222, "pruning_mse_corrected": 0.0017824172973632812}, "features.3": {"sample_kurtosis": 56.71321169387148, "quant_sqnr": 23.191984451332523, "quant_mse": 4.778789843840059e-06, "quant_sparsity": 0.8404676914215088, "pruning_sqnr": Infinity, "pruning_mse": 0.0, "pruning_sqnr_corrected": 11.930414877462463, "pruning_mse_corrected": 6.389617919921875e-05}, "features.7": {"sample_kurtosis": 68.50882398606103, "quant_sqnr": 20.070020458601405, "quant_mse": 1.1964876648562495e-05, "quant_sparsity": 0.7636854648590088, "pruning_sqnr": Infinity, "pruning_mse": 0.0, "pruning_sqnr_corrected": 11.473645531278772, "pruning_mse_corrected": 8.660554885864258e-05}, "features.10": {"sample_kurtosis": 16.065075556340233, "quant_sqnr": 24.393681085969426, "quant_mse": 2.451610043863184e-06, "quant_sparsity": 0.6416693925857544, "pruning_sqnr": 40.53539396452824, "pruning_mse": 5.960464477539063e-08, "pruning_sqnr_corrected": 10.614279086658748, "pruning_mse_corrected": 5.8531761169433594e-05}, "features.14": {"sample_kurtosis": 11.833251028806584, "quant_sqnr": 21.457565615522256, "quant_mse": 3.6850146898359526e-06, "quant_sparsity": 0.40008544921875, "pruning_sqnr": 15.658478186735177, "pruning_mse": 1.4007091522216797e-05, "pruning_sqnr_corrected": 9.773973039722556, "pruning_mse_corrected": 5.429983139038086e-05}, "features.17": {"sample_kurtosis": 8.687319575800291, "quant_sqnr": 22.90369176353179, "quant_mse": 1.5100432619874482e-06, "quant_sparsity": 0.4462788999080658, "pruning_sqnr": 17.028523863882647, "pruning_mse": 5.841255187988281e-06, "pruning_sqnr_corrected": 9.351665696827858, "pruning_mse_corrected": 3.421306610107422e-05}, "features.20": {"sample_kurtosis": 7.050666641106499, "quant_sqnr": 23.08738127566572, "quant_mse": 1.5177735122051672e-06, "quant_sparsity": 0.3812238872051239, "pruning_sqnr": 14.691523250483872, "pruning_mse": 1.049041748046875e-05, "pruning_sqnr_corrected": 9.098443141413746, "pruning_mse_corrected": 3.802776336669922e-05}, "features.23": {"sample_kurtosis": 10.526376780435367, "quant_sqnr": 21.180971309033943, "quant_mse": 2.782926458166912e-06, "quant_sparsity": 0.3436397910118103, "pruning_sqnr": 13.401607252823284, "pruning_mse": 1.6689300537109375e-05, "pruning_sqnr_corrected": 8.918962105851396, "pruning_mse_corrected": 4.684925079345703e-05}, "features.27": {"sample_kurtosis": 11.021710733750732, "quant_sqnr": 21.08899663825849, "quant_mse": 2.2116514628578443e-06, "quant_sparsity": 0.34502580761909485, "pruning_sqnr": 13.398797531275752, "pruning_mse": 1.2993812561035156e-05, "pruning_sqnr_corrected": 8.994617747294404, "pruning_mse_corrected": 3.5822391510009766e-05}, "features.30": {"sample_kurtosis": 5.684161271033858, "quant_sqnr": 22.126895625818136, "quant_mse": 1.1395808314773603e-06, "quant_sparsity": 0.2639367878437042, "pruning_sqnr": 11.617161341028375, "pruning_mse": 1.2814998626708984e-05, "pruning_sqnr_corrected": 8.627108250052709, "pruning_mse_corrected": 2.5510787963867188e-05}, "features.33": {"sample_kurtosis": 3.3535019171597638, "quant_sqnr": 22.83062211873966, "quant_mse": 1.0181853440371924e-06, "quant_sparsity": 0.1506669819355011, "pruning_sqnr": 9.803148291917097, "pruning_mse": 2.0444393157958984e-05, "pruning_sqnr_corrected": 8.361810526223614, "pruning_mse_corrected": 2.849102020263672e-05}, "features.36": {"sample_kurtosis": 2.6382158370090316, "quant_sqnr": 23.666901611140784, "quant_mse": 8.987719866127009e-07, "quant_sparsity": 0.09666994214057922, "pruning_sqnr": 9.238833029189678, "pruning_mse": 2.491474151611328e-05, "pruning_sqnr_corrected": 8.374894085960666, "pruning_mse_corrected": 3.039836883544922e-05}, "features.40": {"sample_kurtosis": 2.850508988077581, "quant_sqnr": 23.22813771784879, "quant_mse": 1.1779907254094724e-06, "quant_sparsity": 0.09621599316596985, "pruning_sqnr": 9.19705534549121, "pruning_mse": 2.9802322387695312e-05, "pruning_sqnr_corrected": 8.347719596124048, "pruning_mse_corrected": 3.62396240234375e-05}, "features.43": {"sample_kurtosis": 2.761274696092123, "quant_sqnr": 22.819223028306222, "quant_mse": 1.3129808849043911e-06, "quant_sparsity": 0.08622106164693832, "pruning_sqnr": 8.973593451759339, "pruning_mse": 3.1828880310058594e-05, "pruning_sqnr_corrected": 8.214434865560763, "pruning_mse_corrected": 3.790855407714844e-05}, "features.46": {"sample_kurtosis": 0.5753247166543161, "quant_sqnr": 26.347791326822005, "quant_mse": 5.279154038362321e-07, "quant_sparsity": 0.0575900599360466, "pruning_sqnr": 8.594294403778964, "pruning_mse": 3.147125244140625e-05, "pruning_sqnr_corrected": 8.09741656188789, "pruning_mse_corrected": 3.528594970703125e-05}, "features.49": {"sample_kurtosis": 1.9029350016599098, "quant_sqnr": 24.94525612199994, "quant_mse": 6.180609943839954e-07, "quant_sparsity": 0.06604216247797012, "pruning_sqnr": 8.880628214510596, "pruning_mse": 2.4974346160888672e-05, "pruning_sqnr_corrected": 8.308489478052362, "pruning_mse_corrected": 2.849102020263672e-05}, "classifier.0": {"sample_kurtosis": -3.0, "quant_sqnr": 26.984117838955207, "quant_mse": 4.0941376511227645e-08, "quant_sparsity": 0.09759777039289474, "pruning_sqnr": 9.22510263323035, "pruning_mse": 2.4437904357910156e-06, "pruning_sqnr_corrected": 8.27723943944834, "pruning_mse_corrected": 3.039836883544922e-06}, "classifier.3": {"sample_kurtosis": -3.0, "quant_sqnr": 28.92531865485569, "quant_mse": 1.1351655615499112e-07, "quant_sparsity": 0.12908685207366943, "pruning_sqnr": 9.19457937542061, "pruning_mse": 1.0669231414794922e-05, "pruning_sqnr_corrected": 7.957340114654423, "pruning_mse_corrected": 1.4185905456542969e-05}, "classifier.6": {"sample_kurtosis": 0.5741466640307045, "quant_sqnr": 28.922141175499398, "quant_mse": 4.681496932334994e-07, "quant_sparsity": 0.08313940465450287, "pruning_sqnr": 8.847719773105561, "pruning_mse": 4.762411117553711e-05, "pruning_sqnr_corrected": 8.123467623264785, "pruning_mse_corrected": 5.626678466796875e-05}}