{"features.0": {"sample_kurtosis": 9.09688581314879, "quant_sqnr": 20.568832911440946, "quant_mse": 0.0005825398839078844, "quant_sparsity": 0.49363425374031067, "pruning_sqnr": 16.632570781808603, "pruning_mse": 0.00144195556640625, "pruning_sqnr_corrected": 10.280287236002435, "pruning_mse_corrected": 0.0062255859375}, "features.4": {"sample_kurtosis": 27.474477903477048, "quant_sqnr": 16.008434051356016, "quant_mse": 6.393196963472292e-05, "quant_sparsity": 0.5882568359375, "pruning_sqnr": 17.539100397121164, "pruning_mse": 4.494190216064453e-05, "pruning_sqnr_corrected": 9.681460706241362, "pruning_mse_corrected": 0.00027441978454589844}, "features.8": {"sample_kurtosis": 17.73556080237952, "quant_sqnr": 15.510813950844067, "quant_mse": 2.7240332201472484e-05, "quant_sparsity": 0.3055080771446228, "pruning_sqnr": 10.212427342569514, "pruning_mse": 9.226799011230469e-05, "pruning_sqnr_corrected": 7.790070033342269, "pruning_mse_corrected": 0.00016117095947265625}, "features.11": {"sample_kurtosis": 5.627858205301134, "quant_sqnr": 18.576149694911837, "quant_mse": 8.749567314225715e-06, "quant_sparsity": 0.1970892995595932, "pruning_sqnr": 9.047356671797811, "pruning_mse": 7.849931716918945e-05, "pruning_sqnr_corrected": 7.571497137385512, "pruning_mse_corrected": 0.00011026859283447266}, "features.15": {"sample_kurtosis": 6.3896427561504385, "quant_sqnr": 17.96094304482053, "quant_mse": 7.869651199143846e-06, "quant_sparsity": 0.1857655793428421, "pruning_sqnr": 8.556943606533443, "pruning_mse": 6.860494613647461e-05, "pruning_sqnr_corrected": 7.228107062639493, "pruning_mse_corrected": 9.316205978393555e-05}, "features.18": {"sample_kurtosis": 4.134852663666715, "quant_sqnr": 18.633703882819052, "quant_mse": 4.395565611048369e-06, "quant_sparsity": 0.1769544780254364, "pruning_sqnr": 8.157052160036507, "pruning_mse": 4.9054622650146484e-05, "pruning_sqnr_corrected": 6.873499242472409, "pruning_mse_corrected": 6.592273712158203e-05}, "features.22": {"sample_kurtosis": 1.91974820472051, "quant_sqnr": 20.058116076364133, "quant_mse": 3.2746713714004727e-06, "quant_sparsity": 0.14437951147556305, "pruning_sqnr": 7.772162780485706, "pruning_mse": 5.543231964111328e-05, "pruning_sqnr_corrected": 6.74922763759071, "pruning_mse_corrected": 7.015466690063477e-05}, "features.25": {"sample_kurtosis": 2.75804904969561, "quant_sqnr": 19.680913470550852, "quant_mse": 3.1304630283557344e-06, "quant_sparsity": 0.12823741137981415, "pruning_sqnr": 7.793989677915546, "pruning_mse": 4.83393669128418e-05, "pruning_sqnr_corrected": 6.914705735073294, "pruning_mse_corrected": 5.918741226196289e-05}, "classifier.0": {"sample_kurtosis": -3.0, "quant_sqnr": 22.207754199179803, "quant_mse": 1.670669718123463e-07, "quant_sparsity": 0.12667451798915863, "pruning_sqnr": 7.599008978113504, "pruning_mse": 4.827976226806641e-06, "pruning_sqnr_corrected": 6.727507220924503, "pruning_mse_corrected": 5.900859832763672e-06}, "classifier.3": {"sample_kurtosis": 2.0761230138415385, "quant_sqnr": 23.433060188628776, "quant_mse": 4.942540954289143e-07, "quant_sparsity": 0.11425900459289551, "pruning_sqnr": 7.241570963245385, "pruning_mse": 2.0563602447509766e-05, "pruning_sqnr_corrected": 6.428828607710698, "pruning_mse_corrected": 2.47955322265625e-05}, "classifier.6": {"sample_kurtosis": 0.44798356829896546, "quant_sqnr": 23.47684585544664, "quant_mse": 1.9582548702601343e-06, "quant_sparsity": 0.09218946099281311, "pruning_sqnr": 7.288229974588656, "pruning_mse": 8.14199447631836e-05, "pruning_sqnr_corrected": 6.672689687813334, "pruning_mse_corrected": 9.381771087646484e-05}}