{"features.0": {"sample_kurtosis": 2.2829934494304123, "quant_sqnr": 12.005825111779792, "quant_mse": 0.003965118899941444, "quant_sparsity": 0.3663194477558136, "pruning_sqnr": 5.887853920881821, "pruning_mse": 0.0162200927734375, "pruning_sqnr_corrected": 4.185899339881921, "pruning_mse_corrected": 0.0240020751953125}, "features.2": {"sample_kurtosis": 6.076940399704476, "quant_sqnr": 10.04620548372584, "quant_mse": 0.00030873995274305344, "quant_sparsity": 0.4254285991191864, "pruning_sqnr": 6.562760974296463, "pruning_mse": 0.0006885528564453125, "pruning_sqnr_corrected": 4.5638727054228, "pruning_mse_corrected": 0.00109100341796875}, "features.5": {"sample_kurtosis": 4.506744927322982, "quant_sqnr": 10.657850166629464, "quant_mse": 0.00021211888815741986, "quant_sparsity": 0.3686116635799408, "pruning_sqnr": 6.003851165876162, "pruning_mse": 0.0006194114685058594, "pruning_sqnr_corrected": 4.359269367719815, "pruning_mse_corrected": 0.0009045600891113281}, "features.7": {"sample_kurtosis": 2.5647633714880333, "quant_sqnr": 11.40176854440756, "quant_mse": 0.00010738747369032353, "quant_sparsity": 0.3424140214920044, "pruning_sqnr": 5.428826849899627, "pruning_mse": 0.0004248619079589844, "pruning_sqnr_corrected": 3.9828926038519272, "pruning_mse_corrected": 0.0005927085876464844}, "features.10": {"sample_kurtosis": 3.7202565179436835, "quant_sqnr": 11.209468851559116, "quant_mse": 7.658938557142392e-05, "quant_sparsity": 0.306488037109375, "pruning_sqnr": 5.312129368551676, "pruning_mse": 0.00029778480529785156, "pruning_sqnr_corrected": 4.050589040817198, "pruning_mse_corrected": 0.0003981590270996094}, "features.12": {"sample_kurtosis": 1.9379020044655304, "quant_sqnr": 11.904143291342663, "quant_mse": 3.893941902788356e-05, "quant_sparsity": 0.305138498544693, "pruning_sqnr": 4.899147434387996, "pruning_mse": 0.00019538402557373047, "pruning_sqnr_corrected": 3.684344191429494, "pruning_mse_corrected": 0.00025844573974609375}, "features.14": {"sample_kurtosis": 3.589314082326208, "quant_sqnr": 11.209844496555647, "quant_mse": 4.875745071331039e-05, "quant_sparsity": 0.3103688657283783, "pruning_sqnr": 5.03289492429298, "pruning_mse": 0.000202178955078125, "pruning_sqnr_corrected": 3.805328222386305, "pruning_mse_corrected": 0.0002682209014892578}, "features.17": {"sample_kurtosis": 3.94375390868258, "quant_sqnr": 11.09885177515265, "quant_mse": 3.620960342232138e-05, "quant_sparsity": 0.3202463686466217, "pruning_sqnr": 5.092547029725116, "pruning_mse": 0.0001443624496459961, "pruning_sqnr_corrected": 3.8127830485751444, "pruning_mse_corrected": 0.0001938343048095703}, "features.19": {"sample_kurtosis": 2.060593215226528, "quant_sqnr": 12.022061743924063, "quant_mse": 1.6852809494594112e-05, "quant_sparsity": 0.2609117329120636, "pruning_sqnr": 4.749091420677, "pruning_mse": 8.994340896606445e-05, "pruning_sqnr_corrected": 3.732476887972842, "pruning_mse_corrected": 0.00011366605758666992}, "features.21": {"sample_kurtosis": 2.1995504132231405, "quant_sqnr": 11.880628339903542, "quant_mse": 1.7333364667138085e-05, "quant_sparsity": 0.3042144775390625, "pruning_sqnr": 4.76734010394493, "pruning_mse": 8.916854858398438e-05, "pruning_sqnr_corrected": 3.5830304921149008, "pruning_mse_corrected": 0.00011712312698364258}, "features.24": {"sample_kurtosis": 1.0265318399999996, "quant_sqnr": 12.392166096307342, "quant_mse": 1.7331596609437838e-05, "quant_sparsity": 0.2576073706150055, "pruning_sqnr": 4.6598597849175105, "pruning_mse": 0.00010281801223754883, "pruning_sqnr_corrected": 3.6591525698423464, "pruning_mse_corrected": 0.00012946128845214844}, "features.26": {"sample_kurtosis": 0.6408888888888891, "quant_sqnr": 12.83898554200324, "quant_mse": 1.5054288269311655e-05, "quant_sparsity": 0.23624590039253235, "pruning_sqnr": 4.504978077396409, "pruning_mse": 0.00010257959365844727, "pruning_sqnr_corrected": 3.5994281713844978, "pruning_mse_corrected": 0.00012636184692382812}, "features.28": {"sample_kurtosis": 0.6979470563600696, "quant_sqnr": 12.692606862229532, "quant_mse": 1.39286566991359e-05, "quant_sparsity": 0.27690887451171875, "pruning_sqnr": 4.759232002167156, "pruning_mse": 8.654594421386719e-05, "pruning_sqnr_corrected": 3.653520392055532, "pruning_mse_corrected": 0.00011163949966430664}, "classifier.0": {"sample_kurtosis": -3.0, "quant_sqnr": 12.8072684661614, "quant_mse": 1.3365863651415566e-06, "quant_sparsity": 0.3059830963611603, "pruning_sqnr": 4.64126434264996, "pruning_mse": 8.761882781982422e-06, "pruning_sqnr_corrected": 3.4140915765065403, "pruning_mse_corrected": 1.1622905731201172e-05}, "classifier.3": {"sample_kurtosis": -3.0, "quant_sqnr": 13.643126478043431, "quant_mse": 4.345928118709708e-06, "quant_sparsity": 0.22580361366271973, "pruning_sqnr": 4.347233930908714, "pruning_mse": 3.695487976074219e-05, "pruning_sqnr_corrected": 3.480192030890525, "pruning_mse_corrected": 4.51207160949707e-05}, "classifier.6": {"sample_kurtosis": 0.07665704924446182, "quant_sqnr": 13.23214966147382, "quant_mse": 1.619799149921164e-05, "quant_sparsity": 0.26499953866004944, "pruning_sqnr": 4.372497426819702, "pruning_mse": 0.0001245737075805664, "pruning_sqnr_corrected": 3.357921019231931, "pruning_mse_corrected": 0.00015735626220703125}}