{"features.0": {"sample_kurtosis": 1.2434124588982476, "quant_sqnr": 12.645963611174004, "quant_mse": 0.006923058535903692, "quant_sparsity": 0.35706019401550293, "pruning_sqnr": 5.8291780181386965, "pruning_mse": 0.03326416015625, "pruning_sqnr_corrected": 3.9762782860690993, "pruning_mse_corrected": 0.05096435546875}, "features.3": {"sample_kurtosis": 8.12276217096664, "quant_sqnr": 9.678591263491521, "quant_mse": 0.00046006476623006165, "quant_sparsity": 0.5002034306526184, "pruning_sqnr": 7.531015305004675, "pruning_mse": 0.0007543563842773438, "pruning_sqnr_corrected": 4.839606792499679, "pruning_mse_corrected": 0.0014019012451171875}, "features.6": {"sample_kurtosis": 5.144191729465959, "quant_sqnr": 10.651963079819566, "quant_mse": 0.00011958131653955206, "quant_sparsity": 0.3796590268611908, "pruning_sqnr": 5.851069102596287, "pruning_mse": 0.0003612041473388672, "pruning_sqnr_corrected": 4.187754884931038, "pruning_mse_corrected": 0.0005297660827636719}, "features.8": {"sample_kurtosis": 4.719325088982083, "quant_sqnr": 11.04297565570694, "quant_mse": 6.994414434302598e-05, "quant_sparsity": 0.3303917944431305, "pruning_sqnr": 5.3868738712577695, "pruning_mse": 0.00025725364685058594, "pruning_sqnr_corrected": 4.017406578117951, "pruning_mse_corrected": 0.00035262107849121094}, "features.11": {"sample_kurtosis": 3.416340958804933, "quant_sqnr": 11.230202083762403, "quant_mse": 4.500916475080885e-05, "quant_sparsity": 0.3306410014629364, "pruning_sqnr": 5.1305472685670015, "pruning_mse": 0.00018334388732910156, "pruning_sqnr_corrected": 3.8028056799188787, "pruning_mse_corrected": 0.00024890899658203125}, "features.13": {"sample_kurtosis": 2.6298752810371244, "quant_sqnr": 11.700472918524916, "quant_mse": 2.448220766382292e-05, "quant_sparsity": 0.29794609546661377, "pruning_sqnr": 4.867332896522017, "pruning_mse": 0.00011807680130004883, "pruning_sqnr_corrected": 3.6964779344268752, "pruning_mse_corrected": 0.00015461444854736328}, "features.16": {"sample_kurtosis": 1.3842054609781353, "quant_sqnr": 12.186433984238201, "quant_mse": 2.3533302737632766e-05, "quant_sparsity": 0.29449930787086487, "pruning_sqnr": 4.738095528259382, "pruning_mse": 0.00013077259063720703, "pruning_sqnr_corrected": 3.586801429355875, "pruning_mse_corrected": 0.0001704692840576172}, "features.18": {"sample_kurtosis": 1.3851271950184216, "quant_sqnr": 12.43007115830986, "quant_mse": 2.0396459149196744e-05, "quant_sparsity": 0.2714419960975647, "pruning_sqnr": 4.803973161324677, "pruning_mse": 0.00011807680130004883, "pruning_sqnr_corrected": 3.724480750510767, "pruning_mse_corrected": 0.0001513957977294922}, "classifier.0": {"sample_kurtosis": -3.0, "quant_sqnr": 13.108432645985477, "quant_mse": 1.5675417444072082e-06, "quant_sparsity": 0.2789836823940277, "pruning_sqnr": 4.636105472633753, "pruning_mse": 1.1026859283447266e-05, "pruning_sqnr_corrected": 3.5238437471825144, "pruning_mse_corrected": 1.424551010131836e-05}, "classifier.3": {"sample_kurtosis": 1.6474282548476458, "quant_sqnr": 13.466392827077998, "quant_mse": 5.151598998054396e-06, "quant_sparsity": 0.2140708565711975, "pruning_sqnr": 4.351121117121509, "pruning_mse": 4.202127456665039e-05, "pruning_sqnr_corrected": 3.528616339368495, "pruning_mse_corrected": 5.078315734863281e-05}, "classifier.6": {"sample_kurtosis": -0.010765676409057345, "quant_sqnr": 13.272455602528536, "quant_mse": 1.758585676725488e-05, "quant_sparsity": 0.2501193881034851, "pruning_sqnr": 4.365355742313036, "pruning_mse": 0.0001367330551147461, "pruning_sqnr_corrected": 3.410667633416011, "pruning_mse_corrected": 0.0001703500747680664}}