{"features.0": {"sample_kurtosis": 1.2434124588982476, "quant_sqnr": 27.41547710164621, "quant_mse": 0.00023085891734808683, "quant_sparsity": 0.06828703731298447, "pruning_sqnr": 10.670682536173938, "pruning_mse": 0.0109100341796875, "pruning_sqnr_corrected": 10.00990053240117, "pruning_mse_corrected": 0.01270294189453125}, "features.3": {"sample_kurtosis": 8.12276217096664, "quant_sqnr": 22.348795350931994, "quant_mse": 2.4877032046788372e-05, "quant_sparsity": 0.1590033620595932, "pruning_sqnr": 12.346375066598629, "pruning_mse": 0.00024890899658203125, "pruning_sqnr_corrected": 10.813191959015498, "pruning_mse_corrected": 0.0003542900085449219}, "features.6": {"sample_kurtosis": 5.144191729465959, "quant_sqnr": 22.37629652266022, "quant_mse": 8.039517524593975e-06, "quant_sparsity": 0.111128069460392, "pruning_sqnr": 10.184963656463246, "pruning_mse": 0.00013315677642822266, "pruning_sqnr_corrected": 9.185642180781286, "pruning_mse_corrected": 0.00016760826110839844}, "features.8": {"sample_kurtosis": 4.719325088982083, "quant_sqnr": 22.16436610126985, "quant_mse": 5.402718215918867e-06, "quant_sparsity": 0.1000756174325943, "pruning_sqnr": 9.594549257122504, "pruning_mse": 9.763240814208984e-05, "pruning_sqnr_corrected": 8.712214506491645, "pruning_mse_corrected": 0.00011962652206420898}, "features.11": {"sample_kurtosis": 3.416340958804933, "quant_sqnr": 22.81432317804623, "quant_mse": 3.1252793633029796e-06, "quant_sparsity": 0.08797454833984375, "pruning_sqnr": 9.244006143157517, "pruning_mse": 7.110834121704102e-05, "pruning_sqnr_corrected": 8.481414615923462, "pruning_mse_corrected": 8.475780487060547e-05}, "features.13": {"sample_kurtosis": 2.6298752810371244, "quant_sqnr": 23.48788757671138, "quant_mse": 1.6222176100200159e-06, "quant_sparsity": 0.07671695202589035, "pruning_sqnr": 8.926381682010598, "pruning_mse": 4.6372413635253906e-05, "pruning_sqnr_corrected": 8.264895675139357, "pruning_mse_corrected": 5.4001808166503906e-05}, "features.16": {"sample_kurtosis": 1.3842054609781353, "quant_sqnr": 24.95948531452148, "quant_mse": 1.242732764694665e-06, "quant_sparsity": 0.07000732421875, "pruning_sqnr": 8.800430246109759, "pruning_mse": 5.131959915161133e-05, "pruning_sqnr_corrected": 8.194109814670806, "pruning_mse_corrected": 5.900859832763672e-05}, "features.18": {"sample_kurtosis": 1.3851271950184216, "quant_sqnr": 26.014940083647218, "quant_mse": 8.934451329878357e-07, "quant_sparsity": 0.06456926465034485, "pruning_sqnr": 8.919205716395027, "pruning_mse": 4.57763671875e-05, "pruning_sqnr_corrected": 8.357703590366118, "pruning_mse_corrected": 5.2094459533691406e-05}, "classifier.0": {"sample_kurtosis": -3.0, "quant_sqnr": 28.09112149262077, "quant_mse": 4.976800482836552e-08, "quant_sparsity": 0.05532446503639221, "pruning_sqnr": 8.734497792351206, "pruning_mse": 4.291534423828125e-06, "pruning_sqnr_corrected": 8.276922886744455, "pruning_mse_corrected": 4.76837158203125e-06}, "classifier.3": {"sample_kurtosis": 1.6474282548476458, "quant_sqnr": 29.356755462156933, "quant_mse": 1.3271065313347208e-07, "quant_sparsity": 0.04223829507827759, "pruning_sqnr": 8.40821459639101, "pruning_mse": 1.6510486602783203e-05, "pruning_sqnr_corrected": 8.03294285746399, "pruning_mse_corrected": 1.800060272216797e-05}, "classifier.6": {"sample_kurtosis": -0.010765676409057345, "quant_sqnr": 28.958854578076327, "quant_mse": 4.7481412934757827e-07, "quant_sparsity": 0.04563257098197937, "pruning_sqnr": 8.338134764104412, "pruning_mse": 5.4776668548583984e-05, "pruning_sqnr_corrected": 7.949629260400448, "pruning_mse_corrected": 5.990266799926758e-05}}