{"features.0": {"sample_kurtosis": 2.817766316207102, "quant_sqnr": 6.666253070357789, "quant_mse": 0.014005685225129128, "quant_sparsity": 0.5358796119689941, "pruning_sqnr": 4.67442982738644, "pruning_mse": 0.02215576171875, "pruning_sqnr_corrected": 2.772270809913564, "pruning_mse_corrected": 0.034332275390625}, "features.2": {"sample_kurtosis": 6.439103202594023, "quant_sqnr": 6.056964096189205, "quant_mse": 0.0008483129786327481, "quant_sparsity": 0.5757649540901184, "pruning_sqnr": 5.202239777467341, "pruning_mse": 0.0010328292846679688, "pruning_sqnr_corrected": 3.073701736950002, "pruning_mse_corrected": 0.00168609619140625}, "features.5": {"sample_kurtosis": 5.977353368481127, "quant_sqnr": 6.286692557416993, "quant_mse": 0.0006794749642722309, "quant_sparsity": 0.5649142861366272, "pruning_sqnr": 4.741216755795604, "pruning_mse": 0.0009698867797851562, "pruning_sqnr_corrected": 2.8141336194853475, "pruning_mse_corrected": 0.0015115737915039062}, "features.7": {"sample_kurtosis": 2.8376067248182215, "quant_sqnr": 6.877393562920573, "quant_mse": 0.0003593630390241742, "quant_sparsity": 0.4332546591758728, "pruning_sqnr": 3.9788087673894834, "pruning_mse": 0.0007004737854003906, "pruning_sqnr_corrected": 2.667048054193897, "pruning_mse_corrected": 0.0009474754333496094}, "features.10": {"sample_kurtosis": 2.9216613393460626, "quant_sqnr": 7.1519029851749405, "quant_mse": 0.00023904908448457718, "quant_sparsity": 0.4555630087852478, "pruning_sqnr": 3.8714287280109754, "pruning_mse": 0.0005087852478027344, "pruning_sqnr_corrected": 2.533406758614926, "pruning_mse_corrected": 0.0006923675537109375}, "features.12": {"sample_kurtosis": 2.8434511240036224, "quant_sqnr": 7.072265746129301, "quant_mse": 0.0001499950885772705, "quant_sparsity": 0.4402652382850647, "pruning_sqnr": 3.7306374807364318, "pruning_mse": 0.0003237724304199219, "pruning_sqnr_corrected": 2.4756571392261737, "pruning_mse_corrected": 0.0004322528839111328}, "features.15": {"sample_kurtosis": 3.0916879368827423, "quant_sqnr": 7.092479541549053, "quant_mse": 0.00010841144103324041, "quant_sparsity": 0.48123085498809814, "pruning_sqnr": 3.68070071619065, "pruning_mse": 0.0002378225326538086, "pruning_sqnr_corrected": 2.315322766323371, "pruning_mse_corrected": 0.0003256797790527344}, "features.17": {"sample_kurtosis": 2.2518896166373414, "quant_sqnr": 7.183274384134823, "quant_mse": 6.571683479705825e-05, "quant_sparsity": 0.3552432656288147, "pruning_sqnr": 3.4843146281890522, "pruning_mse": 0.00015401840209960938, "pruning_sqnr_corrected": 2.5152144981084885, "pruning_mse_corrected": 0.00019252300262451172}, "features.20": {"sample_kurtosis": 1.3198135920282246, "quant_sqnr": 7.517958885522038, "quant_mse": 6.637381011387333e-05, "quant_sparsity": 0.44845834374427795, "pruning_sqnr": 3.3791534413375004, "pruning_mse": 0.00017213821411132812, "pruning_sqnr_corrected": 2.1508703262484468, "pruning_mse_corrected": 0.00022840499877929688}, "features.22": {"sample_kurtosis": 1.3168241016531192, "quant_sqnr": 7.593584188866655, "quant_mse": 5.916994996368885e-05, "quant_sparsity": 0.4518076479434967, "pruning_sqnr": 3.4557097427544132, "pruning_mse": 0.00015342235565185547, "pruning_sqnr_corrected": 2.18360421770535, "pruning_mse_corrected": 0.00020563602447509766}, "classifier.0": {"sample_kurtosis": -3.0, "quant_sqnr": 7.832197441467228, "quant_mse": 5.21380616191891e-06, "quant_sparsity": 0.39517226815223694, "pruning_sqnr": 3.306428402552528, "pruning_mse": 1.4781951904296875e-05, "pruning_sqnr_corrected": 2.213038380242879, "pruning_mse_corrected": 1.901388168334961e-05}, "classifier.3": {"sample_kurtosis": 1.8338613143081544, "quant_sqnr": 8.293792279148196, "quant_mse": 1.663342845859006e-05, "quant_sparsity": 0.4176502823829651, "pruning_sqnr": 3.0566498610287725, "pruning_mse": 5.555152893066406e-05, "pruning_sqnr_corrected": 1.9517643079013782, "pruning_mse_corrected": 7.164478302001953e-05}, "classifier.6": {"sample_kurtosis": 0.1727768289746745, "quant_sqnr": 7.289502460032551, "quant_mse": 6.76891504554078e-05, "quant_sparsity": 0.37443116307258606, "pruning_sqnr": 3.0880861223759966, "pruning_mse": 0.0001780986785888672, "pruning_sqnr_corrected": 2.0923242961645396, "pruning_mse_corrected": 0.00022399425506591797}}