{"features.0": {"sample_kurtosis": 23.40293161408346, "quant_sqnr": 7.053118559705589, "quant_mse": 0.0048390962183475494, "quant_sparsity": 0.9016203880310059, "pruning_sqnr": 16.325247763713108, "pruning_mse": 0.00057220458984375, "pruning_sqnr_corrected": 2.3947630995453246, "pruning_mse_corrected": 0.0141448974609375}, "features.3": {"sample_kurtosis": 56.71321169387148, "quant_sqnr": 5.669984536729366, "quant_mse": 0.00027009585755877197, "quant_sparsity": 0.946533203125, "pruning_sqnr": 22.32010197410503, "pruning_mse": 5.841255187988281e-06, "pruning_sqnr_corrected": 2.8551782948573363, "pruning_mse_corrected": 0.0005164146423339844}, "features.7": {"sample_kurtosis": 68.50882398606103, "quant_sqnr": 5.111913955122631, "quant_mse": 0.0003747303562704474, "quant_sparsity": 0.9261610507965088, "pruning_sqnr": 14.571501737890424, "pruning_mse": 4.2438507080078125e-05, "pruning_sqnr_corrected": 3.443343716142426, "pruning_mse_corrected": 0.0005502700805664062}, "features.10": {"sample_kurtosis": 16.065075556340233, "quant_sqnr": 6.533608736934689, "quant_mse": 0.00014978165563661605, "quant_sparsity": 0.84332275390625, "pruning_sqnr": 10.023868740054429, "pruning_mse": 6.705522537231445e-05, "pruning_sqnr_corrected": 2.725024578316923, "pruning_mse_corrected": 0.0003600120544433594}, "features.14": {"sample_kurtosis": 11.833251028806584, "quant_sqnr": 6.320748625649022, "quant_mse": 0.00012025992327835411, "quant_sparsity": 0.7063937783241272, "pruning_sqnr": 6.332877045613641, "pruning_mse": 0.00011992454528808594, "pruning_sqnr_corrected": 2.8875090237125285, "pruning_mse_corrected": 0.0002651214599609375}, "features.17": {"sample_kurtosis": 8.687319575800291, "quant_sqnr": 6.742953610769766, "quant_mse": 6.238256173674017e-05, "quant_sparsity": 0.7216067910194397, "pruning_sqnr": 6.236711403406398, "pruning_mse": 7.009506225585938e-05, "pruning_sqnr_corrected": 2.6014869647229535, "pruning_mse_corrected": 0.00016188621520996094}, "features.20": {"sample_kurtosis": 7.050666641106499, "quant_sqnr": 6.769408890897402, "quant_mse": 6.50135989417322e-05, "quant_sparsity": 0.7026079297065735, "pruning_sqnr": 5.535966073913623, "pruning_mse": 8.636713027954102e-05, "pruning_sqnr_corrected": 2.3986617406190573, "pruning_mse_corrected": 0.00017786026000976562}, "features.23": {"sample_kurtosis": 10.526376780435367, "quant_sqnr": 6.673111238646404, "quant_mse": 7.857560558477417e-05, "quant_sparsity": 0.6097378134727478, "pruning_sqnr": 5.222649681205328, "pruning_mse": 0.00010973215103149414, "pruning_sqnr_corrected": 2.757027360554098, "pruning_mse_corrected": 0.00019359588623046875}, "features.27": {"sample_kurtosis": 11.021710733750732, "quant_sqnr": 6.087870648057418, "quant_mse": 6.995669536991045e-05, "quant_sparsity": 0.5784251093864441, "pruning_sqnr": 5.397178128326875, "pruning_mse": 8.20159912109375e-05, "pruning_sqnr_corrected": 3.1060770064520353, "pruning_mse_corrected": 0.00013899803161621094}, "features.30": {"sample_kurtosis": 5.684161271033858, "quant_sqnr": 6.901734016450255, "quant_mse": 3.7954327126499265e-05, "quant_sparsity": 0.5609135031700134, "pruning_sqnr": 4.559319556497243, "pruning_mse": 6.508827209472656e-05, "pruning_sqnr_corrected": 2.583737236908825, "pruning_mse_corrected": 0.00010257959365844727}, "features.33": {"sample_kurtosis": 3.3535019171597638, "quant_sqnr": 7.368060217760169, "quant_mse": 3.581649070838466e-05, "quant_sparsity": 0.4919382631778717, "pruning_sqnr": 3.8495360021244975, "pruning_mse": 8.052587509155273e-05, "pruning_sqnr_corrected": 2.3548605293217264, "pruning_mse_corrected": 0.00011360645294189453}, "features.36": {"sample_kurtosis": 2.6382158370090316, "quant_sqnr": 7.42269621417284, "quant_mse": 3.7850364606129006e-05, "quant_sparsity": 0.4564052224159241, "pruning_sqnr": 3.6464695185567915, "pruning_mse": 9.03010368347168e-05, "pruning_sqnr_corrected": 2.3330572363824857, "pruning_mse_corrected": 0.00012218952178955078}, "features.40": {"sample_kurtosis": 2.850508988077581, "quant_sqnr": 7.110677475276891, "quant_mse": 4.81823408335913e-05, "quant_sparsity": 0.417829304933548, "pruning_sqnr": 3.6509524932295694, "pruning_mse": 0.00010687112808227539, "pruning_sqnr_corrected": 2.465002527700758, "pruning_mse_corrected": 0.0001404285430908203}, "features.43": {"sample_kurtosis": 2.761274696092123, "quant_sqnr": 7.431949817269232, "quant_mse": 4.539266956271604e-05, "quant_sparsity": 0.4625040590763092, "pruning_sqnr": 3.479794701387162, "pruning_mse": 0.00011277198791503906, "pruning_sqnr_corrected": 2.18360421770535, "pruning_mse_corrected": 0.0001519918441772461}, "features.46": {"sample_kurtosis": 0.5753247166543161, "quant_sqnr": 8.025580713893701, "quant_mse": 3.587446190067567e-05, "quant_sparsity": 0.3648444414138794, "pruning_sqnr": 3.2199197492663396, "pruning_mse": 0.00010848045349121094, "pruning_sqnr_corrected": 2.2412851591125498, "pruning_mse_corrected": 0.00013589859008789062}, "features.49": {"sample_kurtosis": 1.9029350016599098, "quant_sqnr": 7.383689281677668, "quant_mse": 3.5252345696790144e-05, "quant_sparsity": 0.42894449830055237, "pruning_sqnr": 3.4890884218238005, "pruning_mse": 8.64267349243164e-05, "pruning_sqnr_corrected": 2.2969847404927863, "pruning_mse_corrected": 0.00011372566223144531}, "classifier.0": {"sample_kurtosis": -3.0, "quant_sqnr": 7.348674234108897, "quant_mse": 3.7644956591975642e-06, "quant_sparsity": 0.4985358715057373, "pruning_sqnr": 3.477733992063074, "pruning_mse": 9.179115295410156e-06, "pruning_sqnr_corrected": 2.028556601271651, "pruning_mse_corrected": 1.2814998626708984e-05}, "classifier.3": {"sample_kurtosis": -3.0, "quant_sqnr": 7.867744592698988, "quant_mse": 1.4481602192972787e-05, "quant_sparsity": 0.48826485872268677, "pruning_sqnr": 3.3032616393184027, "pruning_mse": 4.1425228118896484e-05, "pruning_sqnr_corrected": 1.904923613512906, "pruning_mse_corrected": 5.716085433959961e-05}, "classifier.6": {"sample_kurtosis": 0.5741466640307045, "quant_sqnr": 6.853198950391436, "quant_mse": 7.538396312156692e-05, "quant_sparsity": 0.514907717704773, "pruning_sqnr": 3.398506256747917, "pruning_mse": 0.00016701221466064453, "pruning_sqnr_corrected": 1.9050182070895703, "pruning_mse_corrected": 0.00023555755615234375}}