{"features.0": {"sample_kurtosis": 14.89228812770753, "quant_sqnr": 6.52001221707336, "quant_mse": 0.008459977805614471, "quant_sparsity": 0.8859953880310059, "pruning_sqnr": 11.747623075360496, "pruning_mse": 0.0025386810302734375, "pruning_sqnr_corrected": 2.232474448089212, "pruning_mse_corrected": 0.022705078125}, "features.3": {"sample_kurtosis": 30.753425197222008, "quant_sqnr": 5.578537450153151, "quant_mse": 0.00041231332579627633, "quant_sparsity": 0.8841145634651184, "pruning_sqnr": 11.208798801314323, "pruning_mse": 0.00011277198791503906, "pruning_sqnr_corrected": 3.238628215619534, "pruning_mse_corrected": 0.0007066726684570312}, "features.7": {"sample_kurtosis": 24.69138905708446, "quant_sqnr": 5.357171951224677, "quant_mse": 0.0005583145539276302, "quant_sparsity": 0.8269992470741272, "pruning_sqnr": 8.591512615024126, "pruning_mse": 0.0002651214599609375, "pruning_sqnr_corrected": 3.3215226558446016, "pruning_mse_corrected": 0.0008921623229980469}, "features.10": {"sample_kurtosis": 7.316305945660572, "quant_sqnr": 6.8409871960438595, "quant_mse": 0.00022027517843525857, "quant_sparsity": 0.6920437216758728, "pruning_sqnr": 6.175084826315407, "pruning_mse": 0.0002567768096923828, "pruning_sqnr_corrected": 2.7460950123729733, "pruning_mse_corrected": 0.0005655288696289062}, "features.14": {"sample_kurtosis": 4.80794022465487, "quant_sqnr": 6.764916808892522, "quant_mse": 0.00019222963601350784, "quant_sparsity": 0.5683186650276184, "pruning_sqnr": 4.653692374147217, "pruning_mse": 0.00031256675720214844, "pruning_sqnr_corrected": 2.682622361496322, "pruning_mse_corrected": 0.000492095947265625}, "features.17": {"sample_kurtosis": 4.209289253515298, "quant_sqnr": 6.881939714017593, "quant_mse": 0.00012015116953989491, "quant_sparsity": 0.5927259922027588, "pruning_sqnr": 4.538168809404938, "pruning_mse": 0.00020611286163330078, "pruning_sqnr_corrected": 2.4694264327589197, "pruning_mse_corrected": 0.000331878662109375}, "features.21": {"sample_kurtosis": 7.2135791571686525, "quant_sqnr": 6.668359653586409, "quant_mse": 0.00010022681817645207, "quant_sparsity": 0.5014402866363525, "pruning_sqnr": 4.340530408604285, "pruning_mse": 0.00017130374908447266, "pruning_sqnr_corrected": 2.74282459818234, "pruning_mse_corrected": 0.0002474784851074219}, "features.24": {"sample_kurtosis": 4.162577831927127, "quant_sqnr": 7.261478429997331, "quant_mse": 5.764621528214775e-05, "quant_sparsity": 0.460662841796875, "pruning_sqnr": 3.8983305437481004, "pruning_mse": 0.00012505054473876953, "pruning_sqnr_corrected": 2.507406954758012, "pruning_mse_corrected": 0.0001722574234008789}, "features.28": {"sample_kurtosis": 2.4657742749317153, "quant_sqnr": 7.288987169386455, "quant_mse": 5.879551463294774e-05, "quant_sparsity": 0.4050314128398895, "pruning_sqnr": 3.6770290341511114, "pruning_mse": 0.00013506412506103516, "pruning_sqnr_corrected": 2.4932988206864852, "pruning_mse_corrected": 0.0001773834228515625}, "features.31": {"sample_kurtosis": 2.49265454197148, "quant_sqnr": 7.112915452037841, "quant_mse": 5.409030200098641e-05, "quant_sparsity": 0.416551798582077, "pruning_sqnr": 3.7027777096362593, "pruning_mse": 0.00011861324310302734, "pruning_sqnr_corrected": 2.511612051585956, "pruning_mse_corrected": 0.00015604496002197266}, "classifier.0": {"sample_kurtosis": -3.0, "quant_sqnr": 7.411082472280941, "quant_mse": 4.8575602704659104e-06, "quant_sparsity": 0.4685734212398529, "pruning_sqnr": 3.4905028358283436, "pruning_mse": 1.1980533599853516e-05, "pruning_sqnr_corrected": 2.129136471730605, "pruning_mse_corrected": 1.6391277313232422e-05}, "classifier.3": {"sample_kurtosis": 2.385555136466868, "quant_sqnr": 7.930479027980997, "quant_mse": 1.7028869478963315e-05, "quant_sparsity": 0.4550672769546509, "pruning_sqnr": 3.2004592525175495, "pruning_mse": 5.060434341430664e-05, "pruning_sqnr_corrected": 1.9472370563231036, "pruning_mse_corrected": 6.753206253051758e-05}, "classifier.6": {"sample_kurtosis": 0.3094811261204393, "quant_sqnr": 6.858349118355406, "quant_mse": 8.748330583330244e-05, "quant_sparsity": 0.4987453818321228, "pruning_sqnr": 3.3740131856093374, "pruning_mse": 0.0001951456069946289, "pruning_sqnr_corrected": 1.9465953762115924, "pruning_mse_corrected": 0.00027108192443847656}}