{"features.0": {"sample_kurtosis": 23.40293161408346, "quant_sqnr": 32.015843217225076, "quant_mse": 1.543447251606267e-05, "quant_sparsity": 0.7395833134651184, "pruning_sqnr": Infinity, "pruning_mse": 0.0, "pruning_sqnr_corrected": 14.963328696355136, "pruning_mse_corrected": 0.0007829666137695312}, "features.3": {"sample_kurtosis": 56.71321169387148, "quant_sqnr": 28.28382440437977, "quant_mse": 1.479564616602147e-06, "quant_sparsity": 0.8253580927848816, "pruning_sqnr": Infinity, "pruning_mse": 0.0, "pruning_sqnr_corrected": 14.308445836047436, "pruning_mse_corrected": 3.695487976074219e-05}, "features.7": {"sample_kurtosis": 68.50882398606103, "quant_sqnr": 24.93096223021294, "quant_mse": 3.906735855707666e-06, "quant_sparsity": 0.7358940839767456, "pruning_sqnr": Infinity, "pruning_mse": 0.0, "pruning_sqnr_corrected": 13.756370035946565, "pruning_mse_corrected": 5.120038986206055e-05}, "features.10": {"sample_kurtosis": 16.065075556340233, "quant_sqnr": 29.602014028444078, "quant_mse": 7.389551797132299e-07, "quant_sparsity": 0.6194254755973816, "pruning_sqnr": Infinity, "pruning_mse": 0.0, "pruning_sqnr_corrected": 12.689221038199488, "pruning_mse_corrected": 3.629922866821289e-05}, "features.14": {"sample_kurtosis": 11.833251028806584, "quant_sqnr": 25.084943781841595, "quant_mse": 1.5984586525519262e-06, "quant_sparsity": 0.3717380166053772, "pruning_sqnr": 18.800108296087814, "pruning_mse": 6.794929504394531e-06, "pruning_sqnr_corrected": 11.573191896874295, "pruning_mse_corrected": 3.5881996154785156e-05}, "features.17": {"sample_kurtosis": 8.687319575800291, "quant_sqnr": 27.033709985081472, "quant_mse": 5.83428402478603e-07, "quant_sparsity": 0.4239179790019989, "pruning_sqnr": 21.14294865463949, "pruning_mse": 2.2649765014648438e-06, "pruning_sqnr_corrected": 11.131534864051403, "pruning_mse_corrected": 2.2709369659423828e-05}, "features.20": {"sample_kurtosis": 7.050666641106499, "quant_sqnr": 26.974766601163743, "quant_mse": 6.201095743563201e-07, "quant_sparsity": 0.3555857241153717, "pruning_sqnr": 17.801665416189692, "pruning_mse": 5.125999450683594e-06, "pruning_sqnr_corrected": 10.883246254874946, "pruning_mse_corrected": 2.5212764739990234e-05}, "features.23": {"sample_kurtosis": 10.526376780435367, "quant_sqnr": 24.236946134111953, "quant_mse": 1.3769058568868786e-06, "quant_sparsity": 0.3188086748123169, "pruning_sqnr": 16.05475168679775, "pruning_mse": 9.059906005859375e-06, "pruning_sqnr_corrected": 10.614071243294994, "pruning_mse_corrected": 3.170967102050781e-05}, "features.27": {"sample_kurtosis": 11.021710733750732, "quant_sqnr": 25.208025046931525, "quant_mse": 8.566705673729302e-07, "quant_sparsity": 0.3138105571269989, "pruning_sqnr": 15.991550006845552, "pruning_mse": 7.152557373046875e-06, "pruning_sqnr_corrected": 10.7411019364771, "pruning_mse_corrected": 2.396106719970703e-05}, "features.30": {"sample_kurtosis": 5.684161271033858, "quant_sqnr": 26.125308784805377, "quant_mse": 4.5384109625956626e-07, "quant_sparsity": 0.2365468293428421, "pruning_sqnr": 13.80211241711606, "pruning_mse": 7.748603820800781e-06, "pruning_sqnr_corrected": 10.33256751261895, "pruning_mse_corrected": 1.722574234008789e-05}, "features.33": {"sample_kurtosis": 3.3535019171597638, "quant_sqnr": 26.641362796717353, "quant_mse": 4.23401871785245e-07, "quant_sparsity": 0.1233927384018898, "pruning_sqnr": 11.51996969342336, "pruning_mse": 1.3768672943115234e-05, "pruning_sqnr_corrected": 10.023913491665413, "pruning_mse_corrected": 1.9431114196777344e-05}, "features.36": {"sample_kurtosis": 2.6382158370090316, "quant_sqnr": 27.850997904107253, "quant_mse": 3.4295717910026724e-07, "quant_sparsity": 0.07181337475776672, "pruning_sqnr": 10.84161741937455, "pruning_mse": 1.722574234008789e-05, "pruning_sqnr_corrected": 10.02234157734823, "pruning_mse_corrected": 2.0802021026611328e-05}, "features.40": {"sample_kurtosis": 2.850508988077581, "quant_sqnr": 27.3562360742416, "quant_mse": 4.553360497538961e-07, "quant_sparsity": 0.0651923269033432, "pruning_sqnr": 10.77096294938559, "pruning_mse": 2.0742416381835938e-05, "pruning_sqnr_corrected": 10.037783228520052, "pruning_mse_corrected": 2.4557113647460938e-05}, "features.43": {"sample_kurtosis": 2.761274696092123, "quant_sqnr": 26.04692191443492, "quant_mse": 6.24436836460518e-07, "quant_sparsity": 0.060066647827625275, "pruning_sqnr": 10.531917703958026, "pruning_mse": 2.2232532501220703e-05, "pruning_sqnr_corrected": 9.864113452498529, "pruning_mse_corrected": 2.5928020477294922e-05}, "features.46": {"sample_kurtosis": 0.5753247166543161, "quant_sqnr": 30.45688260585556, "quant_mse": 2.049534373327333e-07, "quant_sparsity": 0.03801557794213295, "pruning_sqnr": 10.126894532966627, "pruning_mse": 2.2113323211669922e-05, "pruning_sqnr_corrected": 9.70340054904367, "pruning_mse_corrected": 2.4378299713134766e-05}, "features.49": {"sample_kurtosis": 1.9029350016599098, "quant_sqnr": 28.904135575024526, "quant_mse": 2.4839530965437007e-07, "quant_sparsity": 0.043385401368141174, "pruning_sqnr": 10.404548284391918, "pruning_mse": 1.7583370208740234e-05, "pruning_sqnr_corrected": 9.930809464673807, "pruning_mse_corrected": 1.9609928131103516e-05}, "classifier.0": {"sample_kurtosis": -3.0, "quant_sqnr": 32.25691211650754, "quant_mse": 1.215858436154349e-08, "quant_sparsity": 0.08098342269659042, "pruning_sqnr": 10.881360887005513, "pruning_mse": 1.6689300537109375e-06, "pruning_sqnr_corrected": 9.91226075692495, "pruning_mse_corrected": 2.086162567138672e-06}, "classifier.3": {"sample_kurtosis": -3.0, "quant_sqnr": 34.08896689383049, "quant_mse": 3.456960229186734e-08, "quant_sparsity": 0.11071920394897461, "pruning_sqnr": 10.967640071294236, "pruning_mse": 7.092952728271484e-06, "pruning_sqnr_corrected": 9.574671204742563, "pruning_mse_corrected": 9.775161743164062e-06}, "classifier.6": {"sample_kurtosis": 0.5741466640307045, "quant_sqnr": 34.0732818844707, "quant_mse": 1.4297847883426584e-07, "quant_sparsity": 0.06306860595941544, "pruning_sqnr": 10.391307296183472, "pruning_mse": 3.337860107421875e-05, "pruning_sqnr_corrected": 9.697533870647668, "pruning_mse_corrected": 3.916025161743164e-05}}