{"features.0": {"sample_kurtosis": 2.2829934494304123, "quant_sqnr": 38.83795231947537, "quant_mse": 8.223250006267335e-06, "quant_sparsity": 0.02083333395421505, "pruning_sqnr": 13.609518754691969, "pruning_mse": 0.0027408599853515625, "pruning_sqnr_corrected": 13.308879227669594, "pruning_mse_corrected": 0.00293731689453125}, "features.2": {"sample_kurtosis": 6.076940399704476, "quant_sqnr": 33.64578411706609, "quant_mse": 1.3478295386448735e-06, "quant_sparsity": 0.0407443568110466, "pruning_sqnr": 14.351798943226836, "pruning_mse": 0.00011456012725830078, "pruning_sqnr_corrected": 13.773009418771558, "pruning_mse_corrected": 0.0001308917999267578}, "features.5": {"sample_kurtosis": 4.506744927322982, "quant_sqnr": 32.61771970964577, "quant_mse": 1.3508041547538596e-06, "quant_sparsity": 0.0396050363779068, "pruning_sqnr": 13.728071338507446, "pruning_mse": 0.00010460615158081055, "pruning_sqnr_corrected": 13.162714605344705, "pruning_mse_corrected": 0.00011914968490600586}, "features.7": {"sample_kurtosis": 2.5647633714880333, "quant_sqnr": 34.637475225557175, "quant_mse": 5.097801931697177e-07, "quant_sparsity": 0.02905951626598835, "pruning_sqnr": 12.927311224730671, "pruning_mse": 7.557868957519531e-05, "pruning_sqnr_corrected": 12.522111407442377, "pruning_mse_corrected": 8.296966552734375e-05}, "features.10": {"sample_kurtosis": 3.7202565179436835, "quant_sqnr": 30.2321038894613, "quant_mse": 9.591909702066914e-07, "quant_sparsity": 0.0407240130007267, "pruning_sqnr": 12.67939892889415, "pruning_mse": 5.459785461425781e-05, "pruning_sqnr_corrected": 12.119676475937597, "pruning_mse_corrected": 6.210803985595703e-05}, "features.12": {"sample_kurtosis": 1.9379020044655304, "quant_sqnr": 32.38074257710497, "quant_mse": 3.489229527531279e-07, "quant_sparsity": 0.02967325784265995, "pruning_sqnr": 12.187722705277187, "pruning_mse": 3.647804260253906e-05, "pruning_sqnr_corrected": 11.781544196194547, "pruning_mse_corrected": 4.00543212890625e-05}, "features.14": {"sample_kurtosis": 3.589314082326208, "quant_sqnr": 30.330686037749913, "quant_mse": 5.969759513391182e-07, "quant_sparsity": 0.0362447090446949, "pruning_sqnr": 12.309716107219986, "pruning_mse": 3.784894943237305e-05, "pruning_sqnr_corrected": 11.812653423771177, "pruning_mse_corrected": 4.2438507080078125e-05}, "features.17": {"sample_kurtosis": 3.94375390868258, "quant_sqnr": 30.046375429627737, "quant_mse": 4.6139342657625093e-07, "quant_sparsity": 0.0406002476811409, "pruning_sqnr": 12.373306397667132, "pruning_mse": 2.7000904083251953e-05, "pruning_sqnr_corrected": 11.81621612738354, "pruning_mse_corrected": 3.069639205932617e-05}, "features.19": {"sample_kurtosis": 2.060593215226528, "quant_sqnr": 32.988103399052136, "quant_mse": 1.349174567621958e-07, "quant_sparsity": 0.028168149292469025, "pruning_sqnr": 11.957164851092976, "pruning_mse": 1.710653305053711e-05, "pruning_sqnr_corrected": 11.566687337700747, "pruning_mse_corrected": 1.8715858459472656e-05}, "features.21": {"sample_kurtosis": 2.1995504132231405, "quant_sqnr": 33.23671253403668, "quant_mse": 1.2684532180173846e-07, "quant_sparsity": 0.02789645828306675, "pruning_sqnr": 11.952995707938925, "pruning_mse": 1.704692840576172e-05, "pruning_sqnr_corrected": 11.575110099044927, "pruning_mse_corrected": 1.8596649169921875e-05}, "features.24": {"sample_kurtosis": 1.0265318399999996, "quant_sqnr": 33.98694854871847, "quant_mse": 1.2004949212496285e-07, "quant_sparsity": 0.024942610412836075, "pruning_sqnr": 11.86901234189365, "pruning_mse": 1.9550323486328125e-05, "pruning_sqnr_corrected": 11.525467248459499, "pruning_mse_corrected": 2.1159648895263672e-05}, "features.26": {"sample_kurtosis": 0.6408888888888891, "quant_sqnr": 35.851718734484315, "quant_mse": 7.522928058278922e-08, "quant_sparsity": 0.018346574157476425, "pruning_sqnr": 11.664506842914824, "pruning_mse": 1.9729137420654297e-05, "pruning_sqnr_corrected": 11.422106337169255, "pruning_mse_corrected": 2.086162567138672e-05}, "features.28": {"sample_kurtosis": 0.6979470563600696, "quant_sqnr": 36.879995461485265, "quant_mse": 5.310927519985853e-08, "quant_sparsity": 0.02008734829723835, "pruning_sqnr": 12.097550225520017, "pruning_mse": 1.5974044799804688e-05, "pruning_sqnr_corrected": 11.815237834517475, "pruning_mse_corrected": 1.704692840576172e-05}, "classifier.0": {"sample_kurtosis": -3.0, "quant_sqnr": 35.0386491623587, "quant_mse": 7.995745399114185e-09, "quant_sparsity": 0.02607918716967106, "pruning_sqnr": 12.000800048541846, "pruning_mse": 1.6093254089355469e-06, "pruning_sqnr_corrected": 11.543225142935096, "pruning_mse_corrected": 1.7881393432617188e-06}, "classifier.3": {"sample_kurtosis": -3.0, "quant_sqnr": 39.72418977261608, "quant_mse": 1.0714606091255519e-08, "quant_sparsity": 0.014551281929016113, "pruning_sqnr": 11.589292208429637, "pruning_mse": 6.973743438720703e-06, "pruning_sqnr_corrected": 11.407552519143769, "pruning_mse_corrected": 7.271766662597656e-06}, "classifier.6": {"sample_kurtosis": 0.07665704924446182, "quant_sqnr": 39.23377351108117, "quant_mse": 4.067230463533633e-08, "quant_sparsity": 0.012864258140325546, "pruning_sqnr": 11.446121720732886, "pruning_mse": 2.4437904357910156e-05, "pruning_sqnr_corrected": 11.269681537680004, "pruning_mse_corrected": 2.5451183319091797e-05}}