{"features.0": {"sample_kurtosis": 2.817766316207102, "quant_sqnr": 32.66814445845153, "quant_mse": 3.5165372537449e-05, "quant_sparsity": 0.04224536940455437, "pruning_sqnr": 12.094538506129611, "pruning_mse": 0.0040130615234375, "pruning_sqnr_corrected": 11.62171578315152, "pruning_mse_corrected": 0.004474639892578125}, "features.2": {"sample_kurtosis": 6.439103202594023, "quant_sqnr": 27.92314172183765, "quant_mse": 5.519990736502223e-06, "quant_sparsity": 0.0757378488779068, "pruning_sqnr": 12.900346113625181, "pruning_mse": 0.00017547607421875, "pruning_sqnr_corrected": 12.024287085444648, "pruning_mse_corrected": 0.00021469593048095703}, "features.5": {"sample_kurtosis": 5.977353368481127, "quant_sqnr": 27.590641328096986, "quant_mse": 5.032439730712213e-06, "quant_sparsity": 0.0697428360581398, "pruning_sqnr": 12.23464230023074, "pruning_mse": 0.00017273426055908203, "pruning_sqnr_corrected": 11.44482843381601, "pruning_mse_corrected": 0.0002071857452392578}, "features.7": {"sample_kurtosis": 2.8376067248182215, "quant_sqnr": 28.074881235353363, "quant_mse": 2.7276248601992847e-06, "quant_sparsity": 0.0530734583735466, "pruning_sqnr": 11.146535642098439, "pruning_mse": 0.00013446807861328125, "pruning_sqnr_corrected": 10.557001501981018, "pruning_mse_corrected": 0.00015401840209960938}, "features.10": {"sample_kurtosis": 2.9216613393460626, "quant_sqnr": 27.972195662159915, "quant_mse": 1.9790547867160058e-06, "quant_sparsity": 0.0565660260617733, "pruning_sqnr": 10.941232649232532, "pruning_mse": 9.989738464355469e-05, "pruning_sqnr_corrected": 10.319408094705283, "pruning_mse_corrected": 0.00011527538299560547}, "features.12": {"sample_kurtosis": 2.8434511240036224, "quant_sqnr": 27.560838211720107, "quant_mse": 1.3403548564383527e-06, "quant_sparsity": 0.0520680733025074, "pruning_sqnr": 10.68212955197738, "pruning_mse": 6.532669067382812e-05, "pruning_sqnr_corrected": 10.114610709719528, "pruning_mse_corrected": 7.444620132446289e-05}, "features.15": {"sample_kurtosis": 3.0916879368827423, "quant_sqnr": 27.306986357495212, "quant_mse": 1.0318686918253661e-06, "quant_sparsity": 0.05501895397901535, "pruning_sqnr": 10.62169432583743, "pruning_mse": 4.8100948333740234e-05, "pruning_sqnr_corrected": 10.019632331613161, "pruning_mse_corrected": 5.525350570678711e-05}, "features.17": {"sample_kurtosis": 2.2518896166373414, "quant_sqnr": 27.61687999324179, "quant_mse": 5.947248382653925e-07, "quant_sparsity": 0.04948849231004715, "pruning_sqnr": 10.339967631153794, "pruning_mse": 3.17692756652832e-05, "pruning_sqnr_corrected": 9.804066600018004, "pruning_mse_corrected": 3.594160079956055e-05}, "features.20": {"sample_kurtosis": 1.3198135920282246, "quant_sqnr": 29.488747694954633, "quant_mse": 4.216167610593402e-07, "quant_sparsity": 0.040161557495594025, "pruning_sqnr": 10.247260880501578, "pruning_mse": 3.540515899658203e-05, "pruning_sqnr_corrected": 9.809471634715708, "pruning_mse_corrected": 3.916025161743164e-05}, "features.22": {"sample_kurtosis": 1.3168241016531192, "quant_sqnr": 30.79985035613064, "quant_mse": 2.827968614838028e-07, "quant_sparsity": 0.0385691337287426, "pruning_sqnr": 10.443722878026183, "pruning_mse": 3.069639205932617e-05, "pruning_sqnr_corrected": 10.018311811327901, "pruning_mse_corrected": 3.3855438232421875e-05}, "classifier.0": {"sample_kurtosis": -3.0, "quant_sqnr": 32.99655619058009, "quant_mse": 1.5875192715952835e-08, "quant_sparsity": 0.02644975855946541, "pruning_sqnr": 10.261245167454502, "pruning_mse": 2.9802322387695312e-06, "pruning_sqnr_corrected": 10.0081865148068, "pruning_mse_corrected": 3.159046173095703e-06}, "classifier.3": {"sample_kurtosis": 1.8338613143081544, "quant_sqnr": 34.72989351836929, "quant_mse": 3.7789543938515635e-08, "quant_sparsity": 0.024950802326202393, "pruning_sqnr": 9.91779669753309, "pruning_mse": 1.1444091796875e-05, "pruning_sqnr_corrected": 9.633270374011042, "pruning_mse_corrected": 1.2218952178955078e-05}, "classifier.6": {"sample_kurtosis": 0.1727768289746745, "quant_sqnr": 34.23354980335715, "quant_mse": 1.3680889310307975e-07, "quant_sparsity": 0.024876954033970833, "pruning_sqnr": 9.82099947499228, "pruning_mse": 3.7789344787597656e-05, "pruning_sqnr_corrected": 9.55529308845641, "pruning_mse_corrected": 4.017353057861328e-05}}