{"features.0": {"sample_kurtosis": 14.89228812770753, "quant_sqnr": 37.29305156022757, "quant_mse": 7.080522209435003e-06, "quant_sparsity": 0.5063657164573669, "pruning_sqnr": 51.05120336994612, "pruning_mse": 2.980232238769531e-07, "pruning_sqnr_corrected": 20.20472576139882, "pruning_mse_corrected": 0.00036215782165527344}, "features.3": {"sample_kurtosis": 30.753425197222008, "quant_sqnr": 31.16428621792249, "quant_mse": 1.1393377690183115e-06, "quant_sparsity": 0.5862087607383728, "pruning_sqnr": Infinity, "pruning_mse": 0.0, "pruning_sqnr_corrected": 16.535080290745302, "pruning_mse_corrected": 3.30805778503418e-05}, "features.7": {"sample_kurtosis": 24.69138905708446, "quant_sqnr": 32.48588685578468, "quant_mse": 1.0814525239766226e-06, "quant_sparsity": 0.4356147050857544, "pruning_sqnr": 31.45588204058821, "pruning_mse": 1.3709068298339844e-06, "pruning_sqnr_corrected": 15.318842315671507, "pruning_mse_corrected": 5.632638931274414e-05}, "features.10": {"sample_kurtosis": 7.316305945660572, "quant_sqnr": 33.450384203567715, "quant_mse": 4.808679818779638e-07, "quant_sparsity": 0.34765625, "pruning_sqnr": 23.073015051073163, "pruning_mse": 5.245208740234375e-06, "pruning_sqnr_corrected": 13.613631584565704, "pruning_mse_corrected": 4.6312808990478516e-05}, "features.14": {"sample_kurtosis": 4.80794022465487, "quant_sqnr": 32.29224533454907, "quant_mse": 5.383782308854279e-07, "quant_sparsity": 0.0824754536151886, "pruning_sqnr": 14.430928427035694, "pruning_mse": 3.2901763916015625e-05, "pruning_sqnr_corrected": 13.169755586097267, "pruning_mse_corrected": 4.398822784423828e-05}, "features.17": {"sample_kurtosis": 4.209289253515298, "quant_sqnr": 33.2249914635604, "quant_mse": 2.788835047340399e-07, "quant_sparsity": 0.1139628067612648, "pruning_sqnr": 14.957122218051829, "pruning_mse": 1.8715858459472656e-05, "pruning_sqnr_corrected": 13.069001312761339, "pruning_mse_corrected": 2.8908252716064453e-05}, "features.21": {"sample_kurtosis": 7.2135791571686525, "quant_sqnr": 28.37015710890652, "quant_mse": 6.773360610168311e-07, "quant_sparsity": 0.09170447289943695, "pruning_sqnr": 13.887491216014542, "pruning_mse": 1.901388168334961e-05, "pruning_sqnr_corrected": 12.50075284416514, "pruning_mse_corrected": 2.6166439056396484e-05}, "features.24": {"sample_kurtosis": 4.162577831927127, "quant_sqnr": 30.258170973759565, "quant_mse": 2.891355848078092e-07, "quant_sparsity": 0.08290651440620422, "pruning_sqnr": 13.387265352622427, "pruning_mse": 1.4066696166992188e-05, "pruning_sqnr_corrected": 12.119514556139453, "pruning_mse_corrected": 1.8835067749023438e-05}, "features.28": {"sample_kurtosis": 2.4657742749317153, "quant_sqnr": 31.353961465162218, "quant_mse": 2.3059334353092709e-07, "quant_sparsity": 0.0565541572868824, "pruning_sqnr": 12.948280149137009, "pruning_mse": 1.5974044799804688e-05, "pruning_sqnr_corrected": 12.097452088745506, "pruning_mse_corrected": 1.9431114196777344e-05}, "features.31": {"sample_kurtosis": 2.49265454197148, "quant_sqnr": 31.109925565770915, "quant_mse": 2.1548567019635811e-07, "quant_sparsity": 0.033185746520757675, "pruning_sqnr": 12.377670832143453, "pruning_mse": 1.609325408935547e-05, "pruning_sqnr_corrected": 11.920095926536703, "pruning_mse_corrected": 1.7881393432617188e-05}, "classifier.0": {"sample_kurtosis": -3.0, "quant_sqnr": 34.82678848565092, "quant_mse": 8.807397477994527e-09, "quant_sparsity": 0.060483064502477646, "pruning_sqnr": 12.543063323312856, "pruning_mse": 1.4901161193847656e-06, "pruning_sqnr_corrected": 11.608846471690505, "pruning_mse_corrected": 1.8477439880371094e-06}, "classifier.3": {"sample_kurtosis": 2.385555136466868, "quant_sqnr": 38.9802825233462, "quant_mse": 1.337228017206371e-08, "quant_sparsity": 0.06407201290130615, "pruning_sqnr": 12.277643164257695, "pruning_mse": 6.258487701416016e-06, "pruning_sqnr_corrected": 11.316823198399433, "pruning_mse_corrected": 7.808208465576172e-06}, "classifier.6": {"sample_kurtosis": 0.3094811261204393, "quant_sqnr": 38.73246002026331, "quant_mse": 5.6821683358521113e-08, "quant_sparsity": 0.032536134123802185, "pruning_sqnr": 11.868990026189032, "pruning_mse": 2.759695053100586e-05, "pruning_sqnr_corrected": 11.423626285250402, "pruning_mse_corrected": 3.057718276977539e-05}}