{"features.0": {"sample_kurtosis": 17.229797831742594, "quant_sqnr": 35.4324254043208, "quant_mse": 9.338674317405093e-06, "quant_sparsity": 0.4496527910232544, "pruning_sqnr": 38.57434073903817, "pruning_mse": 4.5299530029296875e-06, "pruning_sqnr_corrected": 22.382858005884184, "pruning_mse_corrected": 0.00018846988677978516}, "features.3": {"sample_kurtosis": 30.186866471888955, "quant_sqnr": 31.94708683475918, "quant_mse": 8.040171906031901e-07, "quant_sparsity": 0.45458984375, "pruning_sqnr": 35.46542663478131, "pruning_mse": 3.5762786865234375e-07, "pruning_sqnr_corrected": 18.519374645445623, "pruning_mse_corrected": 1.7702579498291016e-05}, "features.7": {"sample_kurtosis": 16.758154487641914, "quant_sqnr": 32.93671538252724, "quant_mse": 7.934359018690884e-07, "quant_sparsity": 0.2436387836933136, "pruning_sqnr": 20.695984189430682, "pruning_mse": 1.329183578491211e-05, "pruning_sqnr_corrected": 15.599680172718, "pruning_mse_corrected": 4.297494888305664e-05}, "features.10": {"sample_kurtosis": 6.1502297451165635, "quant_sqnr": 32.98936385533845, "quant_mse": 4.2212357698190317e-07, "quant_sparsity": 0.2363756000995636, "pruning_sqnr": 18.84278068058436, "pruning_mse": 1.0967254638671875e-05, "pruning_sqnr_corrected": 13.856678975050354, "pruning_mse_corrected": 3.457069396972656e-05}, "features.14": {"sample_kurtosis": 5.450801674926623, "quant_sqnr": 29.94646377033495, "quant_mse": 6.816452469138312e-07, "quant_sparsity": 0.1113484725356102, "pruning_sqnr": 15.201703047152309, "pruning_mse": 2.0325183868408203e-05, "pruning_sqnr_corrected": 13.411174546665375, "pruning_mse_corrected": 3.069639205932617e-05}, "features.17": {"sample_kurtosis": 3.21979566092526, "quant_sqnr": 33.48783877158384, "quant_mse": 1.868935299853547e-07, "quant_sparsity": 0.0680779367685318, "pruning_sqnr": 13.723415906970445, "pruning_mse": 1.7702579498291016e-05, "pruning_sqnr_corrected": 12.71066772286538, "pruning_mse_corrected": 2.2351741790771484e-05}, "features.20": {"sample_kurtosis": 3.901066998086927, "quant_sqnr": 31.378307737847727, "quant_mse": 3.40571517654098e-07, "quant_sparsity": 0.0360090471804142, "pruning_sqnr": 12.970638084463797, "pruning_mse": 2.3603439331054688e-05, "pruning_sqnr_corrected": 12.473760242572723, "pruning_mse_corrected": 2.6464462280273438e-05}, "features.24": {"sample_kurtosis": 5.7403147702280695, "quant_sqnr": 29.48152619571796, "quant_mse": 4.1667675532153226e-07, "quant_sparsity": 0.0454118512570858, "pruning_sqnr": 13.013100953072946, "pruning_mse": 1.8477439880371094e-05, "pruning_sqnr_corrected": 12.375773405632483, "pruning_mse_corrected": 2.1398067474365234e-05}, "features.27": {"sample_kurtosis": 3.3166975233031195, "quant_sqnr": 31.1302125321458, "quant_mse": 1.8470765894562646e-07, "quant_sparsity": 0.041355982422828674, "pruning_sqnr": 12.539780347503074, "pruning_mse": 1.33514404296875e-05, "pruning_sqnr_corrected": 11.959860877726205, "pruning_mse_corrected": 1.52587890625e-05}, "features.30": {"sample_kurtosis": 3.0, "quant_sqnr": 32.21784133516182, "quant_mse": 1.4922454738552915e-07, "quant_sparsity": 0.04551442340016365, "pruning_sqnr": 12.548563148635935, "pruning_mse": 1.3828277587890625e-05, "pruning_sqnr_corrected": 11.905920197520853, "pruning_mse_corrected": 1.6033649444580078e-05}, "features.34": {"sample_kurtosis": 2.464256547959809, "quant_sqnr": 30.637782721818706, "quant_mse": 2.3940958726598183e-07, "quant_sparsity": 0.038633983582258224, "pruning_sqnr": 12.26730623991193, "pruning_mse": 1.6450881958007812e-05, "pruning_sqnr_corrected": 11.73485112037968, "pruning_mse_corrected": 1.8596649169921875e-05}, "features.37": {"sample_kurtosis": 1.4453940830730305, "quant_sqnr": 30.210141952592107, "quant_mse": 2.5078119847421476e-07, "quant_sparsity": 0.03480105847120285, "pruning_sqnr": 11.78161444367033, "pruning_mse": 1.7464160919189453e-05, "pruning_sqnr_corrected": 11.304813120608564, "pruning_mse_corrected": 1.9490718841552734e-05}, "features.40": {"sample_kurtosis": 2.087310058413709, "quant_sqnr": 33.45312643659536, "quant_mse": 9.86642731959364e-08, "quant_sparsity": 0.03089396096765995, "pruning_sqnr": 12.237483457860796, "pruning_mse": 1.3053417205810547e-05, "pruning_sqnr_corrected": 11.821754180513295, "pruning_mse_corrected": 1.436471939086914e-05}, "classifier.0": {"sample_kurtosis": -3.0, "quant_sqnr": 34.604965979850576, "quant_mse": 7.720672101640957e-09, "quant_sparsity": 0.07289226353168488, "pruning_sqnr": 12.718416065364991, "pruning_mse": 1.1920928955078125e-06, "pruning_sqnr_corrected": 11.578982542296623, "pruning_mse_corrected": 1.5497207641601562e-06}, "classifier.3": {"sample_kurtosis": -3.0, "quant_sqnr": 39.17370905750233, "quant_mse": 1.1311811043412945e-08, "quant_sparsity": 0.07755154371261597, "pruning_sqnr": 12.561036909683182, "pruning_mse": 5.185604095458984e-06, "pruning_sqnr_corrected": 11.34925103233325, "pruning_mse_corrected": 6.854534149169922e-06}, "classifier.6": {"sample_kurtosis": 0.2645464738020453, "quant_sqnr": 38.98918260318552, "quant_mse": 4.8234230831667446e-08, "quant_sparsity": 0.03783886879682541, "pruning_sqnr": 11.920962976489726, "pruning_mse": 2.4557113647460938e-05, "pruning_sqnr_corrected": 11.395405607921534, "pruning_mse_corrected": 2.771615982055664e-05}}