{"features.0": {"sample_kurtosis": 17.229797831742594, "quant_sqnr": 6.571721025006755, "quant_mse": 0.007183823734521866, "quant_sparsity": 0.8923611044883728, "pruning_sqnr": 12.25776734941958, "pruning_mse": 0.0019397735595703125, "pruning_sqnr_corrected": 2.234768470503778, "pruning_mse_corrected": 0.019500732421875}, "features.3": {"sample_kurtosis": 30.186866471888955, "quant_sqnr": 5.25873520458643, "quant_mse": 0.00037505978252738714, "quant_sparsity": 0.8964030146598816, "pruning_sqnr": 10.848940954146759, "pruning_mse": 0.00010353326797485352, "pruning_sqnr_corrected": 3.1135100951642802, "pruning_mse_corrected": 0.0006146430969238281}, "features.7": {"sample_kurtosis": 16.758154487641914, "quant_sqnr": 5.389757647957783, "quant_mse": 0.0004510322760324925, "quant_sparsity": 0.7449137568473816, "pruning_sqnr": 7.266449238581176, "pruning_mse": 0.00029277801513671875, "pruning_sqnr_corrected": 3.486793246941762, "pruning_mse_corrected": 0.0006990432739257812}, "features.10": {"sample_kurtosis": 6.1502297451165635, "quant_sqnr": 6.733177649935307, "quant_mse": 0.00017826177645474672, "quant_sparsity": 0.6248100996017456, "pruning_sqnr": 5.560314594092551, "pruning_mse": 0.00023353099822998047, "pruning_sqnr_corrected": 2.850597083421977, "pruning_mse_corrected": 0.00043582916259765625}, "features.14": {"sample_kurtosis": 5.450801674926623, "quant_sqnr": 6.698873991252637, "quant_mse": 0.0001439850457245484, "quant_sparsity": 0.591935932636261, "pruning_sqnr": 4.870768650342109, "pruning_mse": 0.0002193450927734375, "pruning_sqnr_corrected": 2.693069185169798, "pruning_mse_corrected": 0.00036215782165527344}, "features.17": {"sample_kurtosis": 3.21979566092526, "quant_sqnr": 7.184671883493422, "quant_mse": 7.978310895850882e-05, "quant_sparsity": 0.5014140009880066, "pruning_sqnr": 4.228365892006542, "pruning_mse": 0.0001575946807861328, "pruning_sqnr_corrected": 2.612194415156308, "pruning_mse_corrected": 0.00022864341735839844}, "features.20": {"sample_kurtosis": 3.901066998086927, "quant_sqnr": 6.732090097764159, "quant_mse": 9.927275823429227e-05, "quant_sparsity": 0.5475955605506897, "pruning_sqnr": 4.093215132955907, "pruning_mse": 0.00018227100372314453, "pruning_sqnr_corrected": 2.3962055956050996, "pruning_mse_corrected": 0.0002694129943847656}, "features.24": {"sample_kurtosis": 5.7403147702280695, "quant_sqnr": 6.452239966012451, "quant_mse": 8.370046998606995e-05, "quant_sparsity": 0.4277055561542511, "pruning_sqnr": 4.1865704884965576, "pruning_mse": 0.00014102458953857422, "pruning_sqnr_corrected": 2.905178962702066, "pruning_mse_corrected": 0.0001894235610961914}, "features.27": {"sample_kurtosis": 3.3166975233031195, "quant_sqnr": 7.233034111890857, "quant_mse": 4.531090598902665e-05, "quant_sparsity": 0.43705666065216064, "pruning_sqnr": 3.7531264708978194, "pruning_mse": 0.00010097026824951172, "pruning_sqnr_corrected": 2.4973345249503356, "pruning_mse_corrected": 0.0001348257064819336}, "features.30": {"sample_kurtosis": 3.0, "quant_sqnr": 7.221281074914297, "quant_mse": 4.715158502222039e-05, "quant_sparsity": 0.3980462849140167, "pruning_sqnr": 3.687060793062813, "pruning_mse": 0.00010639429092407227, "pruning_sqnr_corrected": 2.556057446990947, "pruning_mse_corrected": 0.0001380443572998047}, "features.34": {"sample_kurtosis": 2.464256547959809, "quant_sqnr": 7.267760300910744, "quant_mse": 5.2016817789990455e-05, "quant_sparsity": 0.42911699414253235, "pruning_sqnr": 3.571588145937357, "pruning_mse": 0.00012183189392089844, "pruning_sqnr_corrected": 2.365977607205253, "pruning_mse_corrected": 0.0001608133316040039}, "features.37": {"sample_kurtosis": 1.4453940830730305, "quant_sqnr": 7.9267112574097975, "quant_mse": 4.242658178554848e-05, "quant_sparsity": 0.4177335202693939, "pruning_sqnr": 3.2696572975838096, "pruning_mse": 0.0001239776611328125, "pruning_sqnr_corrected": 2.1430917685786026, "pruning_mse_corrected": 0.00016069412231445312}, "features.40": {"sample_kurtosis": 2.087310058413709, "quant_sqnr": 7.26437729059529, "quant_mse": 4.1023700759978965e-05, "quant_sparsity": 0.4105936586856842, "pruning_sqnr": 3.5817658386285336, "pruning_mse": 9.578466415405273e-05, "pruning_sqnr_corrected": 2.423869767686588, "pruning_mse_corrected": 0.00012505054473876953}, "classifier.0": {"sample_kurtosis": -3.0, "quant_sqnr": 7.402393801576247, "quant_mse": 4.054266810271656e-06, "quant_sparsity": 0.4859788417816162, "pruning_sqnr": 3.5015513105289693, "pruning_mse": 9.953975677490234e-06, "pruning_sqnr_corrected": 2.073836173095805, "pruning_mse_corrected": 1.3828277587890625e-05}, "classifier.3": {"sample_kurtosis": -3.0, "quant_sqnr": 7.8703738282468745, "quant_mse": 1.527093627373688e-05, "quant_sparsity": 0.4751802682876587, "pruning_sqnr": 3.246341298263614, "pruning_mse": 4.4286251068115234e-05, "pruning_sqnr_corrected": 1.9130156980429411, "pruning_mse_corrected": 6.020069122314453e-05}, "classifier.6": {"sample_kurtosis": 0.2645464738020453, "quant_sqnr": 6.8351656354695445, "quant_mse": 7.920581265352666e-05, "quant_sparsity": 0.5063247084617615, "pruning_sqnr": 3.3835084529059594, "pruning_mse": 0.00017535686492919922, "pruning_sqnr_corrected": 1.9294040769488787, "pruning_mse_corrected": 0.00024509429931640625}}