{"features.0": {"sample_kurtosis": 9.09688581314879, "quant_sqnr": 26.167553015483268, "quant_mse": 0.0001604920980753377, "quant_sparsity": 0.42939814925193787, "pruning_sqnr": 19.634262321717056, "pruning_mse": 0.0007224082946777344, "pruning_sqnr_corrected": 12.589302708474222, "pruning_mse_corrected": 0.003658294677734375}, "features.4": {"sample_kurtosis": 27.474477903477048, "quant_sqnr": 19.965938920061905, "quant_mse": 2.5702040147734806e-05, "quant_sparsity": 0.5153266191482544, "pruning_sqnr": 20.595725537732026, "pruning_mse": 2.2232532501220703e-05, "pruning_sqnr_corrected": 11.948006905723954, "pruning_mse_corrected": 0.0001628398895263672}, "features.8": {"sample_kurtosis": 17.73556080237952, "quant_sqnr": 19.2046402302822, "quant_mse": 1.1636698218353558e-05, "quant_sparsity": 0.230926513671875, "pruning_sqnr": 11.89410974575583, "pruning_mse": 6.264448165893555e-05, "pruning_sqnr_corrected": 9.591322360512976, "pruning_mse_corrected": 0.00010645389556884766}, "features.11": {"sample_kurtosis": 5.627858205301134, "quant_sqnr": 22.40512130721725, "quant_mse": 3.6231758713256568e-06, "quant_sparsity": 0.1440633088350296, "pruning_sqnr": 10.605336147960099, "pruning_mse": 5.4836273193359375e-05, "pruning_sqnr_corrected": 9.253318027403877, "pruning_mse_corrected": 7.486343383789062e-05}, "features.15": {"sample_kurtosis": 6.3896427561504385, "quant_sqnr": 21.704179647158934, "quant_mse": 3.323776581964921e-06, "quant_sparsity": 0.12271372228860855, "pruning_sqnr": 10.050795255292751, "pruning_mse": 4.863739013671875e-05, "pruning_sqnr_corrected": 8.943413130976497, "pruning_mse_corrected": 6.276369094848633e-05}, "features.18": {"sample_kurtosis": 4.134852663666715, "quant_sqnr": 22.32116961757174, "quant_mse": 1.8804777255354566e-06, "quant_sparsity": 0.12422434240579605, "pruning_sqnr": 9.684264874884843, "pruning_mse": 3.451108932495117e-05, "pruning_sqnr_corrected": 8.537337053461464, "pruning_mse_corrected": 4.494190216064453e-05}, "features.22": {"sample_kurtosis": 1.91974820472051, "quant_sqnr": 24.011824482478126, "quant_mse": 1.3176403399484116e-06, "quant_sparsity": 0.09722476452589035, "pruning_sqnr": 9.254977671168655, "pruning_mse": 3.93986701965332e-05, "pruning_sqnr_corrected": 8.377507049902334, "pruning_mse_corrected": 4.8220157623291016e-05}, "features.25": {"sample_kurtosis": 2.75804904969561, "quant_sqnr": 23.589709952547018, "quant_mse": 1.2727084595098859e-06, "quant_sparsity": 0.08397293090820312, "pruning_sqnr": 9.234968373528222, "pruning_mse": 3.4689903259277344e-05, "pruning_sqnr_corrected": 8.495707312654552, "pruning_mse_corrected": 4.112720489501953e-05}, "classifier.0": {"sample_kurtosis": -3.0, "quant_sqnr": 26.85823034872772, "quant_mse": 5.72588980674027e-08, "quant_sparsity": 0.09369456022977829, "pruning_sqnr": 9.125110610175089, "pruning_mse": 3.3974647521972656e-06, "pruning_sqnr_corrected": 8.295368259527448, "pruning_mse_corrected": 4.112720489501953e-06}, "classifier.3": {"sample_kurtosis": 2.0761230138415385, "quant_sqnr": 28.627007411319205, "quant_mse": 1.4947052306979458e-07, "quant_sparsity": 0.08416378498077393, "pruning_sqnr": 8.728101070332801, "pruning_mse": 1.4603137969970703e-05, "pruning_sqnr_corrected": 7.965933399493943, "pruning_mse_corrected": 1.7404556274414062e-05}, "classifier.6": {"sample_kurtosis": 0.44798356829896546, "quant_sqnr": 28.540798953146865, "quant_mse": 6.102023917264887e-07, "quant_sparsity": 0.05900195613503456, "pruning_sqnr": 8.67324448308998, "pruning_mse": 5.918741226196289e-05, "pruning_sqnr_corrected": 8.173885059666691, "pruning_mse_corrected": 6.639957427978516e-05}}