{"features.0": {"sample_kurtosis": 1.7546389344354347, "quant_sqnr": 22.527934536644988, "quant_mse": 0.00035978169762529433, "quant_sparsity": 0.12557870149612427, "pruning_sqnr": 8.806283876847875, "pruning_mse": 0.00847625732421875, "pruning_sqnr_corrected": 7.864633602244186, "pruning_mse_corrected": 0.010528564453125}, "features.2": {"sample_kurtosis": 5.316591430415794, "quant_sqnr": 19.07183905222761, "quant_mse": 3.85448474844452e-05, "quant_sparsity": 0.1876085102558136, "pruning_sqnr": 9.662831276554382, "pruning_mse": 0.0003364086151123047, "pruning_sqnr_corrected": 8.248855820270316, "pruning_mse_corrected": 0.0004658699035644531}, "features.5": {"sample_kurtosis": 5.414975575959966, "quant_sqnr": 18.31415464945588, "quant_mse": 3.4953103750012815e-05, "quant_sparsity": 0.1862114816904068, "pruning_sqnr": 9.083627488284394, "pruning_mse": 0.00029277801513671875, "pruning_sqnr_corrected": 7.714769996577645, "pruning_mse_corrected": 0.0004012584686279297}, "features.7": {"sample_kurtosis": 3.247752800303692, "quant_sqnr": 19.348480207455943, "quant_mse": 1.6963960661087185e-05, "quant_sparsity": 0.1382242888212204, "pruning_sqnr": 8.173863415454981, "pruning_mse": 0.00022232532501220703, "pruning_sqnr_corrected": 7.203366316032281, "pruning_mse_corrected": 0.0002779960632324219}, "features.10": {"sample_kurtosis": 4.697437545976054, "quant_sqnr": 18.539308205158168, "quant_mse": 1.3229484466137365e-05, "quant_sparsity": 0.1403435617685318, "pruning_sqnr": 8.124479775323364, "pruning_mse": 0.0001455545425415039, "pruning_sqnr_corrected": 7.147561560648987, "pruning_mse_corrected": 0.00018227100372314453}, "features.12": {"sample_kurtosis": 2.1713048317084622, "quant_sqnr": 19.98753443305327, "quant_mse": 5.288978172757197e-06, "quant_sparsity": 0.118147112429142, "pruning_sqnr": 7.624376285483029, "pruning_mse": 9.113550186157227e-05, "pruning_sqnr_corrected": 6.817913254566084, "pruning_mse_corrected": 0.00010973215103149414}, "features.14": {"sample_kurtosis": 1.8274999602393676, "quant_sqnr": 20.168472027741508, "quant_mse": 5.027284259995213e-06, "quant_sparsity": 0.1168433278799057, "pruning_sqnr": 7.494976380778764, "pruning_mse": 9.304285049438477e-05, "pruning_sqnr_corrected": 6.698992690765563, "pruning_mse_corrected": 0.00011175870895385742}, "features.16": {"sample_kurtosis": 3.4547614650661744, "quant_sqnr": 19.051724327871934, "quant_mse": 6.827677225373918e-06, "quant_sparsity": 0.131134033203125, "pruning_sqnr": 7.668847524961161, "pruning_mse": 9.387731552124023e-05, "pruning_sqnr_corrected": 6.781581885422608, "pruning_mse_corrected": 0.00011515617370605469}, "features.19": {"sample_kurtosis": 3.461146223469248, "quant_sqnr": 18.839952291254544, "quant_mse": 5.200694431550801e-06, "quant_sparsity": 0.1415303498506546, "pruning_sqnr": 7.697806009464041, "pruning_mse": 6.765127182006836e-05, "pruning_sqnr_corrected": 6.737132091217955, "pruning_mse_corrected": 8.440017700195312e-05}, "features.21": {"sample_kurtosis": 1.6279217569380693, "quant_sqnr": 20.422370039454833, "quant_mse": 2.076702685371856e-06, "quant_sparsity": 0.11219406127929688, "pruning_sqnr": 7.386132064008722, "pruning_mse": 4.178285598754883e-05, "pruning_sqnr_corrected": 6.626447488839286, "pruning_mse_corrected": 4.976987838745117e-05}, "features.23": {"sample_kurtosis": 0.953588449395725, "quant_sqnr": 21.293009601593713, "quant_mse": 1.5950118950058823e-06, "quant_sparsity": 0.1054331436753273, "pruning_sqnr": 7.268380863653894, "pruning_mse": 4.029273986816406e-05, "pruning_sqnr_corrected": 6.558717145693564, "pruning_mse_corrected": 4.744529724121094e-05}, "features.25": {"sample_kurtosis": 1.0713966771113625, "quant_sqnr": 20.96050879998328, "quant_mse": 1.710457354420214e-06, "quant_sparsity": 0.1064876988530159, "pruning_sqnr": 7.3302503720417445, "pruning_mse": 3.9458274841308594e-05, "pruning_sqnr_corrected": 6.612319927665739, "pruning_mse_corrected": 4.655122756958008e-05}, "features.28": {"sample_kurtosis": 0.8261900787167411, "quant_sqnr": 21.377666370342357, "quant_mse": 1.8315801071366877e-06, "quant_sparsity": 0.10473421216011047, "pruning_sqnr": 7.276853596712325, "pruning_mse": 4.7087669372558594e-05, "pruning_sqnr_corrected": 6.572967369680321, "pruning_mse_corrected": 5.537271499633789e-05}, "features.30": {"sample_kurtosis": 0.8261900787167411, "quant_sqnr": 22.3049844971695, "quant_mse": 1.4822335288044997e-06, "quant_sparsity": 0.09309005737304688, "pruning_sqnr": 7.187236178608025, "pruning_mse": 4.8160552978515625e-05, "pruning_sqnr_corrected": 6.5578810240529535, "pruning_mse_corrected": 5.5670738220214844e-05}, "features.32": {"sample_kurtosis": 0.2888453962638162, "quant_sqnr": 22.912263436935277, "quant_mse": 1.2058965239702957e-06, "quant_sparsity": 0.08877097070217133, "pruning_sqnr": 7.085153222422491, "pruning_mse": 4.6133995056152344e-05, "pruning_sqnr_corrected": 6.488433171465408, "pruning_mse_corrected": 5.2928924560546875e-05}, "features.34": {"sample_kurtosis": 0.9052806852833233, "quant_sqnr": 22.281958716601732, "quant_mse": 1.2871080343757058e-06, "quant_sparsity": 0.10370593518018723, "pruning_sqnr": 7.390565396919603, "pruning_mse": 3.9696693420410156e-05, "pruning_sqnr_corrected": 6.682147061778228, "pruning_mse_corrected": 4.673004150390625e-05}, "classifier.0": {"sample_kurtosis": -3.0, "quant_sqnr": 23.1287188229968, "quant_mse": 1.0904256697585879e-07, "quant_sparsity": 0.09675125777721405, "pruning_sqnr": 7.300898049134041, "pruning_mse": 4.172325134277344e-06, "pruning_sqnr_corrected": 6.613739925439443, "pruning_mse_corrected": 4.887580871582031e-06}, "classifier.3": {"sample_kurtosis": -3.0, "quant_sqnr": 24.17377252770926, "quant_mse": 3.599854778713052e-07, "quant_sparsity": 0.08023911714553833, "pruning_sqnr": 6.986950473898904, "pruning_mse": 1.8835067749023438e-05, "pruning_sqnr_corrected": 6.4449910336441985, "pruning_mse_corrected": 2.1338462829589844e-05}, "classifier.6": {"sample_kurtosis": 0.28932513335937005, "quant_sqnr": 24.008031663072067, "quant_mse": 1.3102649063512217e-06, "quant_sparsity": 0.07981177419424057, "pruning_sqnr": 6.975591926506155, "pruning_mse": 6.61611557006836e-05, "pruning_sqnr_corrected": 6.445846349425754, "pruning_mse_corrected": 7.474422454833984e-05}}