{"features.0": {"sample_kurtosis": 1.7546389344354347, "quant_sqnr": 28.127087849623834, "quant_mse": 9.911142842611298e-05, "quant_sparsity": 0.06365741044282913, "pruning_sqnr": 10.334134642704493, "pruning_mse": 0.005962371826171875, "pruning_sqnr_corrected": 9.75247889783992, "pruning_mse_corrected": 0.006816864013671875}, "features.2": {"sample_kurtosis": 5.316591430415794, "quant_sqnr": 23.699692173072712, "quant_mse": 1.327947848039912e-05, "quant_sparsity": 0.117323137819767, "pruning_sqnr": 11.208334677600948, "pruning_mse": 0.00023567676544189453, "pruning_sqnr_corrected": 10.116645908557778, "pruning_mse_corrected": 0.00030303001403808594}, "features.5": {"sample_kurtosis": 5.414975575959966, "quant_sqnr": 22.625904078225165, "quant_mse": 1.2951223652635235e-05, "quant_sparsity": 0.1180013045668602, "pruning_sqnr": 10.597925485836527, "pruning_mse": 0.0002065896987915039, "pruning_sqnr_corrected": 9.518470566927208, "pruning_mse_corrected": 0.00026488304138183594}, "features.7": {"sample_kurtosis": 3.247752800303692, "quant_sqnr": 23.169392788507484, "quant_mse": 7.037785053398693e-06, "quant_sparsity": 0.0878499373793602, "pruning_sqnr": 9.632350282763454, "pruning_mse": 0.0001589059829711914, "pruning_sqnr_corrected": 8.853044902970046, "pruning_mse_corrected": 0.0001901388168334961}, "features.10": {"sample_kurtosis": 4.697437545976054, "quant_sqnr": 22.03386411078067, "quant_mse": 5.916806003369857e-06, "quant_sparsity": 0.0960116907954216, "pruning_sqnr": 9.571555884549056, "pruning_mse": 0.0001043081283569336, "pruning_sqnr_corrected": 8.730391247317685, "pruning_mse_corrected": 0.0001266002655029297}, "features.12": {"sample_kurtosis": 2.1713048317084622, "quant_sqnr": 24.00040036645781, "quant_mse": 2.099351604556432e-06, "quant_sparsity": 0.0739525705575943, "pruning_sqnr": 9.050577949888712, "pruning_mse": 6.562471389770508e-05, "pruning_sqnr_corrected": 8.406542166972077, "pruning_mse_corrected": 7.611513137817383e-05}, "features.14": {"sample_kurtosis": 1.8274999602393676, "quant_sqnr": 24.27898664077357, "quant_mse": 1.9511110167513834e-06, "quant_sparsity": 0.0753343403339386, "pruning_sqnr": 8.909766250941875, "pruning_mse": 6.717443466186523e-05, "pruning_sqnr_corrected": 8.259608945895382, "pruning_mse_corrected": 7.802248001098633e-05}, "features.16": {"sample_kurtosis": 3.4547614650661744, "quant_sqnr": 22.965814089498174, "quant_mse": 2.7724518076865934e-06, "quant_sparsity": 0.0864715576171875, "pruning_sqnr": 9.084048459340007, "pruning_mse": 6.777048110961914e-05, "pruning_sqnr_corrected": 8.338315421267293, "pruning_mse_corrected": 8.046627044677734e-05}, "features.19": {"sample_kurtosis": 3.461146223469248, "quant_sqnr": 22.754385539370226, "quant_mse": 2.1116309198987437e-06, "quant_sparsity": 0.0889383926987648, "pruning_sqnr": 9.120231588042227, "pruning_mse": 4.875659942626953e-05, "pruning_sqnr_corrected": 8.353266448088538, "pruning_mse_corrected": 5.817413330078125e-05}, "features.21": {"sample_kurtosis": 1.6279217569380693, "quant_sqnr": 24.316230215490982, "quant_mse": 8.472046033602965e-07, "quant_sparsity": 0.06812667846679688, "pruning_sqnr": 8.793232650341949, "pruning_mse": 3.0219554901123047e-05, "pruning_sqnr_corrected": 8.209032308045934, "pruning_mse_corrected": 3.457069396972656e-05}, "features.23": {"sample_kurtosis": 0.953588449395725, "quant_sqnr": 25.516210139479373, "quant_mse": 6.031757493474288e-07, "quant_sparsity": 0.0640580952167511, "pruning_sqnr": 8.67475923183405, "pruning_mse": 2.9146671295166016e-05, "pruning_sqnr_corrected": 8.12491799184349, "pruning_mse_corrected": 3.30805778503418e-05}, "features.25": {"sample_kurtosis": 1.0713966771113625, "quant_sqnr": 25.213980397205567, "quant_mse": 6.423401828214992e-07, "quant_sparsity": 0.06444761902093887, "pruning_sqnr": 8.73547513229311, "pruning_mse": 2.855062484741211e-05, "pruning_sqnr_corrected": 8.182841269456944, "pruning_mse_corrected": 3.24249267578125e-05}, "features.28": {"sample_kurtosis": 0.8261900787167411, "quant_sqnr": 25.604189604037796, "quant_mse": 6.921075623722572e-07, "quant_sparsity": 0.06347910314798355, "pruning_sqnr": 8.686763427158258, "pruning_mse": 3.403425216674805e-05, "pruning_sqnr_corrected": 8.137374450910805, "pruning_mse_corrected": 3.8623809814453125e-05}, "features.30": {"sample_kurtosis": 0.8261900787167411, "quant_sqnr": 26.982051518345518, "quant_mse": 5.049053015682148e-07, "quant_sparsity": 0.0562557652592659, "pruning_sqnr": 8.589791125532082, "pruning_mse": 3.4868717193603516e-05, "pruning_sqnr_corrected": 8.105572303111213, "pruning_mse_corrected": 3.898143768310547e-05}, "features.32": {"sample_kurtosis": 0.2888453962638162, "quant_sqnr": 27.708760683036683, "quant_mse": 3.9963205722415296e-07, "quant_sparsity": 0.048374176025390625, "pruning_sqnr": 8.482934216689804, "pruning_mse": 3.343820571899414e-05, "pruning_sqnr_corrected": 8.069711188919001, "pruning_mse_corrected": 3.6776065826416016e-05}, "features.34": {"sample_kurtosis": 0.9052806852833233, "quant_sqnr": 27.15052929782736, "quant_mse": 4.1952509377551905e-07, "quant_sparsity": 0.05658213421702385, "pruning_sqnr": 8.812895314866742, "pruning_mse": 2.86102294921875e-05, "pruning_sqnr_corrected": 8.325564831627057, "pruning_mse_corrected": 3.2007694244384766e-05}, "classifier.0": {"sample_kurtosis": -3.0, "quant_sqnr": 28.094739111957658, "quant_mse": 3.4753139033227853e-08, "quant_sparsity": 0.04696280509233475, "pruning_sqnr": 8.762178405916423, "pruning_mse": 2.9802322387695312e-06, "pruning_sqnr_corrected": 8.348251554334173, "pruning_mse_corrected": 3.2782554626464844e-06}, "classifier.3": {"sample_kurtosis": -3.0, "quant_sqnr": 29.318467613069615, "quant_mse": 1.1010713762971136e-07, "quant_sparsity": 0.04663974046707153, "pruning_sqnr": 8.404472830078404, "pruning_mse": 1.3589859008789062e-05, "pruning_sqnr_corrected": 8.004421213362566, "pruning_mse_corrected": 1.4901161193847656e-05}, "classifier.6": {"sample_kurtosis": 0.28932513335937005, "quant_sqnr": 29.16500165379848, "quant_mse": 3.996337056832999e-07, "quant_sparsity": 0.04308471828699112, "pruning_sqnr": 8.354708106626868, "pruning_mse": 4.8160552978515625e-05, "pruning_sqnr_corrected": 7.988932963635012, "pruning_mse_corrected": 5.239248275756836e-05}}