{"features.0": {"sample_kurtosis": 1.2434124588982476, "quant_sqnr": 7.396747423546694, "quant_mse": 0.023185668513178825, "quant_sparsity": 0.5324074029922485, "pruning_sqnr": 4.094909344396001, "pruning_mse": 0.049591064453125, "pruning_sqnr_corrected": 2.14827192778117, "pruning_mse_corrected": 0.07763671875}, "features.3": {"sample_kurtosis": 8.12276217096664, "quant_sqnr": 5.952156536686603, "quant_mse": 0.0010850817197933793, "quant_sparsity": 0.6791720986366272, "pruning_sqnr": 5.797642089030549, "pruning_mse": 0.0011243820190429688, "pruning_sqnr_corrected": 2.857900291072444, "pruning_mse_corrected": 0.0022125244140625}, "features.6": {"sample_kurtosis": 5.144191729465959, "quant_sqnr": 6.72864079405813, "quant_mse": 0.0002951179048977792, "quant_sparsity": 0.5324944257736206, "pruning_sqnr": 4.395935873264864, "pruning_mse": 0.0005049705505371094, "pruning_sqnr_corrected": 2.6748481941092557, "pruning_mse_corrected": 0.0007505416870117188}, "features.8": {"sample_kurtosis": 4.719325088982083, "quant_sqnr": 6.632213585636805, "quant_mse": 0.00019312014046590775, "quant_sparsity": 0.5489027500152588, "pruning_sqnr": 4.002749308656793, "pruning_mse": 0.00035381317138671875, "pruning_sqnr_corrected": 2.3365095638893143, "pruning_mse_corrected": 0.0005192756652832031}, "features.11": {"sample_kurtosis": 3.416340958804933, "quant_sqnr": 7.023366339939995, "quant_mse": 0.00011857265053549781, "quant_sparsity": 0.47621917724609375, "pruning_sqnr": 3.790343849792888, "pruning_mse": 0.00024962425231933594, "pruning_sqnr_corrected": 2.4243191532634984, "pruning_mse_corrected": 0.0003418922424316406}, "features.13": {"sample_kurtosis": 2.6298752810371244, "quant_sqnr": 6.99701462208734, "quant_mse": 7.230967457871884e-05, "quant_sparsity": 0.3540429174900055, "pruning_sqnr": 3.5548297116195995, "pruning_mse": 0.00015974044799804688, "pruning_sqnr_corrected": 2.5831375523250983, "pruning_mse_corrected": 0.00019979476928710938}, "features.16": {"sample_kurtosis": 1.3842054609781353, "quant_sqnr": 7.1868472131355166, "quant_mse": 7.441175694111735e-05, "quant_sparsity": 0.3495246171951294, "pruning_sqnr": 3.4316797675733994, "pruning_mse": 0.0001766681671142578, "pruning_sqnr_corrected": 2.4778448371075608, "pruning_mse_corrected": 0.0002200603485107422}, "features.18": {"sample_kurtosis": 1.3851271950184216, "quant_sqnr": 7.500789069154767, "quant_mse": 6.345750443870202e-05, "quant_sparsity": 0.46544986963272095, "pruning_sqnr": 3.4752951166860675, "pruning_mse": 0.00016033649444580078, "pruning_sqnr_corrected": 2.1594185021211354, "pruning_mse_corrected": 0.00021708011627197266}, "classifier.0": {"sample_kurtosis": -3.0, "quant_sqnr": 7.860808233621594, "quant_mse": 5.247851731837727e-06, "quant_sparsity": 0.40604618191719055, "pruning_sqnr": 3.31108554185351, "pruning_mse": 1.4960765838623047e-05, "pruning_sqnr_corrected": 2.188989146875148, "pruning_mse_corrected": 1.9371509552001953e-05}, "classifier.3": {"sample_kurtosis": 1.6474282548476458, "quant_sqnr": 8.301151649504934, "quant_mse": 1.692256410024129e-05, "quant_sparsity": 0.40830808877944946, "pruning_sqnr": 3.0649289136548337, "pruning_mse": 5.650520324707031e-05, "pruning_sqnr_corrected": 1.9836765376683347, "pruning_mse_corrected": 7.2479248046875e-05}, "classifier.6": {"sample_kurtosis": -0.010765676409057345, "quant_sqnr": 7.254706422963446, "quant_mse": 7.029726839391515e-05, "quant_sparsity": 0.3691716492176056, "pruning_sqnr": 3.088603723010926, "pruning_mse": 0.00018346309661865234, "pruning_sqnr_corrected": 2.1099196256575934, "pruning_mse_corrected": 0.00022983551025390625}}