{"features.0": {"sample_kurtosis": 23.40293161408346, "quant_sqnr": 20.149819415422343, "quant_mse": 0.00023718879674561322, "quant_sparsity": 0.8125, "pruning_sqnr": Infinity, "pruning_mse": 0.0, "pruning_sqnr_corrected": 8.025780804296748, "pruning_mse_corrected": 0.00386810302734375}, "features.3": {"sample_kurtosis": 56.71321169387148, "quant_sqnr": 18.093372349401356, "quant_mse": 1.5458919733646326e-05, "quant_sparsity": 0.863633930683136, "pruning_sqnr": Infinity, "pruning_mse": 0.0, "pruning_sqnr_corrected": 9.403876702683528, "pruning_mse_corrected": 0.00011432170867919922}, "features.7": {"sample_kurtosis": 68.50882398606103, "quant_sqnr": 15.683941962183319, "quant_mse": 3.284854028606787e-05, "quant_sparsity": 0.8002658486366272, "pruning_sqnr": Infinity, "pruning_mse": 0.0, "pruning_sqnr_corrected": 9.229528834650612, "pruning_mse_corrected": 0.00014519691467285156}, "features.10": {"sample_kurtosis": 16.065075556340233, "quant_sqnr": 19.536870506655557, "quant_mse": 7.501229447370861e-06, "quant_sparsity": 0.6738417148590088, "pruning_sqnr": 25.764181417331613, "pruning_mse": 1.7881393432617188e-06, "pruning_sqnr_corrected": 8.568106738295374, "pruning_mse_corrected": 9.375810623168945e-05}, "features.14": {"sample_kurtosis": 11.833251028806584, "quant_sqnr": 17.813315566163602, "quant_mse": 8.528334547008853e-06, "quant_sparsity": 0.447509765625, "pruning_sqnr": 13.014319341303418, "pruning_mse": 2.574920654296875e-05, "pruning_sqnr_corrected": 7.970365945440174, "pruning_mse_corrected": 8.225440979003906e-05}, "features.17": {"sample_kurtosis": 8.687319575800291, "quant_sqnr": 18.886024577557507, "quant_mse": 3.808518840742181e-06, "quant_sparsity": 0.4873165488243103, "pruning_sqnr": 13.781081166238415, "pruning_mse": 1.233816146850586e-05, "pruning_sqnr_corrected": 7.55058685632093, "pruning_mse_corrected": 5.179643630981445e-05}, "features.20": {"sample_kurtosis": 7.050666641106499, "quant_sqnr": 19.085911384268627, "quant_mse": 3.813765260929358e-06, "quant_sparsity": 0.4236840307712555, "pruning_sqnr": 12.05462470531434, "pruning_mse": 1.9252300262451172e-05, "pruning_sqnr_corrected": 7.346616212787906, "pruning_mse_corrected": 5.692243576049805e-05}, "features.23": {"sample_kurtosis": 10.526376780435367, "quant_sqnr": 17.903392314127558, "quant_mse": 5.9191538639424834e-06, "quant_sparsity": 0.3773278295993805, "pruning_sqnr": 11.106251469996808, "pruning_mse": 2.8312206268310547e-05, "pruning_sqnr_corrected": 7.323228950954061, "pruning_mse_corrected": 6.765127182006836e-05}, "features.27": {"sample_kurtosis": 11.021710733750732, "quant_sqnr": 17.189049580922532, "quant_mse": 5.4288943829305936e-06, "quant_sparsity": 0.3930867612361908, "pruning_sqnr": 11.160433822757053, "pruning_mse": 2.1755695343017578e-05, "pruning_sqnr_corrected": 7.304126269004536, "pruning_mse_corrected": 5.2869319915771484e-05}, "features.30": {"sample_kurtosis": 5.684161271033858, "quant_sqnr": 18.3214710381349, "quant_mse": 2.7370806492399424e-06, "quant_sparsity": 0.30707210302352905, "pruning_sqnr": 9.678153166285988, "pruning_mse": 2.002716064453125e-05, "pruning_sqnr_corrected": 6.989700043360188, "pruning_mse_corrected": 3.719329833984375e-05}, "features.33": {"sample_kurtosis": 3.3535019171597638, "quant_sqnr": 19.21439845519524, "quant_mse": 2.3412576410919428e-06, "quant_sparsity": 0.19162538647651672, "pruning_sqnr": 8.210037503009115, "pruning_mse": 2.950429916381836e-05, "pruning_sqnr_corrected": 6.78020510998969, "pruning_mse_corrected": 4.100799560546875e-05}, "features.36": {"sample_kurtosis": 2.6382158370090316, "quant_sqnr": 19.752585097016187, "quant_mse": 2.213508423665189e-06, "quant_sparsity": 0.14690610766410828, "pruning_sqnr": 7.764214834463884, "pruning_mse": 3.49879264831543e-05, "pruning_sqnr_corrected": 6.7290331194571005, "pruning_mse_corrected": 4.4405460357666016e-05}, "features.40": {"sample_kurtosis": 2.850508988077581, "quant_sqnr": 19.380478870554093, "quant_mse": 2.856983655874501e-06, "quant_sparsity": 0.14330080151557922, "pruning_sqnr": 7.73577498870883, "pruning_mse": 4.172325134277344e-05, "pruning_sqnr_corrected": 6.736996304730919, "pruning_mse_corrected": 5.251169204711914e-05}, "features.43": {"sample_kurtosis": 2.761274696092123, "quant_sqnr": 19.572506355433138, "quant_mse": 2.7728735858545406e-06, "quant_sparsity": 0.12283621728420258, "pruning_sqnr": 7.521617747318214, "pruning_mse": 4.4465065002441406e-05, "pruning_sqnr_corrected": 6.66814753683405, "pruning_mse_corrected": 5.412101745605469e-05}, "features.46": {"sample_kurtosis": 0.5753247166543161, "quant_sqnr": 22.211794635903498, "quant_mse": 1.3682454209629213e-06, "quant_sparsity": 0.091535784304142, "pruning_sqnr": 7.175522818533169, "pruning_mse": 4.363059997558594e-05, "pruning_sqnr_corrected": 6.546929998726853, "pruning_mse_corrected": 5.042552947998047e-05}, "features.49": {"sample_kurtosis": 1.9029350016599098, "quant_sqnr": 20.90967135636862, "quant_mse": 1.5652719866920961e-06, "quant_sparsity": 0.10584428906440735, "pruning_sqnr": 7.468488508544176, "pruning_mse": 3.457069396972656e-05, "pruning_sqnr_corrected": 6.745862729249294, "pruning_mse_corrected": 4.082918167114258e-05}, "classifier.0": {"sample_kurtosis": -3.0, "quant_sqnr": 22.46153789389878, "quant_mse": 1.1598996962902675e-07, "quant_sparsity": 0.14784584939479828, "pruning_sqnr": 7.644421084006263, "pruning_mse": 3.516674041748047e-06, "pruning_sqnr_corrected": 6.602328566510705, "pruning_mse_corrected": 4.470348358154297e-06}, "classifier.3": {"sample_kurtosis": -3.0, "quant_sqnr": 23.719621067513796, "quant_mse": 3.763821041502524e-07, "quant_sparsity": 0.15925997495651245, "pruning_sqnr": 7.606912625587241, "pruning_mse": 1.537799835205078e-05, "pruning_sqnr_corrected": 6.408320514796991, "pruning_mse_corrected": 2.0265579223632812e-05}, "classifier.6": {"sample_kurtosis": 0.5741466640307045, "quant_sqnr": 23.623689514347696, "quant_mse": 1.5857324342505308e-06, "quant_sparsity": 0.112547367811203, "pruning_sqnr": 7.419957778378901, "pruning_mse": 6.61611557006836e-05, "pruning_sqnr_corrected": 6.651028783517209, "pruning_mse_corrected": 7.897615432739258e-05}}