{"conv1": {"sample_kurtosis": 5.200988306598703, "quant_sqnr": 37.150122701519116, "quant_mse": 2.4602188659628155e-06, "quant_sparsity": 0.06590136140584946, "pruning_sqnr": 19.038694568067548, "pruning_mse": 0.00015926361083984375, "pruning_sqnr_corrected": 17.856463259162602, "pruning_mse_corrected": 0.0002090930938720703}, "layer1.0.conv1": {"sample_kurtosis": 12.807801450257223, "quant_sqnr": 34.45938675204176, "quant_mse": 9.10587232283433e-07, "quant_sparsity": 0.1348876953125, "pruning_sqnr": 19.634621471788844, "pruning_mse": 2.765655517578125e-05, "pruning_sqnr_corrected": 17.32353036443324, "pruning_mse_corrected": 4.7087669372558594e-05}, "layer1.0.conv2": {"sample_kurtosis": 39.01853031275764, "quant_sqnr": 28.337210230471857, "quant_mse": 3.786583420151146e-07, "quant_sparsity": 0.2705078125, "pruning_sqnr": 21.4532675411901, "pruning_mse": 1.8477439880371094e-06, "pruning_sqnr_corrected": 16.03264692466333, "pruning_mse_corrected": 6.4373016357421875e-06}, "layer1.0.conv3": {"sample_kurtosis": 18.210067799572975, "quant_sqnr": 32.47796575236694, "quant_mse": 3.8135544855322223e-07, "quant_sparsity": 0.359283447265625, "pruning_sqnr": 26.559064181802153, "pruning_mse": 1.4901161193847656e-06, "pruning_sqnr_corrected": 16.541727053712144, "pruning_mse_corrected": 1.4960765838623047e-05}, "layer1.0.downsample.0": {"sample_kurtosis": 22.105418270045554, "quant_sqnr": 31.65811807884422, "quant_mse": 1.7720517462294083e-06, "quant_sparsity": 0.28973388671875, "pruning_sqnr": 23.741902805137045, "pruning_mse": 1.0967254638671875e-05, "pruning_sqnr_corrected": 17.35918116531297, "pruning_mse_corrected": 4.76837158203125e-05}, "layer1.1.conv1": {"sample_kurtosis": 16.704026978774053, "quant_sqnr": 30.44256898113111, "quant_mse": 4.892057177130482e-07, "quant_sparsity": 0.270355224609375, "pruning_sqnr": 19.85340464767245, "pruning_mse": 5.602836608886719e-06, "pruning_sqnr_corrected": 14.1813884357607, "pruning_mse_corrected": 2.0682811737060547e-05}, "layer1.1.conv2": {"sample_kurtosis": 37.484745721812224, "quant_sqnr": 26.434019977353294, "quant_mse": 6.042448603693629e-07, "quant_sparsity": 0.1319715678691864, "pruning_sqnr": 15.886370183585301, "pruning_mse": 6.854534149169922e-06, "pruning_sqnr_corrected": 13.964818277322488, "pruning_mse_corrected": 1.0669231414794922e-05}, "layer1.1.conv3": {"sample_kurtosis": 15.68936200550748, "quant_sqnr": 30.935350804128724, "quant_mse": 4.27119175583357e-07, "quant_sparsity": 0.16815185546875, "pruning_sqnr": 20.854811858123554, "pruning_mse": 4.351139068603516e-06, "pruning_sqnr_corrected": 17.669604579880385, "pruning_mse_corrected": 9.059906005859375e-06}, "layer1.2.conv1": {"sample_kurtosis": 4.294476949382967, "quant_sqnr": 33.49305667656125, "quant_mse": 2.830970515788067e-07, "quant_sparsity": 0.096954345703125, "pruning_sqnr": 15.114131571960929, "pruning_mse": 1.9490718841552734e-05, "pruning_sqnr_corrected": 13.557150567822552, "pruning_mse_corrected": 2.7894973754882812e-05}, "layer1.2.conv2": {"sample_kurtosis": 4.3944514655607945, "quant_sqnr": 32.80331453969626, "quant_mse": 1.761650025855488e-07, "quant_sparsity": 0.0650906041264534, "pruning_sqnr": 13.780589814672123, "pruning_mse": 1.4066696166992188e-05, "pruning_sqnr_corrected": 12.841033640832094, "pruning_mse_corrected": 1.7464160919189453e-05}, "layer1.2.conv3": {"sample_kurtosis": 8.078497605304133, "quant_sqnr": 31.85909773397215, "quant_mse": 4.002913271961006e-07, "quant_sparsity": 0.142669677734375, "pruning_sqnr": 21.43774130284761, "pruning_mse": 4.410743713378906e-06, "pruning_sqnr_corrected": 18.369145909600554, "pruning_mse_corrected": 8.940696716308594e-06}, "layer2.0.conv1": {"sample_kurtosis": 4.036120135128882, "quant_sqnr": 34.87434716438614, "quant_mse": 2.2925344467239483e-07, "quant_sparsity": 0.0567626953125, "pruning_sqnr": 14.76974260478319, "pruning_mse": 2.3484230041503906e-05, "pruning_sqnr_corrected": 13.921349688893299, "pruning_mse_corrected": 2.855062484741211e-05}, "layer2.0.conv2": {"sample_kurtosis": 2.6982767834014734, "quant_sqnr": 34.260829391079916, "quant_mse": 6.650129336094324e-08, "quant_sparsity": 0.0569780133664608, "pruning_sqnr": 13.337538404726047, "pruning_mse": 8.225440979003906e-06, "pruning_sqnr_corrected": 12.509164557262578, "pruning_mse_corrected": 9.953975677490234e-06}, "layer2.0.conv3": {"sample_kurtosis": 14.381156232187525, "quant_sqnr": 29.045560414503846, "quant_mse": 5.747315299231559e-07, "quant_sparsity": 0.223236083984375, "pruning_sqnr": 19.11017355394045, "pruning_mse": 5.662441253662109e-06, "pruning_sqnr_corrected": 14.90800952010855, "pruning_mse_corrected": 1.4901161193847656e-05}, "layer2.0.downsample.0": {"sample_kurtosis": 40.314772188533105, "quant_sqnr": 28.65904837145535, "quant_mse": 5.75955425574648e-07, "quant_sparsity": 0.2576446533203125, "pruning_sqnr": 21.789157488879525, "pruning_mse": 2.8014183044433594e-06, "pruning_sqnr_corrected": 16.83696272075494, "pruning_mse_corrected": 8.761882781982422e-06}, "layer2.1.conv1": {"sample_kurtosis": 22.694666963689016, "quant_sqnr": 29.14852469252896, "quant_mse": 1.9434010312124883e-07, "quant_sparsity": 0.23189544677734375, "pruning_sqnr": 19.36773100194516, "pruning_mse": 1.8477439880371094e-06, "pruning_sqnr_corrected": 15.038555079669072, "pruning_mse_corrected": 5.0067901611328125e-06}, "layer2.1.conv2": {"sample_kurtosis": 21.038318681407905, "quant_sqnr": 29.273355246064533, "quant_mse": 1.019560755821658e-07, "quant_sparsity": 0.1358540803194046, "pruning_sqnr": 17.802572894074316, "pruning_mse": 1.430511474609375e-06, "pruning_sqnr_corrected": 15.58408539791075, "pruning_mse_corrected": 2.384185791015625e-06}, "layer2.1.conv3": {"sample_kurtosis": 29.195383667054806, "quant_sqnr": 29.443074098303484, "quant_mse": 2.3512681934789725e-07, "quant_sparsity": 0.3138580322265625, "pruning_sqnr": 27.6217822440723, "pruning_mse": 3.5762786865234375e-07, "pruning_sqnr_corrected": 21.08965710631886, "pruning_mse_corrected": 1.6093254089355469e-06}, "layer2.2.conv1": {"sample_kurtosis": 8.47802837965329, "quant_sqnr": 31.88490483708991, "quant_mse": 1.8721999595072703e-07, "quant_sparsity": 0.09564208984375, "pruning_sqnr": 15.123763427459558, "pruning_mse": 8.881092071533203e-06, "pruning_sqnr_corrected": 13.674992761954684, "pruning_mse_corrected": 1.239776611328125e-05}, "layer2.2.conv2": {"sample_kurtosis": 3.2990968044237663, "quant_sqnr": 32.86299644055921, "quant_mse": 7.12800982682893e-08, "quant_sparsity": 0.062338937073946, "pruning_sqnr": 13.55387657986574, "pruning_mse": 6.079673767089844e-06, "pruning_sqnr_corrected": 12.67077816740435, "pruning_mse_corrected": 7.450580596923828e-06}, "layer2.2.conv3": {"sample_kurtosis": 12.059472346292493, "quant_sqnr": 29.202611606177243, "quant_mse": 4.076466098013043e-07, "quant_sparsity": 0.0955352783203125, "pruning_sqnr": 16.06045778756867, "pruning_mse": 8.404254913330078e-06, "pruning_sqnr_corrected": 14.630088200557708, "pruning_mse_corrected": 1.1682510375976562e-05}, "layer2.3.conv1": {"sample_kurtosis": 4.776907559036431, "quant_sqnr": 32.67318845842813, "quant_mse": 1.641310234390403e-07, "quant_sparsity": 0.0539703369140625, "pruning_sqnr": 13.829469640296015, "pruning_mse": 1.2576580047607422e-05, "pruning_sqnr_corrected": 13.0582887854575, "pruning_mse_corrected": 1.5020370483398438e-05}, "layer2.3.conv2": {"sample_kurtosis": 2.8448889495848677, "quant_sqnr": 34.49039586597665, "quant_mse": 5.0911221904925696e-08, "quant_sparsity": 0.0505252406001091, "pruning_sqnr": 12.977876327504372, "pruning_mse": 7.212162017822266e-06, "pruning_sqnr_corrected": 12.252369656018253, "pruning_mse_corrected": 8.52346420288086e-06}, "layer2.3.conv3": {"sample_kurtosis": 10.670886736079675, "quant_sqnr": 29.170197582112685, "quant_mse": 3.4056682807204197e-07, "quant_sparsity": 0.08504486083984375, "pruning_sqnr": 15.735714535165249, "pruning_mse": 7.510185241699219e-06, "pruning_sqnr_corrected": 14.48632716908225,