{"conv1": {"sample_kurtosis": 5.200988306598703, "quant_sqnr": 20.504967700649146, "quant_mse": 0.00011362901568645611, "quant_sparsity": 0.31345662474632263, "pruning_sqnr": 12.521041102548715, "pruning_mse": 0.0007143020629882812, "pruning_sqnr_corrected": 9.257354298632606, "pruning_mse_corrected": 0.001514434814453125}, "layer1.0.conv1": {"sample_kurtosis": 12.807801450257223, "quant_sqnr": 17.77283513849065, "quant_mse": 4.24596801167354e-05, "quant_sparsity": 0.4117431640625, "pruning_sqnr": 13.677664222573483, "pruning_mse": 0.00010901689529418945, "pruning_sqnr_corrected": 9.593632413334397, "pruning_mse_corrected": 0.0002791881561279297}, "layer1.0.conv2": {"sample_kurtosis": 39.01853031275764, "quant_sqnr": 14.020216467612968, "quant_mse": 1.0231678970740177e-05, "quant_sparsity": 0.5321452021598816, "pruning_sqnr": 14.218445999055849, "pruning_mse": 9.775161743164062e-06, "pruning_sqnr_corrected": 8.770206032636523, "pruning_mse_corrected": 3.427267074584961e-05}, "layer1.0.conv3": {"sample_kurtosis": 18.210067799572975, "quant_sqnr": 17.02335472997848, "quant_mse": 1.3390323147177696e-05, "quant_sparsity": 0.545684814453125, "pruning_sqnr": 16.192775228180537, "pruning_mse": 1.621246337890625e-05, "pruning_sqnr_corrected": 8.847600693652298, "pruning_mse_corrected": 8.797645568847656e-05}, "layer1.0.downsample.0": {"sample_kurtosis": 22.105418270045554, "quant_sqnr": 16.252493027066922, "quant_mse": 6.152319838292897e-05, "quant_sparsity": 0.53887939453125, "pruning_sqnr": 15.756747445714911, "pruning_mse": 6.896257400512695e-05, "pruning_sqnr_corrected": 9.28044984527965, "pruning_mse_corrected": 0.0003063678741455078}, "layer1.1.conv1": {"sample_kurtosis": 16.704026978774053, "quant_sqnr": 16.109946218850663, "quant_mse": 1.3266421774460468e-05, "quant_sparsity": 0.421478271484375, "pruning_sqnr": 12.358343958331313, "pruning_mse": 3.147125244140625e-05, "pruning_sqnr_corrected": 8.18904052191094, "pruning_mse_corrected": 8.219480514526367e-05}, "layer1.1.conv2": {"sample_kurtosis": 37.484745721812224, "quant_sqnr": 13.347179124421338, "quant_mse": 1.2299771697144024e-05, "quant_sparsity": 0.3654853105545044, "pruning_sqnr": 10.79960949097096, "pruning_mse": 2.2113323211669922e-05, "pruning_sqnr_corrected": 8.011457417207431, "pruning_mse_corrected": 4.202127456665039e-05}, "layer1.1.conv3": {"sample_kurtosis": 15.68936200550748, "quant_sqnr": 16.626148002894492, "quant_mse": 1.1520447515067644e-05, "quant_sparsity": 0.4520263671875, "pruning_sqnr": 13.961358298206182, "pruning_mse": 2.1278858184814453e-05, "pruning_sqnr_corrected": 9.113775479921877, "pruning_mse_corrected": 6.496906280517578e-05}, "layer1.2.conv1": {"sample_kurtosis": 4.294476949382967, "quant_sqnr": 19.50539319033174, "quant_mse": 7.0909054556977935e-06, "quant_sparsity": 0.225860595703125, "pruning_sqnr": 9.645084307691858, "pruning_mse": 6.866455078125e-05, "pruning_sqnr_corrected": 7.821789937625842, "pruning_mse_corrected": 0.00010448694229125977}, "layer1.2.conv2": {"sample_kurtosis": 4.3944514655607945, "quant_sqnr": 18.9517951261606, "quant_mse": 4.276333584130043e-06, "quant_sparsity": 0.1815185546875, "pruning_sqnr": 8.829146226142772, "pruning_mse": 4.398822784423828e-05, "pruning_sqnr_corrected": 7.496700514169007, "pruning_mse_corrected": 5.97834587097168e-05}, "layer1.2.conv3": {"sample_kurtosis": 8.078497605304133, "quant_sqnr": 18.262211560741815, "quant_mse": 9.163572030956857e-06, "quant_sparsity": 0.438201904296875, "pruning_sqnr": 13.418330073006537, "pruning_mse": 2.7954578399658203e-05, "pruning_sqnr_corrected": 8.193248204744554, "pruning_mse_corrected": 9.310245513916016e-05}, "layer2.0.conv1": {"sample_kurtosis": 4.036120135128882, "quant_sqnr": 19.67726330052163, "quant_mse": 7.5861994446313474e-06, "quant_sparsity": 0.1960601806640625, "pruning_sqnr": 9.652605126560246, "pruning_mse": 7.62939453125e-05, "pruning_sqnr_corrected": 8.10969709105613, "pruning_mse_corrected": 0.00010883808135986328}, "layer2.0.conv2": {"sample_kurtosis": 2.6982767834014734, "quant_sqnr": 20.05210296305797, "quant_mse": 1.7526804185763467e-06, "quant_sparsity": 0.1588863879442215, "pruning_sqnr": 8.432050518488172, "pruning_mse": 2.5451183319091797e-05, "pruning_sqnr_corrected": 7.277777317001122, "pruning_mse_corrected": 3.319978713989258e-05}, "layer2.0.conv3": {"sample_kurtosis": 14.381156232187525, "quant_sqnr": 16.53013446944945, "quant_mse": 1.025669916998595e-05, "quant_sparsity": 0.390350341796875, "pruning_sqnr": 12.42337234459823, "pruning_mse": 2.6404857635498047e-05, "pruning_sqnr_corrected": 8.638450005754075, "pruning_mse_corrected": 6.312131881713867e-05}, "layer2.0.downsample.0": {"sample_kurtosis": 40.314772188533105, "quant_sqnr": 14.14531242987283, "quant_mse": 1.62840515258722e-05, "quant_sparsity": 0.5479812622070312, "pruning_sqnr": 14.855256219327702, "pruning_mse": 1.3828277587890625e-05, "pruning_sqnr_corrected": 9.335080972711234, "pruning_mse_corrected": 4.929304122924805e-05}, "layer2.1.conv1": {"sample_kurtosis": 22.694666963689016, "quant_sqnr": 15.171977554383073, "quant_mse": 4.855311999563128e-06, "quant_sparsity": 0.43120574951171875, "pruning_sqnr": 12.727987565637271, "pruning_mse": 8.52346420288086e-06, "pruning_sqnr_corrected": 8.646537086343782, "pruning_mse_corrected": 2.181529998779297e-05}, "layer2.1.conv2": {"sample_kurtosis": 21.038318681407905, "quant_sqnr": 15.636405651961718, "quant_mse": 2.35563538808492e-06, "quant_sparsity": 0.3616994321346283, "pruning_sqnr": 12.110785244741248, "pruning_mse": 5.304813385009766e-06, "pruning_sqnr_corrected": 8.95650708109501, "pruning_mse_corrected": 1.0967254638671875e-05}, "layer2.1.conv3": {"sample_kurtosis": 29.195383667054806, "quant_sqnr": 15.895329929461575, "quant_mse": 5.3220210247673094e-06, "quant_sparsity": 0.6678543090820312, "pruning_sqnr": 19.72127750723879, "pruning_mse": 2.205371856689453e-06, "pruning_sqnr_corrected": 9.21236144164131, "pruning_mse_corrected": 2.47955322265625e-05}, "layer2.2.conv1": {"sample_kurtosis": 8.47802837965329, "quant_sqnr": 17.625642651031107, "quant_mse": 4.992044523532968e-06, "quant_sparsity": 0.24378204345703125, "pruning_sqnr": 9.900809346680322, "pruning_mse": 2.956390380859375e-05, "pruning_sqnr_corrected": 8.0246925258254, "pruning_mse_corrected": 4.553794860839844e-05}, "layer2.2.conv2": {"sample_kurtosis": 3.2990968044237663, "quant_sqnr": 19.084502073188858, "quant_mse": 1.7014442619256442e-06, "quant_sparsity": 0.1891411691904068, "pruning_sqnr": 8.65677275958891, "pruning_mse": 1.8775463104248047e-05, "pruning_sqnr_corrected": 7.295105595877599, "pruning_mse_corrected": 2.568960189819336e-05}, "layer2.2.conv3": {"sample_kurtosis": 12.059472346292493, "quant_sqnr": 16.510888200319044, "quant_mse": 7.576282769150566e-06, "quant_sparsity": 0.28954315185546875, "pruning_sqnr": 10.831670334765294, "pruning_mse": 2.8014183044433594e-05, "pruning_sqnr_corrected": 8.478535306376605, "pruning_mse_corrected": 4.8160552978515625e-05}, "layer2.3.conv1": {"sample_kurtosis": 4.776907559036431, "quant_sqnr": 18.879444080872513, "quant_mse": 3.931561877834611e-06, "quant_sparsity": 0.18210601806640625, "pruning_sqnr": 8.943160626844385, "pruning_mse": 3.8743019104003906e-05, "pruning_sqnr_corrected": 7.6225351091524605, "pruning_mse_corrected": 5.251169204711914e-05}, "layer2.3.conv2": {"sample_kurtosis": 2.8448889495848677, "quant_sqnr": 19.965125075410892, "quant_mse": 1.4432467878577881e-06, "quant_sparsity": 0.1455807238817215, "pruning_sqnr": 8.147251843933695, "pruning_mse": 2.193450927734375e-05, "pruning_sqnr_corrected": 7.12187086376887, "pruning_mse_corrected": 2.777576446533203e-05}, "layer2.3.conv3": {"sample_kurtosis": 10.670886736079675, "quant_sqnr": 16.977062158727644, "quant_mse": 5.643075837724609e-06, "quant_sparsity": 0.25547027587890625, "pruning_sqnr": 10.601001767580184, "pruning_mse": 2.4497509002685547e-05, "pruning_sqnr_corrected": 8.577006986423047, "pruning_mse_corrected": 3.904104232788086e-05},