{"conv1": {"sample_kurtosis": 5.200988306598703, "quant_sqnr": 10.983224468769011, "quant_mse": 0.0010178026277571917, "quant_sparsity": 0.5967261791229248, "pruning_sqnr": 8.341083342865542, "pruning_mse": 0.0018701553344726562, "pruning_sqnr_corrected": 4.2450020651851315, "pruning_mse_corrected": 0.004802703857421875}, "layer1.0.conv1": {"sample_kurtosis": 12.807801450257223, "quant_sqnr": 9.645192889174975, "quant_mse": 0.0002758931659627706, "quant_sparsity": 0.6793212890625, "pruning_sqnr": 9.717778743467505, "pruning_mse": 0.0002713203430175781, "pruning_sqnr_corrected": 4.8609136962449035, "pruning_mse_corrected": 0.0008301734924316406}, "layer1.0.conv2": {"sample_kurtosis": 39.01853031275764, "quant_sqnr": 7.071073594458577, "quant_mse": 5.0682869186857715e-05, "quant_sparsity": 0.72137451171875, "pruning_sqnr": 10.144744249869875, "pruning_mse": 2.4974346160888672e-05, "pruning_sqnr_corrected": 5.180930827295208, "pruning_mse_corrected": 7.832050323486328e-05}, "layer1.0.conv3": {"sample_kurtosis": 18.210067799572975, "quant_sqnr": 9.299149924977034, "quant_mse": 7.928874401841313e-05, "quant_sparsity": 0.722198486328125, "pruning_sqnr": 10.747535262139262, "pruning_mse": 5.6803226470947266e-05, "pruning_sqnr_corrected": 4.699678283536267, "pruning_mse_corrected": 0.00022864341735839844}, "layer1.0.downsample.0": {"sample_kurtosis": 22.105418270045554, "quant_sqnr": 8.806966684774642, "quant_mse": 0.0003416579565964639, "quant_sparsity": 0.75018310546875, "pruning_sqnr": 11.070185521106904, "pruning_mse": 0.0002028942108154297, "pruning_sqnr_corrected": 4.631485299795376, "pruning_mse_corrected": 0.0008935928344726562}, "layer1.1.conv1": {"sample_kurtosis": 16.704026978774053, "quant_sqnr": 8.82485031084896, "quant_mse": 7.100082439137623e-05, "quant_sparsity": 0.59954833984375, "pruning_sqnr": 8.395425655411671, "pruning_mse": 7.838010787963867e-05, "pruning_sqnr_corrected": 4.755947347581899, "pruning_mse_corrected": 0.0001811981201171875}, "layer1.1.conv2": {"sample_kurtosis": 37.484745721812224, "quant_sqnr": 7.268007256261799, "quant_mse": 4.986711428500712e-05, "quant_sparsity": 0.5183919072151184, "pruning_sqnr": 7.7485304101267545, "pruning_mse": 4.464387893676758e-05, "pruning_sqnr_corrected": 5.209355899943354, "pruning_mse_corrected": 8.0108642578125e-05}, "layer1.1.conv3": {"sample_kurtosis": 15.68936200550748, "quant_sqnr": 9.156108663834548, "quant_mse": 6.433884846046567e-05, "quant_sparsity": 0.66986083984375, "pruning_sqnr": 9.669854387621475, "pruning_mse": 5.716085433959961e-05, "pruning_sqnr_corrected": 4.970176104085209, "pruning_mse_corrected": 0.00016868114471435547}, "layer1.2.conv1": {"sample_kurtosis": 4.294476949382967, "quant_sqnr": 10.832671489467911, "quant_mse": 5.2236475312383845e-05, "quant_sparsity": 0.43939208984375, "pruning_sqnr": 6.435836063882654, "pruning_mse": 0.0001437664031982422, "pruning_sqnr_corrected": 4.260778377826913, "pruning_mse_corrected": 0.0002372264862060547}, "layer1.2.conv2": {"sample_kurtosis": 4.3944514655607945, "quant_sqnr": 10.702488534012819, "quant_mse": 2.8576052500284277e-05, "quant_sparsity": 0.3927341103553772, "pruning_sqnr": 5.917046533438246, "pruning_mse": 8.600950241088867e-05, "pruning_sqnr_corrected": 4.15713728002787, "pruning_mse_corrected": 0.0001289844512939453}, "layer1.2.conv3": {"sample_kurtosis": 8.078497605304133, "quant_sqnr": 10.49560792681578, "quant_mse": 5.479301034938544e-05, "quant_sparsity": 0.620574951171875, "pruning_sqnr": 8.628636881671783, "pruning_mse": 8.422136306762695e-05, "pruning_sqnr_corrected": 4.248462336326449, "pruning_mse_corrected": 0.00023090839385986328}, "layer2.0.conv1": {"sample_kurtosis": 4.036120135128882, "quant_sqnr": 10.843175425046674, "quant_mse": 5.800067447125912e-05, "quant_sparsity": 0.406219482421875, "pruning_sqnr": 6.492246083670851, "pruning_mse": 0.00015795230865478516, "pruning_sqnr_corrected": 4.463355036685044, "pruning_mse_corrected": 0.00025200843811035156}, "layer2.0.conv2": {"sample_kurtosis": 2.6982767834014734, "quant_sqnr": 11.31451197347288, "quant_mse": 1.310574862145586e-05, "quant_sparsity": 0.3789791464805603, "pruning_sqnr": 5.5717897832391605, "pruning_mse": 4.9173831939697266e-05, "pruning_sqnr_corrected": 3.9336729953399634, "pruning_mse_corrected": 7.170438766479492e-05}, "layer2.0.conv3": {"sample_kurtosis": 14.381156232187525, "quant_sqnr": 9.080618891723669, "quant_mse": 5.701106783817522e-05, "quant_sparsity": 0.6148529052734375, "pruning_sqnr": 8.54513699912342, "pruning_mse": 6.449222564697266e-05, "pruning_sqnr_corrected": 4.691155997951494, "pruning_mse_corrected": 0.00015664100646972656}, "layer2.0.downsample.0": {"sample_kurtosis": 40.314772188533105, "quant_sqnr": 7.197314053000756, "quant_mse": 8.064218854997307e-05, "quant_sparsity": 0.7677154541015625, "pruning_sqnr": 10.85345052064656, "pruning_mse": 3.4749507904052734e-05, "pruning_sqnr_corrected": 5.413834393977712, "pruning_mse_corrected": 0.00012159347534179688}, "layer2.1.conv1": {"sample_kurtosis": 22.694666963689016, "quant_sqnr": 8.11355722998115, "quant_mse": 2.4663753720233217e-05, "quant_sparsity": 0.6141204833984375, "pruning_sqnr": 8.953804150362911, "pruning_mse": 2.0325183868408203e-05, "pruning_sqnr_corrected": 5.159127374963734, "pruning_mse_corrected": 4.869699478149414e-05}, "layer2.1.conv2": {"sample_kurtosis": 21.038318681407905, "quant_sqnr": 8.30043610011798, "quant_mse": 1.2755721400026232e-05, "quant_sparsity": 0.6091105341911316, "pruning_sqnr": 8.638033408575064, "pruning_mse": 1.1801719665527344e-05, "pruning_sqnr_corrected": 5.015036884546024, "pruning_mse_corrected": 2.7179718017578125e-05}, "layer2.1.conv3": {"sample_kurtosis": 29.195383667054806, "quant_sqnr": 8.88888454163256, "quant_mse": 2.671290530997794e-05, "quant_sparsity": 0.8069686889648438, "pruning_sqnr": 13.613525274977043, "pruning_mse": 9.000301361083984e-06, "pruning_sqnr_corrected": 4.997271346768006, "pruning_mse_corrected": 6.54458999633789e-05}, "layer2.2.conv1": {"sample_kurtosis": 8.47802837965329, "quant_sqnr": 9.545376502815664, "quant_mse": 3.20852232107427e-05, "quant_sparsity": 0.4626922607421875, "pruning_sqnr": 6.833965494017221, "pruning_mse": 5.990266799926758e-05, "pruning_sqnr_corrected": 4.615477997853658, "pruning_mse_corrected": 9.98377799987793e-05}, "layer2.2.conv2": {"sample_kurtosis": 3.2990968044237663, "quant_sqnr": 10.76558761413018, "quant_mse": 1.1553383046702947e-05, "quant_sparsity": 0.3707868754863739, "pruning_sqnr": 5.793705371156161, "pruning_mse": 3.629922866821289e-05, "pruning_sqnr_corrected": 4.180271261709229, "pruning_mse_corrected": 5.263090133666992e-05}, "layer2.2.conv3": {"sample_kurtosis": 12.059472346292493, "quant_sqnr": 9.120432183509301, "quant_mse": 4.1543375118635595e-05, "quant_sparsity": 0.5255966186523438, "pruning_sqnr": 7.574418106665213, "pruning_mse": 5.930662155151367e-05, "pruning_sqnr_corrected": 4.7514199510993915, "pruning_mse_corrected": 0.00011360645294189453}, "layer2.3.conv1": {"sample_kurtosis": 4.776907559036431, "quant_sqnr": 10.27270870593533, "quant_mse": 2.8525853849714622e-05, "quant_sparsity": 0.4075927734375, "pruning_sqnr": 6.061700644191785, "pruning_mse": 7.522106170654297e-05, "pruning_sqnr_corrected": 4.250606410226524, "pruning_mse_corrected": 0.00011414289474487305}, "layer2.3.conv2": {"sample_kurtosis": 2.8448889495848677, "quant_sqnr": 11.325067467131566, "quant_mse": 1.0552281310083345e-05, "quant_sparsity": 0.3214857280254364, "pruning_sqnr": 5.360958273212058, "pruning_mse": 4.166364669799805e-05, "pruning_sqnr_corrected": 4.0148010242856085, "pruning_mse_corrected": 5.6803226470947266e-05}, "layer2.3.conv3": {"sample_kurtosis": 10.670886736079675, "quant_sqnr": 9.136943784870219, "quant_mse": 3.431845470913686e-05, "quant_sparsity": 0.5367660522460938, "pruning_sqnr": 7.4096117671088955, "pruning_mse": 5.1081180572509766e-05, "pruning_sqnr_corrected": 4.538339105940326, "pruning_mse_corrected": 9.894371032714844e-05},