{"conv1": {"sample_kurtosis": 5.200988306598703, "quant_sqnr": 6.537722196517417, "quant_mse": 0.0028327861800789833, "quant_sparsity": 0.7226828336715698, "pruning_sqnr": 6.117726329550527, "pruning_mse": 0.00312042236328125, "pruning_sqnr_corrected": 2.446309566147376, "pruning_mse_corrected": 0.007266998291015625}, "layer1.0.conv1": {"sample_kurtosis": 12.807801450257223, "quant_sqnr": 6.356654243714591, "quant_mse": 0.0005882945260964334, "quant_sparsity": 0.7957763671875, "pruning_sqnr": 7.516881784839692, "pruning_mse": 0.00045037269592285156, "pruning_sqnr_corrected": 2.929603751333575, "pruning_mse_corrected": 0.0012950897216796875}, "layer1.0.conv2": {"sample_kurtosis": 39.01853031275764, "quant_sqnr": 4.308033620906212, "quant_mse": 9.575582225807011e-05, "quant_sparsity": 0.7902492880821228, "pruning_sqnr": 8.041795352470464, "pruning_mse": 4.0531158447265625e-05, "pruning_sqnr_corrected": 3.7853025461248846, "pruning_mse_corrected": 0.00010800361633300781}, "layer1.0.conv3": {"sample_kurtosis": 18.210067799572975, "quant_sqnr": 5.672369983570249, "quant_mse": 0.00018276352784596384, "quant_sparsity": 0.79095458984375, "pruning_sqnr": 8.115535218693218, "pruning_mse": 0.00010412931442260742, "pruning_sqnr_corrected": 3.1570033814019283, "pruning_mse_corrected": 0.0003261566162109375}, "layer1.0.downsample.0": {"sample_kurtosis": 22.105418270045554, "quant_sqnr": 5.744666154038798, "quant_mse": 0.0006915468256920576, "quant_sparsity": 0.829833984375, "pruning_sqnr": 8.463363143816734, "pruning_mse": 0.00036978721618652344, "pruning_sqnr_corrected": 2.9816755371090906, "pruning_mse_corrected": 0.0013065338134765625}, "layer1.1.conv1": {"sample_kurtosis": 16.704026978774053, "quant_sqnr": 5.251690938010206, "quant_mse": 0.0001616513472981751, "quant_sparsity": 0.72137451171875, "pruning_sqnr": 6.458678791056842, "pruning_mse": 0.00012242794036865234, "pruning_sqnr_corrected": 3.0874413243742134, "pruning_mse_corrected": 0.00026607513427734375}, "layer1.1.conv2": {"sample_kurtosis": 37.484745721812224, "quant_sqnr": 4.58675210376514, "quant_mse": 9.245699038729072e-05, "quant_sparsity": 0.5896742343902588, "pruning_sqnr": 6.163134140292311, "pruning_mse": 6.431341171264648e-05, "pruning_sqnr_corrected": 3.964818277322487, "pruning_mse_corrected": 0.00010669231414794922}, "layer1.1.conv3": {"sample_kurtosis": 15.68936200550748, "quant_sqnr": 5.510949872472053, "quant_mse": 0.00014893239131197333, "quant_sparsity": 0.802459716796875, "pruning_sqnr": 7.490488686793365, "pruning_mse": 9.441375732421875e-05, "pruning_sqnr_corrected": 2.917481930757073, "pruning_mse_corrected": 0.00027060508728027344}, "layer1.2.conv1": {"sample_kurtosis": 4.294476949382967, "quant_sqnr": 6.514907439762831, "quant_mse": 0.00014117255341261625, "quant_sparsity": 0.576202392578125, "pruning_sqnr": 4.804064026223141, "pruning_mse": 0.00020933151245117188, "pruning_sqnr_corrected": 2.688686897374464, "pruning_mse_corrected": 0.0003407001495361328}, "layer1.2.conv2": {"sample_kurtosis": 4.3944514655607945, "quant_sqnr": 6.532476433920821, "quant_mse": 7.464546797564253e-05, "quant_sparsity": 0.54132080078125, "pruning_sqnr": 4.432610610325121, "pruning_mse": 0.00012105703353881836, "pruning_sqnr_corrected": 2.6468222347675248, "pruning_mse_corrected": 0.00018262863159179688}, "layer1.2.conv3": {"sample_kurtosis": 8.078497605304133, "quant_sqnr": 6.362143042323528, "quant_mse": 0.00014192916569299996, "quant_sparsity": 0.74102783203125, "pruning_sqnr": 6.3424467469936365, "pruning_mse": 0.00014257431030273438, "pruning_sqnr_corrected": 2.522818778737852, "pruning_mse_corrected": 0.00034356117248535156}, "layer2.0.conv1": {"sample_kurtosis": 4.036120135128882, "quant_sqnr": 6.561676112801394, "quant_mse": 0.00015544722555205226, "quant_sparsity": 0.55035400390625, "pruning_sqnr": 4.843108659208011, "pruning_mse": 0.00023090839385986328, "pruning_sqnr_corrected": 2.7840089832226056, "pruning_mse_corrected": 0.00037097930908203125}, "layer2.0.conv2": {"sample_kurtosis": 2.6982767834014734, "quant_sqnr": 6.71859696631839, "quant_mse": 3.776185621973127e-05, "quant_sparsity": 0.440765380859375, "pruning_sqnr": 4.136910388118864, "pruning_mse": 6.842613220214844e-05, "pruning_sqnr_corrected": 2.766281988507953, "pruning_mse_corrected": 9.381771087646484e-05}, "layer2.0.conv3": {"sample_kurtosis": 14.381156232187525, "quant_sqnr": 5.478776771611428, "quant_mse": 0.00013066022074781358, "quant_sparsity": 0.6918563842773438, "pruning_sqnr": 6.554909511417923, "pruning_mse": 0.00010198354721069336, "pruning_sqnr_corrected": 3.247854956870798, "pruning_mse_corrected": 0.00021839141845703125}, "layer2.0.downsample.0": {"sample_kurtosis": 40.314772188533105, "quant_sqnr": 4.328061329079212, "quant_mse": 0.00015613043797202408, "quant_sparsity": 0.8403854370117188, "pruning_sqnr": 8.778857532239714, "pruning_mse": 5.602836608886719e-05, "pruning_sqnr_corrected": 3.7913540751637944, "pruning_mse_corrected": 0.0001766681671142578}, "layer2.1.conv1": {"sample_kurtosis": 22.694666963689016, "quant_sqnr": 4.818269634685347, "quant_mse": 5.267298547551036e-05, "quant_sparsity": 0.7948150634765625, "pruning_sqnr": 7.005935370002324, "pruning_mse": 3.1828880310058594e-05, "pruning_sqnr_corrected": 2.987671983058032, "pruning_mse_corrected": 8.028745651245117e-05}, "layer2.1.conv2": {"sample_kurtosis": 21.038318681407905, "quant_sqnr": 4.932777654215183, "quant_mse": 2.7699432394001633e-05, "quant_sparsity": 0.7433726191520691, "pruning_sqnr": 6.775949475102838, "pruning_mse": 1.811981201171875e-05, "pruning_sqnr_corrected": 3.1910906066418256, "pruning_mse_corrected": 4.1365623474121094e-05}, "layer2.1.conv3": {"sample_kurtosis": 29.195383667054806, "quant_sqnr": 5.540331085597351, "quant_mse": 5.775325553258881e-05, "quant_sparsity": 0.871673583984375, "pruning_sqnr": 10.365387917336925, "pruning_mse": 1.901388168334961e-05, "pruning_sqnr_corrected": 3.1553751829819228, "pruning_mse_corrected": 0.00010001659393310547}, "layer2.2.conv1": {"sample_kurtosis": 8.47802837965329, "quant_sqnr": 5.721241683690799, "quant_mse": 7.739600550848991e-05, "quant_sparsity": 0.614044189453125, "pruning_sqnr": 5.262962800647356, "pruning_mse": 8.600950241088867e-05, "pruning_sqnr_corrected": 3.0067181462767563, "pruning_mse_corrected": 0.00014460086822509766}, "layer2.2.conv2": {"sample_kurtosis": 3.2990968044237663, "quant_sqnr": 6.571537748676258, "quant_mse": 3.0346887797350064e-05, "quant_sparsity": 0.5157826542854309, "pruning_sqnr": 4.345689040341988, "pruning_mse": 5.066394805908203e-05, "pruning_sqnr_corrected": 2.6951670110684667, "pruning_mse_corrected": 7.408857345581055e-05}, "layer2.2.conv3": {"sample_kurtosis": 12.059472346292493, "quant_sqnr": 5.5737934652689685, "quant_mse": 9.400818089488894e-05, "quant_sparsity": 0.6738052368164062, "pruning_sqnr": 5.847098328910382, "pruning_mse": 8.827447891235352e-05, "pruning_sqnr_corrected": 2.9981092263361857, "pruning_mse_corrected": 0.00017011165618896484}, "layer2.3.conv1": {"sample_kurtosis": 4.776907559036431, "quant_sqnr": 6.194344882373899, "quant_mse": 7.295835530385375e-05, "quant_sparsity": 0.5617294311523438, "pruning_sqnr": 4.592561529654874, "pruning_mse": 0.0001055002212524414, "pruning_sqnr_corrected": 2.7297996693081847, "pruning_mse_corrected": 0.00016200542449951172}, "layer2.3.conv2": {"sample_kurtosis": 2.8448889495848677, "quant_sqnr": 6.869189283146166, "quant_mse": 2.9439754143822938e-05, "quant_sparsity": 0.4548255205154419, "pruning_sqnr": 3.9649596916405647, "pruning_mse": 5.745887756347656e-05, "pruning_sqnr_corrected": 2.599990718610373, "pruning_mse_corrected": 7.867813110351562e-05}, "layer2.3.conv3": {"sample_kurtosis": 10.670886736079675, "quant_sqnr": 5.523187661168942, "quant_mse": 7.886845560278744e-05, "quant_sparsity": 0.6873092651367188, "pruning_sqnr": 5.694548873216927, "pruning_mse": 7.581710815429688e-05, "pruning_sqnr_corrected": 2.8089353221730953, "pruning_mse_corrected": 0.00014734268188476562},