{"conv1": {"sample_kurtosis": 5.200988306598703, "quant_sqnr": 31.40383319052097, "quant_mse": 9.23852621781407e-06, "quant_sparsity": 0.11298894137144089, "pruning_sqnr": 16.82541132036262, "pruning_mse": 0.0002651214599609375, "pruning_sqnr_corrected": 15.116887119212034, "pruning_mse_corrected": 0.000392913818359375}, "layer1.0.conv1": {"sample_kurtosis": 12.807801450257223, "quant_sqnr": 28.65045665877538, "quant_mse": 3.469082002993673e-06, "quant_sparsity": 0.1837158203125, "pruning_sqnr": 17.485954709631923, "pruning_mse": 4.5359134674072266e-05, "pruning_sqnr_corrected": 15.015808590159587, "pruning_mse_corrected": 8.0108642578125e-05}, "layer1.0.conv2": {"sample_kurtosis": 39.01853031275764, "quant_sqnr": 23.269725790200766, "quant_mse": 1.2161747235950315e-06, "quant_sparsity": 0.3355780839920044, "pruning_sqnr": 18.732604543903456, "pruning_mse": 3.4570693969726562e-06, "pruning_sqnr_corrected": 13.488867180230566, "pruning_mse_corrected": 1.1563301086425781e-05}, "layer1.0.conv3": {"sample_kurtosis": 18.210067799572975, "quant_sqnr": 26.90555356067806, "quant_mse": 1.3758502745986334e-06, "quant_sparsity": 0.4063720703125, "pruning_sqnr": 22.54505877398671, "pruning_mse": 3.7550926208496094e-06, "pruning_sqnr_corrected": 13.826735841371693, "pruning_mse_corrected": 2.7954578399658203e-05}, "layer1.0.downsample.0": {"sample_kurtosis": 22.105418270045554, "quant_sqnr": 26.103808430239418, "quant_mse": 6.366597062879009e-06, "quant_sparsity": 0.34808349609375, "pruning_sqnr": 20.77906719874185, "pruning_mse": 2.1696090698242188e-05, "pruning_sqnr_corrected": 14.755485517532506, "pruning_mse_corrected": 8.684396743774414e-05}, "layer1.1.conv1": {"sample_kurtosis": 16.704026978774053, "quant_sqnr": 25.098293860628278, "quant_mse": 1.6746306528148125e-06, "quant_sparsity": 0.30938720703125, "pruning_sqnr": 17.007897434977593, "pruning_mse": 1.0788440704345703e-05, "pruning_sqnr_corrected": 12.010722895739194, "pruning_mse_corrected": 3.409385681152344e-05}, "layer1.1.conv2": {"sample_kurtosis": 37.484745721812224, "quant_sqnr": 21.425031711723463, "quant_mse": 1.9147487364534754e-06, "quant_sparsity": 0.1954142302274704, "pruning_sqnr": 14.062968100258475, "pruning_mse": 1.043081283569336e-05, "pruning_sqnr_corrected": 11.780431476532033, "pruning_mse_corrected": 1.7642974853515625e-05}, "layer1.1.conv3": {"sample_kurtosis": 15.68936200550748, "quant_sqnr": 25.517947750291214, "quant_mse": 1.486926066718297e-06, "quant_sparsity": 0.25067138671875, "pruning_sqnr": 18.450003249768542, "pruning_mse": 7.569789886474609e-06, "pruning_sqnr_corrected": 14.491169633144075, "pruning_mse_corrected": 1.8835067749023438e-05}, "layer1.2.conv1": {"sample_kurtosis": 4.294476949382967, "quant_sqnr": 28.612862114826065, "quant_mse": 8.70872952418722e-07, "quant_sparsity": 0.120849609375, "pruning_sqnr": 13.124703667624367, "pruning_mse": 3.081560134887695e-05, "pruning_sqnr_corrected": 11.590830955188803, "pruning_mse_corrected": 4.38690185546875e-05}, "layer1.2.conv2": {"sample_kurtosis": 4.3944514655607945, "quant_sqnr": 28.025310085401443, "quant_mse": 5.293221647661994e-07, "quant_sparsity": 0.0884331613779068, "pruning_sqnr": 12.007426313822247, "pruning_mse": 2.1159648895263672e-05, "pruning_sqnr_corrected": 10.977584706619751, "pruning_mse_corrected": 2.682209014892578e-05}, "layer1.2.conv3": {"sample_kurtosis": 8.078497605304133, "quant_sqnr": 26.97043652087457, "quant_mse": 1.2337930002104258e-06, "quant_sparsity": 0.2098388671875, "pruning_sqnr": 18.762852828593303, "pruning_mse": 8.165836334228516e-06, "pruning_sqnr_corrected": 14.789797439596018, "pruning_mse_corrected": 2.0384788513183594e-05}, "layer2.0.conv1": {"sample_kurtosis": 4.036120135128882, "quant_sqnr": 29.49956437536031, "quant_mse": 7.903039431766956e-07, "quant_sparsity": 0.0839080810546875, "pruning_sqnr": 12.950436599145815, "pruning_mse": 3.5703182220458984e-05, "pruning_sqnr_corrected": 11.939486868026865, "pruning_mse_corrected": 4.506111145019531e-05}, "layer2.0.conv2": {"sample_kurtosis": 2.6982767834014734, "quant_sqnr": 29.209889378033466, "quant_mse": 2.1277671180541802e-07, "quant_sparsity": 0.0764533132314682, "pruning_sqnr": 11.555695919110796, "pruning_mse": 1.239776611328125e-05, "pruning_sqnr_corrected": 10.687992102539031, "pruning_mse_corrected": 1.5139579772949219e-05}, "layer2.0.conv3": {"sample_kurtosis": 14.381156232187525, "quant_sqnr": 24.528958853779514, "quant_mse": 1.6260173651971854e-06, "quant_sparsity": 0.26177978515625, "pruning_sqnr": 16.660244895353095, "pruning_mse": 9.953975677490234e-06, "pruning_sqnr_corrected": 12.759571039631572, "pruning_mse_corrected": 2.4437904357910156e-05}, "layer2.0.downsample.0": {"sample_kurtosis": 40.314772188533105, "quant_sqnr": 23.365391605460264, "quant_mse": 1.948742919921642e-06, "quant_sparsity": 0.33606719970703125, "pruning_sqnr": 19.267343207617884, "pruning_mse": 5.0067901611328125e-06, "pruning_sqnr_corrected": 14.13263044003282, "pruning_mse_corrected": 1.633167266845703e-05}, "layer2.1.conv1": {"sample_kurtosis": 22.694666963689016, "quant_sqnr": 24.1114627561008, "quant_mse": 6.198243340804765e-07, "quant_sparsity": 0.2829437255859375, "pruning_sqnr": 16.957410342058203, "pruning_mse": 3.2186508178710938e-06, "pruning_sqnr_corrected": 12.758464496457325, "pruning_mse_corrected": 8.463859558105469e-06}, "layer2.1.conv2": {"sample_kurtosis": 21.038318681407905, "quant_sqnr": 24.35431191859671, "quant_mse": 3.164589941206941e-07, "quant_sparsity": 0.1941002756357193, "pruning_sqnr": 15.806849345022274, "pruning_mse": 2.2649765014648438e-06, "pruning_sqnr_corrected": 13.216194403817823, "pruning_mse_corrected": 4.112720489501953e-06}, "layer2.1.conv3": {"sample_kurtosis": 29.195383667054806, "quant_sqnr": 24.298438152705213, "quant_mse": 7.687157221880625e-07, "quant_sparsity": 0.44428253173828125, "pruning_sqnr": 24.989367896326485, "pruning_mse": 6.556510925292969e-07, "pruning_sqnr_corrected": 16.427023835004324, "pruning_mse_corrected": 4.708766937255859e-06}, "layer2.2.conv1": {"sample_kurtosis": 8.47802837965329, "quant_sqnr": 26.727806723474007, "quant_mse": 6.138496928542736e-07, "quant_sparsity": 0.12944793701171875, "pruning_sqnr": 13.23834775140637, "pruning_mse": 1.3709068298339844e-05, "pruning_sqnr_corrected": 11.65734617382511, "pruning_mse_corrected": 1.9729137420654297e-05}, "layer2.2.conv2": {"sample_kurtosis": 3.2990968044237663, "quant_sqnr": 28.221466785590383, "quant_mse": 2.075492915309951e-07, "quant_sparsity": 0.0858730748295784, "pruning_sqnr": 11.792963989308927, "pruning_mse": 9.119510650634766e-06, "pruning_sqnr_corrected": 10.806866010449419, "pruning_mse_corrected": 1.1444091796875e-05}, "layer2.2.conv3": {"sample_kurtosis": 12.059472346292493, "quant_sqnr": 24.432667961144787, "quant_mse": 1.2225825685163727e-06, "quant_sparsity": 0.1403045654296875, "pruning_sqnr": 14.20811140261316, "pruning_mse": 1.2874603271484375e-05, "pruning_sqnr_corrected": 12.501149130923409, "pruning_mse_corrected": 1.9073486328125e-05}, "layer2.3.conv1": {"sample_kurtosis": 4.776907559036431, "quant_sqnr": 27.816959292581437, "quant_mse": 5.021270226279739e-07, "quant_sparsity": 0.079437255859375, "pruning_sqnr": 12.075423367088902, "pruning_mse": 1.8835067749023438e-05, "pruning_sqnr_corrected": 11.161648123007948, "pruning_mse_corrected": 2.3245811462402344e-05}, "layer2.3.conv2": {"sample_kurtosis": 2.8448889495848677, "quant_sqnr": 29.442172657387022, "quant_mse": 1.627930430458946e-07, "quant_sparsity": 0.0708075612783432, "pruning_sqnr": 11.228944281977027, "pruning_mse": 1.0788440704345703e-05, "pruning_sqnr_corrected": 10.421165094622824, "pruning_mse_corrected": 1.2993812561035156e-05}, "layer2.3.conv3": {"sample_kurtosis": 10.670886736079675, "quant_sqnr": 25.191399616968887, "quant_mse": 8.512990348208405e-07, "quant_sparsity": 0.11434173583984375, "pruning_sqnr": 13.929086313863602, "pruning_mse": 1.138448715209961e-05, "pruning_sqnr_corrected": 12.556407073143422,