{"conv1": {"sample_kurtosis": 5.200988306598703, "quant_sqnr": 15.53715672380009, "quant_mse": 0.00035667308839038014, "quant_sparsity": 0.44972363114356995, "pruning_sqnr": 10.434417848112858, "pruning_mse": 0.0011548995971679688, "pruning_sqnr_corrected": 6.579432595628267, "pruning_mse_corrected": 0.0028057098388671875}, "layer1.0.conv1": {"sample_kurtosis": 12.807801450257223, "quant_sqnr": 13.217254186187336, "quant_mse": 0.00012120898463763297, "quant_sparsity": 0.533447265625, "pruning_sqnr": 11.754401427689466, "pruning_mse": 0.0001697540283203125, "pruning_sqnr_corrected": 7.2063808937245675, "pruning_mse_corrected": 0.0004837512969970703}, "layer1.0.conv2": {"sample_kurtosis": 39.01853031275764, "quant_sqnr": 10.242622951964904, "quant_mse": 2.4417784516117536e-05, "quant_sparsity": 0.6323310136795044, "pruning_sqnr": 12.167326994635248, "pruning_mse": 1.5676021575927734e-05, "pruning_sqnr_corrected": 6.838960049091907, "pruning_mse_corrected": 5.346536636352539e-05}, "layer1.0.conv3": {"sample_kurtosis": 18.210067799572975, "quant_sqnr": 12.99090733561435, "quant_mse": 3.388720870134421e-05, "quant_sparsity": 0.63421630859375, "pruning_sqnr": 13.4035588375831, "pruning_mse": 3.081560134887695e-05, "pruning_sqnr_corrected": 6.629113197488735, "pruning_mse_corrected": 0.00014662742614746094}, "layer1.0.downsample.0": {"sample_kurtosis": 22.105418270045554, "quant_sqnr": 12.110665387606609, "quant_mse": 0.00015966939099598676, "quant_sparsity": 0.6536865234375, "pruning_sqnr": 13.456455488117951, "pruning_mse": 0.00011712312698364258, "pruning_sqnr_corrected": 6.703384018028487, "pruning_mse_corrected": 0.0005545616149902344}, "layer1.1.conv1": {"sample_kurtosis": 16.704026978774053, "quant_sqnr": 12.370586654612435, "quant_mse": 3.138266038149595e-05, "quant_sparsity": 0.50164794921875, "pruning_sqnr": 10.316116094172514, "pruning_mse": 5.036592483520508e-05, "pruning_sqnr_corrected": 6.446010979977903, "pruning_mse_corrected": 0.0001227855682373047}, "layer1.1.conv2": {"sample_kurtosis": 37.484745721812224, "quant_sqnr": 10.05198141834709, "quant_mse": 2.626738387334626e-05, "quant_sparsity": 0.4611274003982544, "pruning_sqnr": 9.267009361783296, "pruning_mse": 3.147125244140625e-05, "pruning_sqnr_corrected": 6.420139057893972, "pruning_mse_corrected": 6.0617923736572266e-05}, "layer1.1.conv3": {"sample_kurtosis": 15.68936200550748, "quant_sqnr": 12.855242779230114, "quant_mse": 2.745110759860836e-05, "quant_sparsity": 0.563934326171875, "pruning_sqnr": 11.794267198566729, "pruning_mse": 3.504753112792969e-05, "pruning_sqnr_corrected": 6.901667632087348, "pruning_mse_corrected": 0.0001081228256225586}, "layer1.2.conv1": {"sample_kurtosis": 4.294476949382967, "quant_sqnr": 15.124601162670317, "quant_mse": 1.944378891494125e-05, "quant_sparsity": 0.318023681640625, "pruning_sqnr": 8.027246367533817, "pruning_mse": 9.965896606445312e-05, "pruning_sqnr_corrected": 5.997750846118677, "pruning_mse_corrected": 0.0001590251922607422}, "layer1.2.conv2": {"sample_kurtosis": 4.3944514655607945, "quant_sqnr": 14.777375004306595, "quant_mse": 1.1181848094565794e-05, "quant_sparsity": 0.270317941904068, "pruning_sqnr": 7.364504456793951, "pruning_mse": 6.16312026977539e-05, "pruning_sqnr_corrected": 5.798298334089368, "pruning_mse_corrected": 8.83936882019043e-05}, "layer1.2.conv3": {"sample_kurtosis": 8.078497605304133, "quant_sqnr": 14.343581074606393, "quant_mse": 2.2590604203287512e-05, "quant_sparsity": 0.52587890625, "pruning_sqnr": 10.949755132308567, "pruning_mse": 4.935264587402344e-05, "pruning_sqnr_corrected": 6.095421486704193, "pruning_mse_corrected": 0.00015091896057128906}, "layer2.0.conv1": {"sample_kurtosis": 4.036120135128882, "quant_sqnr": 15.215613898584134, "quant_mse": 2.1192841813899577e-05, "quant_sparsity": 0.300262451171875, "pruning_sqnr": 8.078887530658157, "pruning_mse": 0.00010961294174194336, "pruning_sqnr_corrected": 6.17016513525265, "pruning_mse_corrected": 0.00017011165618896484}, "layer2.0.conv2": {"sample_kurtosis": 2.6982767834014734, "quant_sqnr": 15.704984597118267, "quant_mse": 4.768859980686102e-06, "quant_sparsity": 0.2443762868642807, "pruning_sqnr": 6.991159611452915, "pruning_mse": 3.546476364135742e-05, "pruning_sqnr_corrected": 5.603490251134227, "pruning_mse_corrected": 4.881620407104492e-05}, "layer2.0.conv3": {"sample_kurtosis": 14.381156232187525, "quant_sqnr": 12.743107674281626, "quant_mse": 2.4530720111215487e-05, "quant_sparsity": 0.50006103515625, "pruning_sqnr": 10.473814902280376, "pruning_mse": 4.1365623474121094e-05, "pruning_sqnr_corrected": 6.552372003417581, "pruning_mse_corrected": 0.00010204315185546875}, "layer2.0.downsample.0": {"sample_kurtosis": 40.314772188533105, "quant_sqnr": 10.40961178379289, "quant_mse": 3.8488637073896825e-05, "quant_sparsity": 0.6699752807617188, "pruning_sqnr": 12.839872406646096, "pruning_mse": 2.199411392211914e-05, "pruning_sqnr_corrected": 7.200369152180528, "pruning_mse_corrected": 8.058547973632812e-05}, "layer2.1.conv1": {"sample_kurtosis": 22.694666963689016, "quant_sqnr": 11.500453929722703, "quant_mse": 1.1307575732644182e-05, "quant_sparsity": 0.53485107421875, "pruning_sqnr": 10.817818195781502, "pruning_mse": 1.3232231140136719e-05, "pruning_sqnr_corrected": 6.714986857829408, "pruning_mse_corrected": 3.403425216674805e-05}, "layer2.1.conv2": {"sample_kurtosis": 21.038318681407905, "quant_sqnr": 11.811513504421715, "quant_mse": 5.683256858901586e-06, "quant_sparsity": 0.5124647617340088, "pruning_sqnr": 10.366168901519517, "pruning_mse": 7.927417755126953e-06, "pruning_sqnr_corrected": 6.677081420922, "pruning_mse_corrected": 1.8537044525146484e-05}, "layer2.1.conv3": {"sample_kurtosis": 29.195383667054806, "quant_sqnr": 12.328355914116788, "quant_mse": 1.209968286275398e-05, "quant_sparsity": 0.7489089965820312, "pruning_sqnr": 16.770066146704178, "pruning_mse": 4.351139068603516e-06, "pruning_sqnr_corrected": 6.823942100714446, "pruning_mse_corrected": 4.297494888305664e-05}, "layer2.2.conv1": {"sample_kurtosis": 8.47802837965329, "quant_sqnr": 13.506291723202006, "quant_mse": 1.288883140659891e-05, "quant_sparsity": 0.35807037353515625, "pruning_sqnr": 8.355293534684607, "pruning_mse": 4.220008850097656e-05, "pruning_sqnr_corrected": 6.16634999476158, "pruning_mse_corrected": 6.985664367675781e-05}, "layer2.2.conv2": {"sample_kurtosis": 3.2990968044237663, "quant_sqnr": 14.85933545872934, "quant_mse": 4.5012629925622605e-06, "quant_sparsity": 0.2553219199180603, "pruning_sqnr": 7.215233095063701, "pruning_mse": 2.6166439056396484e-05, "pruning_sqnr_corrected": 5.765273552300764, "pruning_mse_corrected": 3.653764724731445e-05}, "layer2.2.conv3": {"sample_kurtosis": 12.059472346292493, "quant_sqnr": 12.750349324508647, "quant_mse": 1.8009848645306192e-05, "quant_sparsity": 0.37713623046875, "pruning_sqnr": 9.208441877307141, "pruning_mse": 4.07099723815918e-05, "pruning_sqnr_corrected": 6.714040905456738, "pruning_mse_corrected": 7.230043411254883e-05}, "layer2.3.conv1": {"sample_kurtosis": 4.776907559036431, "quant_sqnr": 14.451897486194326, "quant_mse": 1.0897321772063151e-05, "quant_sparsity": 0.27809906005859375, "pruning_sqnr": 7.491435708062088, "pruning_mse": 5.412101745605469e-05, "pruning_sqnr_corrected": 5.899581236715297, "pruning_mse_corrected": 7.808208465576172e-05}, "layer2.3.conv2": {"sample_kurtosis": 2.8448889495848677, "quant_sqnr": 15.620952328825233, "quant_mse": 3.9242609091161285e-06, "quant_sparsity": 0.2185736745595932, "pruning_sqnr": 6.738552207301285, "pruning_mse": 3.0338764190673828e-05, "pruning_sqnr_corrected": 5.53203730013062, "pruning_mse_corrected": 4.00543212890625e-05}, "layer2.3.conv3": {"sample_kurtosis": 10.670886736079675, "quant_sqnr": 12.969942657167925, "quant_mse": 1.4198021744959988e-05, "quant_sparsity": 0.38271331787109375, "pruning_sqnr": 9.01620291911168, "pruning_mse": 3.528594970703125e-05, "pruning_sqnr_corrected": 6.5192625881636745, "pruning_mse_corrected": 6.270408630371094e-05},