{"conv1": {"sample_kurtosis": 5.200988306598703, "quant_sqnr": 25.780004867858338, "quant_mse": 3.3727606933098286e-05, "quant_sparsity": 0.19823554158210754, "pruning_sqnr": 14.669073719297627, "pruning_mse": 0.0004355907440185547, "pruning_sqnr_corrected": 12.119783601832577, "pruning_mse_corrected": 0.0007834434509277344}, "layer1.0.conv1": {"sample_kurtosis": 12.807801450257223, "quant_sqnr": 22.911401477911163, "quant_mse": 1.3005291293666232e-05, "quant_sparsity": 0.27587890625, "pruning_sqnr": 15.547982731150736, "pruning_mse": 7.086992263793945e-05, "pruning_sqnr_corrected": 12.418789261632487, "pruning_mse_corrected": 0.0001456737518310547}, "layer1.0.conv2": {"sample_kurtosis": 39.01853031275764, "quant_sqnr": 18.447256016694496, "quant_mse": 3.691840674946434e-06, "quant_sparsity": 0.4276123046875, "pruning_sqnr": 16.410532533557326, "pruning_mse": 5.900859832763672e-06, "pruning_sqnr_corrected": 11.026623418971477, "pruning_mse_corrected": 2.0384788513183594e-05}, "layer1.0.conv3": {"sample_kurtosis": 18.210067799572975, "quant_sqnr": 21.66728974078202, "quant_mse": 4.596185590344248e-06, "quant_sparsity": 0.469879150390625, "pruning_sqnr": 19.17125859695846, "pruning_mse": 8.165836334228516e-06, "pruning_sqnr_corrected": 11.223885561632477, "pruning_mse_corrected": 5.0902366638183594e-05}, "layer1.0.downsample.0": {"sample_kurtosis": 22.105418270045554, "quant_sqnr": 20.94567565154271, "quant_mse": 2.0879526346107014e-05, "quant_sparsity": 0.42901611328125, "pruning_sqnr": 18.135819857554175, "pruning_mse": 3.987550735473633e-05, "pruning_sqnr_corrected": 12.108733094944519, "pruning_mse_corrected": 0.00015974044799804688}, "layer1.1.conv1": {"sample_kurtosis": 16.704026978774053, "quant_sqnr": 20.25329989469713, "quant_mse": 5.1099709708068985e-06, "quant_sparsity": 0.3614501953125, "pruning_sqnr": 14.56041198382511, "pruning_mse": 1.895427703857422e-05, "pruning_sqnr_corrected": 9.989499413939454, "pruning_mse_corrected": 5.429983139038086e-05}, "layer1.1.conv2": {"sample_kurtosis": 37.484745721812224, "quant_sqnr": 17.13707273797272, "quant_mse": 5.139344011695357e-06, "quant_sparsity": 0.272026926279068, "pruning_sqnr": 12.377151527489117, "pruning_mse": 1.537799835205078e-05, "pruning_sqnr_corrected": 9.82816878157261, "pruning_mse_corrected": 2.765655517578125e-05}, "layer1.1.conv3": {"sample_kurtosis": 15.68936200550748, "quant_sqnr": 20.644726075192388, "quant_mse": 4.566795269056456e-06, "quant_sparsity": 0.34503173828125, "pruning_sqnr": 16.16365586017206, "pruning_mse": 1.2814998626708984e-05, "pruning_sqnr_corrected": 11.649004666600762, "pruning_mse_corrected": 3.62396240234375e-05}, "layer1.2.conv1": {"sample_kurtosis": 4.294476949382967, "quant_sqnr": 23.97658487754918, "quant_mse": 2.532692860768293e-06, "quant_sparsity": 0.16265869140625, "pruning_sqnr": 11.321991477984357, "pruning_mse": 4.667043685913086e-05, "pruning_sqnr_corrected": 9.682948059465499, "pruning_mse_corrected": 6.80685043334961e-05}, "layer1.2.conv2": {"sample_kurtosis": 4.3944514655607945, "quant_sqnr": 23.405746377987143, "quant_mse": 1.5334741192418733e-06, "quant_sparsity": 0.1285468190908432, "pruning_sqnr": 10.366412246920857, "pruning_mse": 3.0875205993652344e-05, "pruning_sqnr_corrected": 9.1718660978084, "pruning_mse_corrected": 4.0650367736816406e-05}, "layer1.2.conv3": {"sample_kurtosis": 8.078497605304133, "quant_sqnr": 22.489582921667473, "quant_mse": 3.462004769971827e-06, "quant_sparsity": 0.308563232421875, "pruning_sqnr": 16.04765884703887, "pruning_mse": 1.52587890625e-05, "pruning_sqnr_corrected": 11.304813120608564, "pruning_mse_corrected": 4.547834396362305e-05}, "layer2.0.conv1": {"sample_kurtosis": 4.036120135128882, "quant_sqnr": 24.391344289508123, "quant_mse": 2.562218469392974e-06, "quant_sparsity": 0.1274566650390625, "pruning_sqnr": 11.255272116060677, "pruning_mse": 5.27501106262207e-05, "pruning_sqnr_corrected": 10.024326156961381, "pruning_mse_corrected": 7.003545761108398e-05}, "layer2.0.conv2": {"sample_kurtosis": 2.6982767834014734, "quant_sqnr": 24.50466482930183, "quant_mse": 6.287044698183308e-07, "quant_sparsity": 0.1127912774682045, "pruning_sqnr": 9.950664312799978, "pruning_mse": 1.7940998077392578e-05, "pruning_sqnr_corrected": 8.915695639621324, "pruning_mse_corrected": 2.276897430419922e-05}, "layer2.0.conv3": {"sample_kurtosis": 14.381156232187525, "quant_sqnr": 20.4592607212957, "quant_mse": 4.150448148720898e-06, "quant_sparsity": 0.31122589111328125, "pruning_sqnr": 14.46261191618444, "pruning_mse": 1.6510486602783203e-05, "pruning_sqnr_corrected": 10.731632123586255, "pruning_mse_corrected": 3.898143768310547e-05}, "layer2.0.downsample.0": {"sample_kurtosis": 40.314772188533105, "quant_sqnr": 18.490910578489853, "quant_mse": 5.986908945487812e-06, "quant_sparsity": 0.4368743896484375, "pruning_sqnr": 16.987252624406135, "pruning_mse": 8.463859558105469e-06, "pruning_sqnr_corrected": 11.608175267951564, "pruning_mse_corrected": 2.9206275939941406e-05}, "layer2.1.conv1": {"sample_kurtosis": 22.694666963689016, "quant_sqnr": 19.37211331847178, "quant_mse": 1.8458804333931766e-06, "quant_sparsity": 0.34952545166015625, "pruning_sqnr": 14.73892284589464, "pruning_mse": 5.364418029785156e-06, "pruning_sqnr_corrected": 10.645228141366445, "pruning_mse_corrected": 1.3768672943115234e-05}, "layer2.1.conv2": {"sample_kurtosis": 21.038318681407905, "quant_sqnr": 19.77877487723841, "quant_mse": 9.075512252820772e-07, "quant_sparsity": 0.2788374125957489, "pruning_sqnr": 13.896165194768933, "pruning_mse": 3.516674041748047e-06, "pruning_sqnr_corrected": 10.960105418921188, "pruning_mse_corrected": 6.9141387939453125e-06}, "layer2.1.conv3": {"sample_kurtosis": 29.195383667054806, "quant_sqnr": 19.79429108349112, "quant_mse": 2.1686050786229316e-06, "quant_sparsity": 0.5672531127929688, "pruning_sqnr": 22.392994791268922, "pruning_mse": 1.1920928955078125e-06, "pruning_sqnr_corrected": 12.328334368776607, "pruning_mse_corrected": 1.2099742889404297e-05}, "layer2.2.conv1": {"sample_kurtosis": 8.47802837965329, "quant_sqnr": 21.97868613944663, "quant_mse": 1.8322051573704812e-06, "quant_sparsity": 0.18189239501953125, "pruning_sqnr": 11.502684911154592, "pruning_mse": 2.0444393157958984e-05, "pruning_sqnr_corrected": 9.754452460464137, "pruning_mse_corrected": 3.057718276977539e-05}, "layer2.2.conv2": {"sample_kurtosis": 3.2990968044237663, "quant_sqnr": 23.592818777633447, "quant_mse": 6.02540239924565e-07, "quant_sparsity": 0.1249643936753273, "pruning_sqnr": 10.17634855297853, "pruning_mse": 1.3232231140136719e-05, "pruning_sqnr_corrected": 9.030899869919436, "pruning_mse_corrected": 1.722574234008789e-05}, "layer2.2.conv3": {"sample_kurtosis": 12.059472346292493, "quant_sqnr": 20.335912602137892, "quant_mse": 3.140174158033915e-06, "quant_sparsity": 0.2019195556640625, "pruning_sqnr": 12.47409019716416, "pruning_mse": 1.919269561767578e-05, "pruning_sqnr_corrected": 10.485471090754878, "pruning_mse_corrected": 3.0338764190673828e-05}, "layer2.3.conv1": {"sample_kurtosis": 4.776907559036431, "quant_sqnr": 23.35351375236793, "quant_mse": 1.4033246316103032e-06, "quant_sparsity": 0.11688995361328125, "pruning_sqnr": 10.454167337900328, "pruning_mse": 2.7358531951904297e-05, "pruning_sqnr_corrected": 9.385913180796795, "pruning_mse_corrected": 3.49879264831543e-05}, "layer2.3.conv2": {"sample_kurtosis": 2.8448889495848677, "quant_sqnr": 24.579047080224832, "quant_mse": 4.98825215800025e-07, "quant_sparsity": 0.1049414724111557, "pruning_sqnr": 9.639324957286062, "pruning_mse": 1.5556812286376953e-05, "pruning_sqnr_corrected": 8.686896420880128, "pruning_mse_corrected": 1.9371509552001953e-05}, "layer2.3.conv3": {"sample_kurtosis": 10.670886736079675, "quant_sqnr": 21.14727870035134, "quant_mse": 2.1602013475785498e-06, "quant_sparsity": 0.17343902587890625, "pruning_sqnr": 12.221555631097976, "pruning_mse": 1.6868114471435547e-05, "pruning_sqnr_corrected": 10.538059436603302,